frequency_hz,stock_mean_db,baseline_repeatability_db,stock_after_delta_db,pk_1000_plus12_q1_expected_db,pk_1000_plus12_q1_measured_raw_db,pk_1000_plus12_q1_measured_normalized_db,pk_1000_plus12_q1_error_db,pk_4000_minus12_q1_expected_db,pk_4000_minus12_q1_measured_raw_db,pk_4000_minus12_q1_measured_normalized_db,pk_4000_minus12_q1_error_db,three_band_100p9_1000m9_6000p9_expected_db,three_band_100p9_1000m9_6000p9_measured_raw_db,three_band_100p9_1000m9_6000p9_measured_normalized_db,three_band_100p9_1000m9_6000p9_error_db
22.0,18.95852810623331,-0.010185101134762675,-0.010849582353056775,0.0004886057105659663,0.003716772030703197,0.007058823514903783,0.0065702178043378166,-2.9235950554041092e-05,0.008633096078192182,0.006562204671387226,0.006591440621941266,0.032089724663877786,0.032532681479722214,0.05422755191283543,0.022137827248957645
22.301276318811666,18.99147275998401,-0.005367273649625304,-0.005973183099019508,0.0005020797022362916,0.002717000870127606,0.006059052354328192,0.005556972652091901,-3.004216956889298e-05,0.006327925422237257,0.004257034015432301,0.004287076185001194,0.0329757815655058,0.023983115069501793,0.04567798550261501,0.012702203937109212
22.606678429454096,18.99147275998401,-0.005367273649625304,-0.005973183099019508,0.0005159252541177003,0.002717000870127606,0.006059052354328192,0.005543127100210492,-3.087062110576258e-05,0.006327925422237257,0.004257034015432301,0.004287904636538064,0.033886336281971796,0.023983115069501793,0.04567798550261501,0.011791649220643213
22.91626283208068,19.06684523730094,-0.004215881991324721,-0.0069204430335751965,0.0005301526121941264,0.006870840544223711,0.010212892028424297,0.009682739416230171,-3.172191826372391e-05,-0.0028205671136163346,-0.004891458520421291,-0.004859736602157567,0.03482206793056804,0.01783034611855072,0.03952521655166394,0.004703148621095901
23.230086800579315,19.06684523730094,-0.004215881991324721,-0.0069204430335751965,0.0005447723049981317,0.006870840544223711,0.010212892028424297,0.009668119723426166,-3.259669103445606e-05,-0.0028205671136163346,-0.004891458520421291,-0.004858861829386834,0.035783674512837566,0.01783034611855072,0.03952521655166394,0.003741542038826373
23.548208393168135,19.14084314180527,0.005699623838715695,-0.00918456467281814,0.0005597951516863684,-0.004059968698310712,-0.0007179172141101257,-0.001277712365796494,-3.349558678250518e-05,-0.01813619014679091,-0.020207081553595865,-0.02017358596681336,0.03677187354226986,0.019572175595300223,0.04126704602841344,0.004495172486143582
23.87068646313649,19.14084314180527,0.005699623838715695,-0.00918456467281814,0.0005752322695110053,-0.004059968698310712,-0.0007179172141101257,-0.001293149483621131,-3.441927073711995e-05,-0.01813619014679091,-0.020207081553595865,-0.020172662282858744,0.03778740248544206,0.019572175595300223,0.04126704602841344,0.0034796435429713807
24.197580669732915,19.161755832490137,0.0014833420864768243,-0.0004316624096922794,0.0005910950822742781,0.007938481134814879,0.011280532619015465,0.010689437536741188,-3.536842646865928e-05,0.00762362283129292,0.005552731424487964,0.005588099850956623,0.0388310194154429,0.022420315346494135,0.04411518577960735,0.005284166364164455
24.528951489202257,19.161755832490137,0.0014833420864768243,-0.0004316624096922794,0.000607395329060292,0.007938481134814879,0.011280532619015465,0.010673137289955174,-3.634375638043088e-05,0.00762362283129292,0.005552731424487964,0.005589075180868395,0.03990350353966528,0.022420315346494135,0.04411518577960735,0.0042116822399420745
24.86486022597392,19.161755832490137,0.0014833420864768243,-0.0004316624096922794,0.0006241450722412202,0.007938481134814879,0.011280532619015465,0.010656387546774245,-3.734598227767812e-05,0.00762362283129292,0.005552731424487964,0.005590077406765642,0.041005655807687606,0.022420315346494135,0.04411518577960735,0.003109529971919746
25.20536902400338,19.208682442951194,-0.0007468885115322621,-0.005848408688866158,0.000641356707104886,0.00022474241910686032,0.0035667939033074466,0.0029254371962025606,-3.8375845822777545e-05,0.009737770341864405,0.0076668789350594485,0.007705254780882226,0.04213829954050993,0.028386661201775354,0.05008153163488857,0.007943232094378638
25.5505408782689,19.208682442951194,-0.0007468885115322621,-0.005848408688866158,0.0006590429708087549,0.00022474241910686032,0.0035667939033074466,0.0029077509324986917,-3.943410919005494e-05,0.009737770341864405,0.0076668789350594485,0.007706313044249504,0.04330228103293559,0.028386661201775354,0.05008153163488857,0.006779250601952981
25.900439646425806,19.260624419357548,-0.005533115332045924,-0.008520775834739425,0.0006772169515705715,-0.008916527289585474,-0.005574475805384888,-0.00625169275695546,-4.052155552966579e-05,-0.008979216440366145,-0.0110501078471711,-0.011009586291641435,0.04449847023533605,0.03848958157401228,0.060184452007125494,0.015685981771789446
26.255130060620306,19.260624419357548,-0.005533115332045924,-0.008520775834739425,0.0006958920984003155,-0.008916527289585474,-0.005574475805384888,-0.006270367903785204,-4.163898958769949e-05,-0.008979216440366145,-0.0110501078471711,-0.0110084688575834,0.045727761409779855,0.03848958157401228,0.060184452007125494,0.01445669059734564
26.61467773946509,19.28755728022766,0.0029191592711619307,-0.006762578391619201,0.0007150822314987899,-0.00892406444414462,-0.005582012959944033,-0.0062970951914428225,-4.278723832435731e-05,-0.006160909430754202,-0.008231800837559158,-0.0081890135992348,0.046991073805028094,0.04646090601336539,0.0681557764464786,0.02116470264145051
26.979149200178938,19.28755728022766,0.0029191592711619307,-0.006762578391619201,0.0007348015520094945,-0.00892406444414462,-0.005582012959944033,-0.006316814511953528,-4.39671514945237e-05,-0.006160909430754202,-0.008231800837559158,-0.008187833686064634,0.048289352378562626,0.04646090601336539,0.0681557764464786,0.01986642406791598
27.348611870892608,19.321620411179374,0.0020239624886251306,-0.012458067436160292,0.0007550646525720605,0.0016513450733697255,0.004993396557570312,0.004238331904998251,-4.517960228137832e-05,0.0013048682194423122,-0.0007660231873626439,-0.0007208435850812655,0.04962356853481276,0.04933114467322852,0.07102601510634174,0.021402446571528976
27.723134103123137,19.321620411179374,0.0020239624886251306,-0.012458067436160292,0.0007758865283917766,0.0016513450733697255,0.004993396557570312,0.004217510029178535,-4.6425487957012134e-05,0.0013048682194423122,-0.0007660231873626439,-0.0007195976994056317,0.050994720838046764,0.04933114467322852,0.07102601510634174,0.020031294268294975
28.1027851844191,19.37112813193118,0.005483923204653962,-0.013933005776355145,0.0007972825878744269,0.005092003896770336,0.008434055380970923,0.007636772793096496,-4.770573051893791e-05,0.002730403804036996,0.0006595123972320399,0.0007072181277509778,0.05240383583761412,0.051038618052430706,0.07273348848554392,0.020329652647929804
28.487635351178962,19.39779202688624,0.02281835816241795,-0.021476902849851598,0.000819268664845516,0.0035682426106689036,0.00691029409486949,0.006091025430023974,-4.902127742014396e-05,0.0004342484220565268,-0.0016366429847484293,-0.0015876217073282854,0.05385196880835142,0.05592867796974943,0.07762354840286265,0.023771579594511226
28.877755801644962,19.432574345786406,0.011132825289461579,-0.013563822899847366,0.0008418610291795545,0.007072031546289992,0.010414083030490578,0.009572222001311024,-5.037310220078907e-05,0.006720106136366866,0.00464921472956191,0.0046995878317626985,0.05534020459810992,0.0547215800760128,0.07641645050912602,0.021076245911016096
29.273218709075053,19.47479965886867,0.016663462871690626,-0.00793010198174926,0.0008650763997638136,-0.008021025390370085,-0.004678973906169498,-0.005544050305933312,-5.176220529155192e-05,-0.00269015352236579,-0.004761044929170746,-0.004709282723879194,0.05686965848196536,0.04825613351467695,0.06995100394779016,0.013081345465824804
29.674097235095008,19.489153603795724,0.018411148780877795,-0.007638709055505899,0.0008889319562808797,-0.0001220669359831561,0.00321998454821743,0.0023310525919365502,-5.318961466558381e-05,-0.007220724926956024,-0.00929161633376098,-0.009238426719095395,0.05844147697387037,0.05013217108851009,0.07182704152162331,0.013385564547752936
30.080465543233597,19.502128286009807,0.022730114389442946,-0.006600505372706067,0.0009134453523343253,0.003216245564001241,0.006558297048201827,0.005644851695867502,-5.4656386687188854e-05,-0.0018367575441260442,-0.003907648950931,-0.0038529925642438114,0.06005683879231191,0.056204512691714115,0.07789938312482733,0.01784254433251542
30.492398812642993,19.522541947367912,-0.001962081158357165,-0.006436045193833451,0.0009386347281606069,-0.001770823826621637,0.0015712276575789493,0.0006325929294183424,-5.616360682357289e-05,-0.007318936110792151,-0.009389827517597107,-0.009333663910773534,0.06171695569373096,0.05127341256122975,0.07296828299434296,0.011251327300612006
30.909973252007102,19.54879905962435,-0.005324353349937638,0.0018393568495795876,0.0009645187244351819,-0.00042177754322381134,0.002920273940976775,0.001955755216541593,-5.771239048099538e-05,-0.0010060029254077563,-0.0030768943322127124,-0.003019181941731717,0.063423073503261,0.05390051899663462,0.07559538942974783,0.012172315926486835
31.333266113640352,19.551765077351558,0.0002174538311408014,-8.858767483843621e-05,0.00099111649555095,0.006342390825462729,0.009684442309663316,0.008693325814112366,-5.930388383513969e-05,-0.0003535135343391005,-0.0024244049411440566,-0.002365101057308917,0.06517647300741575,0.04936326653247036,0.07105813696558358,0.005881663958167832
31.762355707779626,19.55600284618194,-0.004571611917359775,-0.0014357357048773167,0.001018447724212552,0.011857595604546134,0.01519964708874672,0.014181199364534169,-6.0939264645094244e-05,0.0036407186731395313,0.0015698272663345753,0.0016307665309796696,0.06697847102284009,0.060765028780423336,0.08245989921353655,0.015481428190696464
32.19732141707175,19.566653894623848,0.014927363782213376,-0.0028981875599143336,0.0010465326360119581,0.005378717262242816,0.008720768746443402,0.0076742361104314444,-6.261974317341519e-05,0.0059410851741361625,0.0038701937673312065,0.0039328135105046215,0.068830421370884,0.06135015647728892,0.08304502691040214,0.01421460553951813
32.63824371125954,19.585320529204374,-0.0014011677028520353,0.003078355051965076,0.0010753920140508524,0.0013404031199542032,0.0046824546041547895,0.0036070625901039374,-6.434656303579785e-05,-0.0003682001443010563,-0.0024390915511060124,-0.0023747449880702144,0.0707337159707894,0.0632969514642383,0.08499182189735152,0.014258105926562126
33.085204162068926,19.60596277323512,-0.0088756382366455,-0.003439373356979303,0.001105047214637575,0.004194352099990084,0.00753640358419067,0.006431356369553096,-6.612100216936659e-05,0.00010207518595350962,-0.0019688162208514465,-0.0019026952186820799,0.0726897859144626,0.06661717844805537,0.08831204888116859,0.015622262966705991
33.538285458299846,19.625925040270914,0.005322702270657231,-0.011012061369481074,0.0011355201828609906,0.004566438444548737,0.007908489928749323,0.006772969745888333,-6.794437373250264e-05,-0.0015875185771001554,-0.0036584099839051115,-0.0035904656101726088,0.07470010261252236,0.06186976337496475,0.08356463380807796,0.008864531195555608
33.99757142112401,19.62665123571104,0.005174193006759253,-0.009951260005557572,0.0011668334690034718,0.010001883868010708,0.013343935352211294,0.012177101883207822,-6.981802708953937e-05,-0.0020346182138695212,-0.004105509620674477,-0.004035691593584938,0.07676617892808385,0.06712352889028139,0.08881839932339461,0.012052220395310759
34.46314701959187,19.624320993545847,0.005087553714638204,-0.006989088518505326,0.0011990102452722267,0.008491698468358067,0.011833749952558653,0.010634739707286426,-7.174334882632256e-05,0.0009042805200856208,-0.0011666108867193353,-0.0010948675378930127,0.07888957037291794,0.0640077969708237,0.08570266740393692,0.006813097031018983
34.93509838635224,19.630557756112587,0.010221181479774799,-0.009013048454345807,0.0012320743225924032,0.00974934531993199,0.013091396804132576,0.011859322481540173,-7.372176375902706e-05,-0.002204363516657537,-0.004275254923462493,-0.004201533159703466,0.08107187634414847,0.06146582872617046,0.08316069915928367,0.0020888228151351995
35.41351283358695,19.630557756112587,0.010221181479774799,-0.009013048454345807,0.0012660501685880397,0.00974934531993199,0.013091396804132576,0.011825346635544538,-7.575473601337696e-05,-0.002204363516657537,-0.004275254923462493,-0.004199500187449116,0.08331474140353834,0.06146582872617046,0.08316069915928367,-0.00015404224425466517
35.8984788691639,19.646528698120612,-0.006708049495841806,-0.0040156065739473945,0.0013009629257769112,0.0056191183433966785,0.008961169827597265,0.007660206901820354,-7.784377007301446e-05,-0.0006720061974903047,-0.0027428976042952607,-0.002665053834222246,0.08561985651982187,0.06507095218174541,0.08676582261485863,0.0011459660950367545
36.390086213011166,19.6787529801628,-0.00952197690964951,-0.011340971522159293,0.0013368384294739264,-0.007538805094174705,-0.004196753609974119,-0.005533592039448046,-7.999041190213042e-05,-0.009944279271444145,-0.012015170678249101,-0.01193518026634697,0.08798896049195529,0.08161284595746565,0.10330771639057887,0.015318755898623582
36.8884258137155,19.6787529801628,-0.00952197690964951,-0.011340971522159293,0.0013737032278365532,-0.007538805094174705,-0.004196753609974119,-0.005570456837810672,-8.219625011149844e-05,-0.009944279271444145,-0.012015170678249101,-0.011932974428137602,0.09042384125271596,0.08161284595746565,0.10330771639057887,0.012883875137862905
37.393589865347934,19.69053201077815,-6.573527727482542e-05,0.015491895888740004,0.00141158460087033,0.0008362620943032084,0.004178313578503795,0.0027667289776334646,-8.446291712066025e-05,-0.0012124504928756608,-0.003283341899680617,-0.0031988789825599566,0.09292633735594535,0.09507783388204416,0.11677270431515738,0.023846366959212023
37.90567182452,19.706978798595557,-0.0031159795443436167,0.019552750784484374,0.0014505105809050596,0.016633877409077513,0.0199759288932781,0.018525418312373042,-8.679209035387222e-05,-0.002704813072941903,-0.004775704479746859,-0.0046889123893929865,0.09549833938600814,0.08848715014143238,0.1101820205745456,0.014683681188537454
38.42476642767339,19.706978798595557,-0.0031159795443436167,0.019552750784484374,0.0014905099729988502,0.016633877409077513,0.0199759288932781,0.018485418920279252,-8.918549349970774e-05,-0.002704813072941903,-0.004775704479746859,-0.004686518986247151,0.09814179150889935,0.08848715014143238,0.1101820205745456,0.012040229065646252
38.95096970860644,19.715363453643057,-0.0121351719786702,0.0076034989897699745,0.0015316123767006797,0.008970326079701607,0.012312377563902193,0.010780765187201514,-9.164489778417084e-05,0.0012780867088011405,-0.0007928046980038156,-0.0007011598002196447,0.10085869301656453,0.08512857153529296,0.10682344196840618,0.005964748951841653
39.48437901624071,19.724558787881165,-0.03146057679084535,-0.0012394993562772072,0.0015738482077404924,0.013430227192444022,0.01677227867664461,0.015198430468904118,-9.417212327178622e-05,-0.002744904772590928,-0.004815796179395884,-0.004721624056124098,0.10365109990588631,0.0746276667856165,0.09632253721872971,-0.007328562687156592
40.02509303263061,19.729693863049892,-0.014686692213025765,-0.007785701885346441,0.0016172487203755686,0.0074456572764241,0.010787708760624687,0.009170460040249118,-9.676904020141726e-05,-0.012671746378501325,-0.014742637785306281,-0.014645868745104864,0.10652112655811138,0.08510480345821847,0.10679967389133169,0.00027854733322030256
40.57321179121995,19.734727723095247,-0.013775078777751304,0.005285792837366188,0.0016618460308345634,0.010478735772963432,0.013820787257164019,0.012158941226329455,-9.943757041563662e-05,-0.00044682420789854405,-0.0025177156147035,-0.0024182780442878636,0.10947094742791133,0.08849909555873126,0.11019396599184447,0.0007230185639331421
41.128836695348355,19.73575913430274,-0.013120234913898798,0.0048467739302644475,0.0017076731407811019,0.01279025659797739,0.016132308082177978,0.014424634941396876,-0.00010217968873899998,0.004416001263223279,0.002345109856418323,0.002447289545157323,0.11250279879974844,0.10082243150824155,0.12251730194135477,0.010014503141606332
41.692070537011126,19.763933824479366,-0.013312929080186109,0.010557141521527313,0.0017547639618939268,0.013763835462910379,0.017105886947110967,0.01535112298521704,-0.00010499742444890969,0.0021743523793631425,0.00010346097255818643,0.0002084583970070961,0.11561898060426125,0.10374077141636207,0.12543564184947528,0.009816661245214034
42.263017515875994,19.80453895931894,-0.007357198071190396,-0.004079961448592684,0.0018031533410793766,-0.010094689193081763,-0.0067526377088811766,-0.008555791049960553,-0.00010789286279567413,-0.010526424177975002,-0.012597315584779958,-0.012489422721984285,0.11882185823198645,0.09788371477109337,0.11957858520420658,0.000756726972220137
42.84178325856035,19.81515958016988,-0.0007430698751349496,-0.004648851060892412,0.0018528770856757954,-0.011091849654807362,-0.007749798170606776,-0.009602675256282571,-0.00011086814652161759,-0.01785234053113882,-0.019923231937943778,-0.01981236379142216,0.12211386452119928,0.08855068219160245,0.11024555262471566,-0.011868311896483616
43.42847483817246,19.822623133015696,-0.0012867132693621386,0.0012700433203001182,0.0019039719908960486,0.005836475305656563,0.00917852678985715,0.007274554798961101,-0.00011392547746410392,0.00396229749969379,0.0018914060928888338,0.0020053315703529376,0.1254975016781616,0.10193774607996176,0.12363261651307497,-0.0018648851650866216
44.02320079412018,19.832636290131937,-0.0010467556077458084,-0.004147752908803426,0.0019564758661083786,0.009168583457139334,0.01251063494133992,0.010554159075231542,-0.00011706711817400617,0.010980170462811856,0.0089092790560069,0.009026346174180905,0.12897534334728875,0.10665267169230219,0.1283475421254154,-0.0006278012218733364
44.62607115219107,19.849320377636204,0.0011921665017560201,-0.014001932968273678,0.002010427563302784,0.0011020472308302942,0.0044440987150308805,0.0024336711517280963,-0.00012029539359976937,0.0018050414812726956,-0.0002658499255322605,-0.00014555453193249113,0.1325500367095658,0.10074726388281974,0.12244213431593295,-0.01010790239363285
45.2371974449074,19.841449795303095,-0.0055563310116113485,-0.002352641015377799,0.002065867005960921,0.005356508433290941,0.008698559917491527,0.006632692911530606,-0.00012361269279849343,0.0038198651397074457,0.0017489737329024896,0.001872586425700983,0.13622430462036392,0.1145294341872507,0.13622430462036392,0.0
45.85669273216005,19.84367059017403,-0.003896178445476295,-0.006714155637915553,0.002122835218155712,-0.0018760888847708657,0.0014659625994297206,-0.0006568726187259912,-0.00012702147072129018,-0.0025770753638028054,-0.0046479667706077615,-0.004520945299886472,0.14000094787490167,0.10866308745322328,0.1303579578863365,-0.009642989988565165
46.484671622124736,19.846313885087714,-0.0055729246533928745,0.0014038236870348442,0.00218137435516068,-0.0020519478606324526,0.0012901036235681337,-0.0008912707315925465,-0.00013052424998998235,-0.0022762691274920144,-0.0043471605342969705,-0.004216636284306988,0.14388284750480546,0.1242697878227581,0.14596465825587132,0.0020818107510658657
47.12125029246487,19.848079215523736,0.000855175070903158,-0.0011144615131826185,0.0022415277346007046,-0.0036469837579744535,-0.00030493227377386724,-0.002546460008374572,-0.00013412362282040434,-0.005578493758822134,-0.00764938516562709,-0.0075152615428066855,0.1478729671152619,0.12739274722464344,0.14908761765775666,0.0012146505424947551
47.76654651182474,19.846935189363094,0.006033136149497409,0.0013503952913147543,0.002303339868529492,0.005030370972971099,0.008372422457171685,0.006069082588642193,-0.0001378222528917233,0.003626358250258477,0.0015554668434535207,0.001693289096345244,0.1519743553881313,0.1277995211001972,0.14949439153331043,-0.0024799638548208824
48.420679661616965,19.867892731050553,0.0017206693675859697,-0.0046882053186720896,0.0023668564962964936,0.0005245542197016562,0.0038666057039022424,0.0014997492076057489,-0.00014162287734982855,-0.005834786719915996,-0.007905678126720952,-0.007764055249371124,0.15619014856649613,0.12615165155911967,0.1478465219922329,-0.008343626574263241
49.08377075810838,19.84775311492803,0.010183649587133914,0.006132847234294303,0.0024321246183744843,0.016397151043076263,0.01973920252727685,0.017307077908902367,-0.0001455283088078538,0.01907321353466429,0.017002322127859334,0.017147850436667188,0.1605235730685799,0.13389921370943014,0.15559408414254336,-0.004929488926036535
49.7559424748083,19.86093842425628,0.004608820171675632,0.007828366908654516,0.002499192531313203,0.007438826224333894,0.01078087770853448,0.008281685177221278,-0.0001495414374518402,0.000482483825113178,-0.001588407581691778,-0.001438866144239938,0.1649779481693775,0.14036827952020303,0.16206314995331625,-0.0029147982160612484
50.437319165163544,19.88827508627143,-0.0038601033826566322,0.0025560621968949704,0.00256810986308208,-0.00042597370962127457,0.0029160777745793117,0.00034796791149723167,-0.00015366523316764433,-0.0018019112017064742,-0.0038728026085114303,-0.003719137375343786,0.16955668877271646,0.13475641981255038,0.1564512902456636,-0.013105398527052864
51.12802688556399,19.899377058255453,-0.003562689356343185,-0.003849437267401612,0.00263892761019369,-0.00037707836781208925,0.002964973116388497,0.00032604550619480706,-0.00015790274772284387,-0.0048750555750416424,-0.0069459469818465985,-0.006788044234123754,0.17426330827045672,0.14149241540141588,0.1631872858345291,-0.011076022435927618
51.82819341866339,19.890493887616636,-0.005305882459676781,0.006145565923727503,0.002711698175213415,0.0005884110295184541,0.00393046251371904,0.0012187643385056252,-0.00016225711706632605,-0.0024498354232704855,-0.004520726830075442,-0.0043584697130091155,0.17910142144844168,0.15241313341670093,0.17410800384981415,-0.004993417598627536
52.53794829701946,19.90013145750087,0.000979489147169943,-0.00472626876722515,0.0027864754054511224,-0.005028928289860346,-0.0016868768056597597,-0.004473352211110882,-0.00016673156359801547,-0.005304719644890099,-0.007375611051695055,-0.00720887948809704,0.1840747476069944,0.15130868547221965,0.17300355590533287,-0.011071191701661542
53.257422827057816,19.9013765501902,0.0032327000450926846,-0.005971361456555968,0.002863314633106155,-0.006274020979191164,-0.0029319694949905776,-0.005795284128096732,-0.0001713293986064339,-0.005193723359447233,-0.007264614766252189,-0.007093285367645755,0.18918711360985035,0.1564086907279858,0.17810356116109902,-0.011083552448751338
53.98675011336384,19.902705290445454,0.009242599951971187,-0.0028606384169158616,0.0029422727157680057,-0.008056818572740099,-0.0047147670885395124,-0.007657039804307518,-0.00017605402466386728,-0.00429475420463632,-0.006365645611441276,-0.006189591586777408,0.1944424571592333,0.16006563382283545,0.18176050425594867,-0.012681952903284638
54.72606508330747,19.90472742134199,0.001305214079252437,0.00029272887724474117,0.003023408078851141,-0.005515167255772724,-0.0021731157715721375,-0.0051965238504232784,-0.00018090893820479824,-0.001459448376486705,-0.003530339783291661,-0.003349430845086863,0.19984483012780688,0.15874196927185125,0.18043683970496446,-0.019407990422842414
55.475504512005045,19.923638157182687,-0.01207750883432368,0.0021899733535342136,0.0031067807585674267,0.0017744740581591145,0.005116525542359701,0.002009744783792274,-0.00018589773204362773,-0.0023955792301713075,-0.0044664706369762636,-0.004280572904932636,0.20539840201998905,0.16181280530384612,0.18350767573695934,-0.02189072628302971
56.23520704762309,19.931859974023695,0.005594767368076958,-0.0018424576960853756,0.0031924524464978367,0.009203749181487808,0.012545800665688394,0.009353348219190557,-0.0001910240981045976,-0.0017624749029359066,-0.0038333663097408627,-0.003642342211636265,0.21110746346341577,0.1726838200424794,0.1943786904755926,-0.01672877298782316
57.005313237028545,19.955822298876804,-0.004570862165635958,-0.010178159760588557,0.0032804865350262264,-0.00994708528702759,-0.006605033802827004,-0.00988552033785323,-0.00019629183009872147,-0.016874187814234887,-0.018945079221039843,-0.018748787390941123,0.21697642995696928,0.16788882218638435,0.18958369261949756,-0.027392737337471718
57.78596555179025,19.954280406342576,-0.00953609436440317,-0.006049275820842581,0.00337094816460225,-0.00243809026069286,0.0009039612235077262,-0.002466986941094524,-0.0002017048263753126,-0.01320635775963197,-0.015277249166436926,-0.015075544340061614,0.22300984558463322,0.18584714053967488,0.2075420109727881,-0.015467834611845116
58.577308414536674,19.95824054054331,-0.00940734549865141,-0.00038951246541785167,0.0034639042713269282,-0.0007539142419297207,0.0025881372422708656,-0.0008757670290560626,-0.00020726709275620644,-0.0013717611372392469,-0.003442652544044203,-0.0032353854512879965,0.2292123869678767,0.19774516381938767,0.2194400342525009,-0.009772352715375826
59.37948822567429,19.95920634836805,-0.005888681737030055,0.010279502599409795,0.003559423637040492,0.0020773798543274324,0.005419431338528019,0.0018600077014875268,-0.00021298274554651451,-0.0010980703090837096,-0.0031689617158886657,-0.002955978970342151,0.23558886726174527,0.1970165004346569,0.21871137086777012,-0.01687749639397515
60.1926533904721,19.9685105823213,-0.004728219422361235,0.004327672765974455,0.003657576939948997,-0.007226854098924207,-0.0038848026147236207,-0.007542379554672618,-0.00021885601456858217,-0.005920483406946175,-0.007991374813751131,-0.007772518799182549,0.24214424035083826,0.2004978350351223,0.22219270546823552,-0.019951534882602734
61.01695434651699,19.966703521867192,0.009105665261252227,0.0030189056806513292,0.0037584368067739584,0.004232149547402031,0.007574201031602617,0.003815764224828659,-0.00022489124626447662,0.00477326260408617,0.0027023711972812142,0.002927262443545691,0.2488836051128242,0.20256738202192182,0.22426225245503503,-0.02462135265778917
61.8525435915451,19.98485331398725,0.005557773346826167,-0.0006578799628691456,0.003862077866691963,0.021634174225567904,0.02497622570976849,0.02111414784307653,-0.0002310929069547662,0.007522602354946173,0.005451710948141217,0.005682803855095983,0.25581220986334213,0.23597995338939626,0.2576748238225095,0.0018626139591673696
62.69957571165415,19.990659252388376,0.008915090170447115,0.006862832216189219,0.003968576806436672,0.0016344965164449832,0.0049765480006455694,0.001007971194208897,-0.00023746558611858427,0.004684034876248688,0.002613143469443732,0.0028506090555623165,0.26293545693984344,0.22922943633224335,0.2509243067653566,-0.01201115017448684
63.55820740990236,19.975273950524823,0.0009572186620196987,0.0041665335337874865,0.00407801242704986,-0.0007039833519399963,0.00263806813226059,-0.0014399442947892697,-0.00024401399978852439,-0.003745395469721302,-0.005816286876526258,-0.005572272876737734,0.2702589074204665,0.23516514377913467,0.2568600142122479,-0.013398893208218576
64.4285975352989,19.980297596844288,0.010600620233606861,0.0020057996522488963,0.0041904657019583725,0.005628052882464374,0.00897010436666496,0.004779638664706588,-0.0002507429940507273,-0.008342891021115406,-0.010413782427920362,-0.010163039433869635,0.2777882859975046,0.24306576345479414,0.2647606338879074,-0.01302765210959722
65.31090711219133,19.9823571601046,0.013946110920755928,0.0009598437666333837,0.004306019837220169,0.00766851185409223,0.011010563338292817,0.006704543501072647,-0.000257657548620269,-0.005487732603398854,-0.00755862401020381,-0.007300966461583541,0.28552948603019107,0.24141856565166364,0.2631134360847769,-0.022416049945414185
66.20529937005551,19.98101286592952,0.009559960147313973,0.0029806841509021353,0.004424760332793015,0.0014822454095479998,0.004824296893748586,0.00039953656095557087,-0.00026476278055550227,-9.764678262413895e-05,-0.002168538189429095,-0.0019037754088735929,0.29348857474425233,0.2450585899969724,0.26675346043008563,-0.026735114314166697
67.11193977369342,20.000381199104687,0.0008809269815230891,-0.007586591753476313,0.004546775045772957,-0.008726569192170075,-0.005384517707969489,-0.009931292753742445,-0.00027206394800238375,-0.012898857849634737,-0.014969749256439693,-0.014697685308437309,0.3016717985938835,0.2485878980934899,0.27028276852660316,-0.03138903006728033
68.03099605384475,20.0047156516778,0.006682762211013937,-0.0003705797683686285,0.004672154255512423,0.0076018807288917856,0.010943932213092372,0.006271777957579949,-0.0002795664540989807,0.0019176620651428777,-0.00015322934166207836,0.00012633711243690237,0.3100855887994177,0.25055248664527596,0.2722473570783892,-0.037838231721028515
68.96263823821717,20.000102434288557,-0.0065440935993343885,-0.009937213020617008,0.004800990730221259,0.005718619672911984,0.00906067115711257,0.004259680426891311,-0.0002872758510054456,0.009551410110837821,0.007480518704032865,0.007767794555038311,0.3187365671138833,0.26694297050640614,0.2886378409395194,-0.030098726174363932
69.90703868294219,19.998553114236287,0.00459128797445274,-0.006251068355819456,0.004933379795766172,0.013634150533519573,0.01697620201772016,0.01204282222195399,-0.0002951978439774932,-0.003479308425134775,-0.005550199831939731,-0.005255001987962238,0.3276315517132422,0.2785643221181715,0.30025919255128475,-0.02737235916195746
70.86437210446135,20.009063800512855,0.007952956458620264,0.007238154969499533,0.005069419405714638,0.010868861211417169,0.014210912695617755,0.009141493289903118,-0.00030333829558753866,0.011366059089183977,0.009295167682379021,0.00959850597796656,0.3367775632944597,0.28832268676480055,0.3100175571979138,-0.026760006096545885
71.8348156118492,20.007398257665393,0.004850599811511813,-0.000307388528238306,0.005209210214547143,0.005303374949235717,0.008645426433436304,0.003436216218889161,-0.00031170323009060806,-0.0037381147865787057,-0.005809006193383662,-0.005497302963293054,0.34618183140856634,0.29103639505889944,0.3127312654920127,-0.033450565916553654
72.81854873957887,20.01389658438123,0.0041081098338899835,-0.004701321724827068,0.005352855651238939,0.006776578967269131,0.010118630451469717,0.004765774800230779,-0.0003202988378530589,-0.004936367429365873,-0.007007258836170829,-0.006686959998317771,0.3558518009782772,0.3026297408379435,0.3243246112710567,-0.03152718970722046
73.81575348073653,20.02375707908844,0.013414605762900322,0.0005057598015518749,0.005500461996249088,0.015402613666708476,0.018744665150909064,0.013244203154659975,-0.00032913147996466245,0.004564676152742919,0.002493784745937963,0.0028229162259026256,0.3657951390134507,0.30897152220691027,0.3306663926400235,-0.03512874637342717
74.82661432069044,20.01602777109214,-0.0012759371201376268,-0.006321974981673861,0.005652138460050709,0.012460256008413495,0.015802307492614083,0.010150169032563374,-0.0003382076929077239,0.007298434713689517,0.005227543306884561,0.005565750999792285,0.37601974156905477,0.3104402423716266,0.33213511280473984,-0.043884628764314926
75.85131827122127,20.02023685239064,0.003538949961551907,-0.005300571559946121,0.005807997263651282,0.010835685022222208,0.014177736506422794,0.008369739242771512,-0.0003475341934307957,0.004146756243613936,0.00207586483680898,0.0024233990302397757,0.3865337409455918,0.3198054706548632,0.34150034108797644,-0.04503339985761534
76.89005490511973,20.02402040012671,0.0,-0.012318880594062165,0.005968153721752105,0.00701250494844885,0.010354556432649436,0.004386402710897332,-0.00035711788349487557,-0.0014519888487356525,-0.0035228802555406086,-0.003165762372045733,0.3973455130663701,0.32665652461698613,0.3483513950500994,-0.04899411801627074
77.94301639125798,20.020897866888763,-0.012020090402963035,-0.00435895608813297,0.006132726328104926,0.008325085647715724,0.01166713713191631,0.005534410803811385,-0.00036696585538756863,0.009845861138835232,0.007774969732030276,0.008141935587417845,0.4084636851677894,0.3479485468159673,0.36964341724908056,-0.03882026791870885
79.01039753014139,20.033398850939157,-0.01178212746432905,-0.007022932611668864,0.006301836842714334,0.0035953092890999017,0.006937360773300488,0.000635523930586154,-0.000377085396983045,-0.0023107844370500175,-0.0043816758438549736,-0.004004590446871929,0.41989714370325526,0.3535423837072571,0.37523725414037035,-0.044659889562884914
80.09239578994719,20.049009181143184,0.003816534129128968,-0.00583356574246352,0.006475610382378691,0.003776968300751804,0.00711901978495239,0.0006434094025736994,-0.0003874839971130825,-0.006019497010395725,-0.00809038841720068,-0.007702904420087598,0.4316550425047841,0.3574896215787362,0.37918449201184945,-0.05247055049293464
81.1892113430564,20.042754204631127,0.006882159293233769,-0.0019683024963406126,0.00665417551272802,0.0054543406904628,0.008796392174663386,0.0021422166619353665,-0.0003981693511311794,-0.0002573079362555575,-0.0023281993430605136,-0.0019300299919293342,0.44374681123917953,0.36676995385754907,0.3884648242906623,-0.055281986948517214
82.30104710308629,20.036512604065827,0.005751717997650729,-0.0037354890846152955,0.006837664343565515,0.007498421067943184,0.01084047255214377,0.004002808208578255,-0.00040914936658584527,-0.00522559710753967,-0.007296488514344626,-0.006887339147758781,0.45618216409586126,0.38742090325989054,0.4091157736930038,-0.04706639040285748
83.4281087624301,20.037844353164324,-0.006542398418559969,-0.014327163254133524,0.007026212626451263,0.011801937544408503,0.015143989028609089,0.008117776402157826,-0.0004204321691053074,-0.005190011216996027,-0.007260902623800983,-0.006840470454695676,0.4689711088029441,0.3944884636756747,0.41618333410878794,-0.052787774694156187
84.5706048303103,20.037898055652853,-0.0032150009622107234,-0.007011597668626024,0.0072199598547888376,0.016976362356594166,0.020318413840794754,0.013098453986005915,-0.0004320261083663466,-0.006407989594329422,-0.008478881001134378,-0.00804685489276803,0.48212395590456236,0.404952496380794,0.42664736681390725,-0.055476589090655115
85.72874667135359,20.040033756994006,0.0037540522006089816,-0.0019694482874150765,0.007419049367509516,0.008495783867445539,0.011837835351646125,0.004418785984136609,-0.00044393976430736124,-0.008757504374791836,-0.010828395781596792,-0.01038445601728943,0.49565132838131515,0.4201142812203358,0.44180915165344903,-0.05384217672786612
86.90274854469375,20.046937202973453,0.0038351229228972272,-0.006752350400429208,0.007623628454463661,0.006178886863871469,0.009520938348072055,0.0018973098936083945,-0.0004561819534535546,-0.005602784796842286,-0.007673676203647242,-0.0072174942501936875,0.5095641715158096,0.41681062907300515,0.4385054995061184,-0.07105867200969118
88.09282764361019,20.033193920482645,-0.002867099189725053,-0.0070363090455920485,0.007833848465552122,0.01304934965158111,0.0163914011357817,0.008557552670229576,-0.00046876173547094987,0.004924655976232373,0.0028537645694274166,0.0033225263048983667,0.523873763147077,0.43520581464343167,0.4569006850765449,-0.0669730780705321
89.29920413570918,20.042745631635878,0.003654488931964295,-0.004264736932253044,0.008049864922564303,0.004784900925763225,0.008126952409963811,7.70874873995079e-05,-0.0004816884198450942,-0.0017155009657301434,-0.0037863923725350995,-0.0033047039526900054,0.5385917242051511,0.4558201044143537,0.47751497484746697,-0.061076749357684146
90.52210120365547,20.04650530590139,0.0036255823046786873,-0.0007657553869755418,0.008271837634084489,0.013845705876626369,0.017187757360826957,0.008915919726742468,-0.000494971572776085,-0.0003068999345501311,-0.002377791341355087,-0.001882819768579002,0.5537300296143779,0.46819231834980357,0.4898871887829168,-0.06384284083146108
91.76174508646154,20.053304020384047,-0.008183418348107097,0.0009859583805145178,0.008499930813696733,0.013689424704153907,0.017031476188354495,0.008531545374657763,-0.0005086210242735407,0.014462895106589713,0.012392003699784757,0.012900624724058297,0.5693010195369199,0.4862076489637275,0.5079025193968407,-0.06139850014007919
93.01836512134263,20.05864317228347,-0.008281007876441038,-0.004353193518909393,0.00873431320120192,0.0061270226721781285,0.009469074156378715,0.0007347609551767945,-0.0005226468753917424,0.008387712967927285,0.006316821561122329,0.006839468436514072,0.585317410925963,0.49921909832253775,0.520913968755651,-0.06440344217031202
94.29219378614435,20.053869879076334,-0.007051700963536689,0.004919341104194785,0.008975158187350351,0.01084314867181746,0.014185200156018046,0.005210041968667695,-0.0005370595057563733,0.01147216394279127,0.009401272535986313,0.009938332041742687,0.6017923095745067,0.5204371172193376,0.5421319876524509,-0.05966032192205584
95.58346674235186,20.06035784229801,-0.002958739246068376,0.003955755180776066,0.009222643942120797,0.0028598131078396705,0.006201864592040257,-0.0030207793500805404,-0.0005518695811977158,0.004586770767858184,0.0025158793610532276,0.0030677489422509434,0.6187392223588299,0.5249120731595838,0.546606943592697,-0.07213227876613293
96.89242287868792,20.0698674240382,0.0026793978979391397,0.0005454655001670972,0.009476953546081539,0.0013132660504453497,0.004655317534645936,-0.004821636011435603,-0.0005670880616899523,0.005820771162227345,0.003749879755422389,0.004316967817112341,0.636172070037837,0.526851316511113,0.5485461869442263,-0.08762588309361075
98.21930435530768,20.058409028812278,0.0020557759177179946,0.003988808821386414,0.009738275126166079,0.01649202602810007,0.01983407751230066,0.01009580238613458,-0.0005827262094114335,0.0035838362124991363,0.0015129448056941802,0.0020956710151056137,0.6541052003092594,0.5699212509382505,0.5916161213713638,-0.06248907893789568
99.56435664859904,20.04973606971448,0.00297349384438661,0.009242130285269212,0.010006801994080609,0.021225607691118142,0.02456765917531873,0.014560857181238122,-0.000598795597117848,0.015393441665782603,0.013322550258977647,0.013921345856095495,0.6725534013766243,0.588565324987087,0.6102601954202003,-0.06229320595642407
100.92782859659641,20.06231210607625,-0.003965244611794816,-0.004558320969263008,0.010282732789572936,0.02374896748386135,0.027091018968061938,0.016808286178489,-0.0006153081166894481,0.0036857821131270896,0.0016148907063221335,0.0022301988230115817,0.6915319158406654,0.5854283896021499,0.6071232600352632,-0.08440865580540224
102.30997244501631,20.06189053384203,-0.002545895029051337,-4.092600399019375e-06,0.01056627162702384,0.02635762928216323,0.02969968076636382,0.01913340913933998,-0.0006322759879343316,0.004272651530282445,0.002201760123477489,0.0028340361114118206,0.7110564550593633,0.5926578925951986,0.6143527630283119,-0.09670369203105145
103.71104389392349,20.063996354810808,-0.0031001098756959777,-0.006789117120096222,0.010857628246289355,0.009872157835761897,0.013214209319962483,0.0023565810736731283,-0.0006497117676285174,-0.002725657485871835,-0.004796548892676791,-0.004146837125048274,0.731143213939567,0.607817467506333,0.6295123379394463,-0.10163087600012077
105.13130214503607,20.081417697904826,0.00851916756176152,0.002896595789270151,0.011157018167435112,0.008188556130697577,0.011530607614898164,0.00037358944746305155,-0.0006676283588121345,-0.0031977060908445765,-0.0052685974976495326,-0.004600969138837398,0.7518088860992261,0.6330243254186314,0.6547191958517447,-0.09708969024748149
106.57100994967841,20.06414562168532,0.00612173551594708,0.003914126731700662,0.011464662850513571,0.020691484002583138,0.024033535486783726,0.012568872636270155,-0.0006860390203253609,-0.002760937404410413,-0.004831828811215369,-0.004145789790890008,0.7730706795438249,0.6543894923939568,0.6760843628270701,-0.09698631671675484
108.03043365739119,20.063789241005132,0.00836541987253625,0.008418166448127096,0.011780789858344791,0.022102601374264452,0.02544465285846504,0.01366386300012025,-0.0007049573766526157,0.002185162376271421,0.00011427096946646509,0.0008192283461190807,0.794946332734531,0.6599949848858238,0.681689855318937,-0.11325647741559397
109.50984326520606,20.075014431648903,-0.01046334019841666,0.000278869281231664,0.012105633025498006,0.016698111738559618,0.020040163222760206,0.0079345301972622,-0.0007243974279593121,6.166048616051967e-05,-0.0020092309206444364,-0.0012848334926851245,0.8174541311170738,0.6839440031817787,0.705638873614892,-0.1118152575021818
111.00951246759624,20.085923514145218,-0.006694085308090791,0.00044549201727761556,0.01243943263014507,0.007800880442065505,0.011142931926266092,-0.0012965007038789784,-0.0007443735604812994,-0.006042237936963346,-0.008113129343768302,-0.007368755783287002,0.8406129241249681,0.6957064397283119,0.7174013101614252,-0.12321161396354297
112.52971870711059,20.10245656965716,-0.009485686102799207,-0.003788947794085118,0.012782435572062758,0.01209008201005446,0.015432133494255046,0.0026496979221922873,-0.0007649005571734842,-0.009247280074603736,-0.011318171481408693,-0.01055327092423521,0.8644421425817261,0.7200364189867337,0.7417312894198469,-0.12271085316187924
114.07074322570108,20.10214001514037,0.0047876387016785316,-0.007501315537840725,0.013134895554967656,0.018426111198472483,0.02176816268267307,0.008633267127705416,-0.0007859936086311748,-0.005664411680182724,-0.00773530308698768,-0.006949309478356505,0.8889618166042533,0.7293882829995724,0.7510831534326856,-0.13787866317156772
115.63287111675338,20.099461552079273,0.013133694638646887,-0.006644423490456575,0.013497073273554948,0.02090386152021395,0.02424591300441454,0.010748839730859591,-0.0008076683243256581,0.0014690472866938364,-0.0006018441201111197,0.00020582420421453847,0.914192593921288,0.7554954825545117,0.777190352987625,-0.1370022409336631
117.21639137782972,20.098472631433403,-0.005615806744035723,-0.005374197608098541,0.013869236606360684,0.013008434639274924,0.016350486123475512,0.002481249517114828,-0.0008299407441916731,-0.007552184072064705,-0.009623075478869661,-0.008793134734677988,0.9401557586743691,0.7642566998322806,0.7859515702653939,-0.1542041884089752
118.8215969641343,20.11018361678591,0.0036653125391374886,0.0004940795539063458,0.014251660813315092,0.0008955240233134987,0.004237575507514085,-0.010014085305801007,-0.000852827350472309,0.001152915823240619,-0.0009179755835643372,-6.514823309202822e-05,0.9668732506171316,0.801430175323965,0.8231250457570782,-0.14374820486005335
120.44878484271058,20.10295329638646,0.0018470099625673697,-0.011748769366445089,0.014644628739031924,0.005730259841477903,0.009072311325678489,-0.005572317413353435,-0.0008763450798898579,-0.005301559919921317,-0.007372451326726273,-0.006496106246836416,0.9943676847487299,0.8310449808206037,0.852739851253717,-0.14162783349501296
122.09825604738107,20.096943591404006,0.011962074281530732,-0.005446469085047312,0.01504843102171089,0.004901039747629454,0.00824309123183004,-0.006805339789880849,-0.0009005113362333273,-0.004143324809170679,-0.006214216215975635,-0.0053137048797423075,1.022662371391764,0.8576757078696211,0.8793705783027344,-0.14329179308902962
123.77031573443924,20.094018396268826,0.004380957273475872,0.003297028960652426,0.015463366307858665,0.021178921476487034,0.02452097296068762,0.009057606652828957,-0.0009253440032006496,-0.008632894555670845,-0.0107037859624758,-0.009778441959275151,1.0517813366480095,0.8809351263544336,0.9026299967875469,-0.1491513398604627
125.46527323910423,20.090691098480296,-0.0017621959407492227,-0.00847319769484045,0.01588974147216875,0.02016687044861243,0.023508921932813016,0.0076191804606442655,-0.0009508614576383799,-0.01046194991410232,-0.012532841320907276,-0.011581979863268897,1.0817493432143457,0.9232230255679106,0.9449178960010238,-0.13683144721332186
127.18344213274867,20.106737439330686,0.012378790872091372,-0.005184477322099923,0.01632787184487008,0.012657121299714191,0.01599917278391478,-0.0003286990609553016,-0.0009770825831365126,-0.005900515502304415,-0.007971406909109371,-0.006994324325972859,1.112591911605449,0.9290112021253414,0.9507060725584546,-0.16188583904699438
128.92514028090997,20.08646292715,0.005895443869739836,-0.0016028942270480684,0.01677808144380335,0.017703983878870844,0.02104603536307143,0.004267953919268083,-0.001004026784023811,-0.0031085894588365193,-0.005179480865641475,-0.004175454081617664,1.1443353416526765,0.9635446124643003,0.9852394828974136,-0.1590958587552629
130.6906899020968,20.08342417873898,0.010892235004302364,-0.014436557574267539,0.017240703213989166,0.010175777430596611,0.013517828914797197,-0.003722874299191969,-0.001031713999701032,-0.00021184292256393178,-0.002282734329368888,-0.0012510203296678558,1.177006734276169,0.9805424292515319,1.0022372996846451,-0.17476943459152383
132.4804176273996,20.06955702153084,0.019792398461834892,-0.014328588911237006,0.017716079272990362,0.006016608238894605,0.009358659723095191,-0.00835741954989517,-0.0010601647193960253,-0.005897989933139058,-0.007968881339944014,-0.006908716620547989,1.2106340135589602,1.0109793536585912,1.0326742240917044,-0.17795978946725577
134.2946545609185,20.04669622704139,-0.006082618686654939,-0.009477811365268707,0.018204561163676893,0.025786368787244385,0.029128420271444973,0.01092385910776808,-0.001089399997353325,0.014318460516467013,0.012247569109662057,0.013336969107015382,1.2452459489533145,1.0465551636301846,1.0682500340632979,-0.17699591489001665
136.13373634101842,20.07285602620111,-0.007844937873187519,-0.014146921708839244,0.01870651011363083,0.008534160613969277,0.011876212098169863,-0.006830298015460966,-0.0011194414683676581,-0.010497324678169662,-0.012568216084974618,-0.01144877461660696,1.280872177659337,1.0679536955014513,1.0896485659345645,-0.19122361172477254
137.99800320242298,20.090572963479215,-0.002872872737476939,-0.010652883214291364,0.019222297301288226,0.018058376043388336,0.021400427527588924,0.0021781302263006973,-0.0011503113638543464,0.005132343937315653,0.003061452530510697,0.004211763894365043,1.3175432270013263,1.099239522870505,1.1209343933036182,-0.1966088336977081
139.88780003915875,20.096664370202678,-0.008548046113169505,-0.009859216459076947,0.019752304130375826,0.026903759794588922,0.03024581127878951,0.010493507148413683,-0.0011820325282396904,0.0031894040355702202,0.0011185126287652641,0.0023005451570049544,1.3552905368860058,1.1650451017660295,1.1867399721991427,-0.16855056468686302
141.8034764683615,20.117521488843263,0.013085159195007634,-0.00472754167889633,0.02029692251080607,0.01439882641375334,0.01774087789795393,-0.002556044612852141,-0.0012146284358874777,-0.0019968746236820323,-0.004067766030486988,-0.0028531375945995106,1.3941464820080691,1.1699880915489977,1.191682961982111,-0.20246352002595813
143.74538689495614,20.114217501748332,0.0015030690335535724,-0.009964742642225133,0.020856555147941436,0.015226705372423766,0.018568756856624354,-0.002287798291317082,-0.0012481232084932319,0.002849227138973731,0.000778335732168775,0.0020264589406620067,1.434144393959812,1.2051409502187873,1.2268358206519006,-0.20730857330791141
145.71389057722303,20.103550424120833,-0.009519229060703793,-0.007369863615803496,0.021431615839762407,0.015749522390681392,0.01909157387488198,-0.0023400419648804266,-0.0012825416328874875,0.004652522957403704,0.002581631550598748,0.0038641731834862356,1.4753185828818263,1.2339344847385476,1.2556293551716609,-0.2196892277101654
147.70935169326086,20.11119285615409,-0.007827597308928347,-0.013059254613299487,0.022022529781708808,-0.0013733851224344562,0.00196866636176613,-0.020053863419942676,-0.0013179091794131258,-0.008285164259181244,-0.0103560556659862,-0.009038146486573074,1.5177043587295316,1.256218252871541,1.2779131233046543,-0.23979123542487724
149.73213940836104,20.112402826937167,-0.008707295462293985,-0.014100442130171587,0.022629733880641757,0.006451959346989611,0.009794010831190197,-0.01283572304945156,-0.0013542520207698336,-0.0012705061755440283,-0.0033413975823489844,-0.001987145561579151,1.5613380517672972,1.3024855239988433,1.3241803944319566,-0.23715765733534067
151.78262794330408,20.11562063286363,0.0012528412250034648,-0.004607256718319519,0.023253677076720526,0.006224998458350228,0.009567049942550815,-0.013686627134169712,-0.0013915970513402862,-0.0017484774499081368,-0.003819368856713093,-0.0024277718053728066,1.6062570323012353,1.3469106295339834,1.3686054999670967,-0.2376515323341386
153.86119664359134,20.110244964475214,-0.0049490679661943204,-0.003984335580742737,0.023894820674585704,0.018403197273350713,0.0217452487575513,-0.0021495719170344027,-0.0014299719071524998,0.0032815590418628915,0.0012106676350579354,0.002640639542210435,1.6524997293186154,1.3878319701729858,1.409526840606099,-0.24297288871251643
155.96823004962496,20.11209621970767,-0.006836178968008255,-0.00038530695253768954,0.024553638683364,0.023521791608676068,0.026863843092876656,0.002310204409512656,-0.0014694049862856058,-0.0023938619449239695,-0.004464753351728926,-0.00299534836544332,1.7001056478383094,1.4112733214283075,1.4329681918614208,-0.26713745597688865
158.10411796784874,20.109980894877555,0.0077350054517140165,0.0038673309747707663,0.025230618166219815,0.025804684131660593,0.02914673561586118,0.003916117449641366,-0.0015099254698860475,-0.007024469560917623,-0.00909536096772258,-0.007585435497836532,1.7491153846760354,1.4594893378997362,1.4811842083328495,-0.267931176343186
160.26925554286325,20.105656898240237,0.0022446966184404005,0.0013878210359870025,0.025926259599091464,0.030903447726341682,0.03424549921054227,0.008319239611450806,-0.0015515633437721776,-0.005002527015790292,-0.0070734184225952484,-0.0055218550788230705,1.7995706423186586,1.52418882079305,1.5458836912261633,-0.2536869510924953
162.46404333052874,20.111049563378263,0.01167485223124487,0.0036195854377893966,0.02664107723982049,0.023100093122177867,0.026442144606378455,-0.00019893263344203382,-0.0015943494206312851,-0.011072586441624566,-0.013143477848429522,-0.011549128427798237,1.851514240542715,1.5644892342620587,1.586184104695172,-0.26533013584754306
164.6888873720688,20.098460127507423,-0.003402935204658064,0.003975928825564523,0.027375599506981832,0.016574332918182222,0.01991638440238281,-0.007459215104599022,-0.0016383153627812543,-0.0025005168386051935,-0.0045714082454101496,-0.0029330928826288953,1.9049901253976982,1.5952641200052078,1.616958990438321,-0.28803113495937716
166.94419926918908,20.103725039760747,0.0007865930900941009,4.824858674012944e-05,0.0281303693694638,0.011309420664858294,0.01465147214905888,-0.013478897220404918,-0.0016834937056446123,0.0017060907598320796,-0.0003648006469728765,0.0013186930586717358,1.9600433750236381,1.619953388363598,1.6416482587967112,-0.31839511622692696
169.2303962602247,20.09257262089852,-0.0066613199712861615,0.005197666649827681,0.02890594474603473,0.011880379488935944,0.01522243097313653,-0.0136835137728982,-0.001729917881780846,0.0017175358755103787,-0.0003533555312945774,0.0013765623504862685,2.016720201909805,1.7044373400196022,1.7261322104527155,-0.2905879914570897
171.54790129733016,20.09669417948223,-0.003292981304845455,0.008616707302437021,0.029702898916940546,0.012876080270633139,0.016218131754833727,-0.01348476716210682,-0.0017776222456614109,0.007677287706318481,0.005606396299513525,0.007384018545174936,2.0750679508289025,1.7395588140517155,1.7612536844848288,-0.3138142663440737
173.89714312472668,20.112894441783897,-0.00022070918655714422,0.0034362558981015923,0.030521820945621753,0.019705585234852663,0.02304763671905325,-0.007474184226568502,-0.0018266420990516662,0.007754152990454344,0.005683261583649388,0.007509903682701054,2.135135091910098,1.777735252320685,1.7994301227537983,-0.3357049691562999
176.2785563580214,20.11380213243255,-0.003725293874786928,0.0033896899692358318,0.03136331611297159,0.02009919997163223,0.02344125145583282,-0.007922064657138773,-0.001877013717167784,0.004607229946177682,0.002536338539372726,0.00441335225654051,2.196971208049506,1.8248898718710045,1.8465847423041177,-0.35038646574538834
178.6925815646114,20.115083431087882,0.0003096704752607593,0.0015433702650291536,0.0322280063628819,0.024351163137151133,0.02769321462135172,-0.004534791741530181,-0.0019287743754825342,0.005958400204942649,0.0038875087981376927,0.005816283173620227,2.2606269757380204,1.8863490803420717,1.908043950775185,-0.35258302496283545
181.1396653451905,20.10968824060067,0.0034210639911123053,0.0017219541168884689,0.03311653076006245,0.03133084230594818,0.03467289379014877,0.0015563630300863204,-0.0019819623773316315,0.012891497238094018,0.010820605831289062,0.012802568208620694,2.3261541384462157,1.9397644440830746,1.9614593145161878,-0.36469482393002783
183.62026041637128,20.112560647538515,0.005714673310247775,0.006115074559904343,0.03402954596073282,0.028534919532027914,0.0318769710162285,-0.0021525749445043194,-0.0020366170822466514,0.017124765911532336,0.01505387450472738,0.01709049158697403,2.3936054712579535,2.002650192933885,2.024345063366998,-0.3692604078909554
186.13482569443875,20.108604018776735,-0.0033709310709397755,0.002948020898429604,0.034967726695912776,0.03154858772431268,0.03489063920851327,-7.708748739950616e-05,-0.0020927789350736374,-0.0023430922993483705,-0.004413983706153327,-0.002321204771079689,2.463034735728786,2.045902849255274,2.0675977196883872,-0.3954370160403986
188.68382638025113,20.110433237134096,-0.004308689151446998,0.01523413547542063,0.03593176626792049,0.04683143183163452,0.050173483315835106,0.014241717047914618,-0.002150489495890252,0.01593657986474284,0.013865688457937883,0.016016177953828134,2.5344966233094586,2.1158121472921962,2.1375070177253095,-0.3969896055841491
191.26773404530306,20.102204555756146,-0.002555257019210444,0.012647975867000838,0.03692237706051378,0.03226747879699232,0.03560953028119291,-0.0013128467793208712,-0.0022097914707931605,0.00999950660337845,0.007928615196573494,0.010138406667366654,2.608046685884905,2.199695872239804,2.2213907426729174,-0.3866559432119878
193.88702671896732,20.109140763930718,-0.009326907196712142,0.005645246882334476,0.03794029106342506,0.045290441528258896,0.048632493012459484,0.010692201949034426,-0.0022707287434267473,-0.007191545791084053,-0.009262437197889009,-0.006991708454462262,2.683741251484388,2.2572046350778585,2.2788995055109718,-0.40484174597341616
196.54218897693232,20.104278786373744,-0.009766063192131469,0.00062153861739489,0.038986260410237554,0.04785149919332454,0.05119355067752513,0.012207290267287577,-0.002333346407531311,-0.0019370055293777,-0.004007896936182656,-0.0016745505286513453,2.761637323038419,2.3181745817431114,2.3398694521762247,-0.42176787086219436
199.2337120308486,20.136644204089897,0.02443702133108161,-0.01824464820321481,0.040061057932161095,0.009365597774838363,0.01270764925903895,-0.027353408673122144,-0.00239769080024876,-0.013415715157378827,-0.015486606564183783,-0.013088915763935022,2.8417924579920077,2.3540968869515417,2.375791757384655,-0.46600070060735277
201.96209381920488,20.10665609730942,0.003024502671436835,-0.005715375602395767,0.04116547772599803,0.04783039011511292,0.05117244159931351,0.010006963873315476,-0.002463809536424457,0.0021785633946507232,0.00010767198784576715,0.002571481524270224,2.924264625824486,2.4660913906188924,2.4877862610520056,-0.43647836477248037
204.72783909944792,20.127283241902155,0.010319391046941462,-0.019023579504935384,0.04230033573820329,0.03578295642043372,0.03912500790463431,-0.0031753278335689833,-0.002531751543852586,-0.012325276604411073,-0.014396168011216029,-0.011864416467363442,3.009112040613677,2.522067477178261,2.5437623476113744,-0.46534969300230244
207.53145954136383,20.122586756381963,0.015923554251632055,-0.018900883214598707,0.043466470364852114,0.038550933099941176,0.041892984584141764,-0.00157348578071035,-0.0026015670994471575,-0.0021910734058181447,-0.004261964812623101,-0.0016603977131759433,3.096392965167711,2.5823747853322594,2.6040696557653726,-0.49232330940233826
210.37347382173814,20.115671924606467,-0.0002573195545778617,-0.012665240053596705,0.04466474306747044,0.04422118256147911,0.0475632340456797,0.00289849097820926,-0.002673307866444272,-0.004616359266272241,-0.006687250673077197,-0.004013942806632925,3.1861654826320516,2.6588679326972624,2.6805628031303756,-0.5056026795016759
213.2544077203125,20.137657524572866,0.009958477144678568,-0.018866773153202843,0.04589603900654213,0.023432015315250965,0.026774066799451553,-0.019121972207090575,-0.0027470269326718222,-0.010670406431586343,-0.0127412978383913,-0.009994270905719478,3.278487231389775,2.720642244497782,2.742337114930895,-0.53615011645888
216.1747942170552,20.139205859616474,0.007888829253651863,-0.003891808172685529,0.04716126769163785,0.026331676637788348,0.029673728121988936,-0.017487539569648915,-0.0028227788497463316,-0.010984316715415332,-0.013055208122220288,-0.010232429272473956,3.373415097971761,2.798295151610901,2.8199900220440144,-0.5534250759277466
219.13517359076357,20.13198339726739,0.0032650892151835365,-0.006631910609051772,0.048461363649800415,0.031557780004707325,0.03489983148890791,-0.013561532160892502,-0.0029006196735003797,-0.002681006035459177,-0.004751897442264133,-0.0018512777687637533,3.4710048624911587,2.887550833155103,2.9092457035882164,-0.5617591589029423
222.1360935190173,20.124426414628005,-0.007438788455065293,-0.0009709933850139407,0.04979728711161494,0.03730404518127628,0.04064609666547687,-0.009151190446138074,-0.0029806070054270383,0.00040886206055290586,-0.0016620293462520502,0.001318577659174988,3.5713107900266317,2.989220449937143,3.0109153203702563,-0.5603954696563753
225.17810917949976,20.107599418300445,-0.002348833193014599,-0.005547113393884473,0.05117002471655485,0.04685202682539824,0.05019407830959883,-0.0009759464069560228,-0.003062800035287618,-0.004169159038518444,-0.0062400504453234,-0.003177250410035782,3.6743851607815,3.085367932088605,3.1070628025217184,-0.5673223582597817
228.26178335270757,20.111996253078964,-0.002669972805520615,-0.009597859727598745,0.05258059023722583,0.04784933976669947,0.05119139125090006,-0.0013891989863257723,-0.0031472595849219476,-0.006219917524603602,-0.008290808931408558,-0.005143549346486611,3.780277730871118,3.1358617202919916,3.157556590725105,-0.6227211401460133
231.38768652606623,20.103652214736503,-0.0024781731292833342,0.005844143639109234,0.054030025323565725,0.048334086205034765,0.05167613768923535,-0.002353887634330372,-0.003234048153229092,-0.0014540658225463687,-0.003524957229351325,-0.00029090907612223287,3.8890351145352495,3.2772246795844424,3.2989195500175557,-0.5901155645176939
234.5563969994718,20.114370299546216,-0.0025250966494674287,0.0037963563377942933,0.055519400267197365,0.05567509607334031,0.0590171475575409,0.0034977472903435364,-0.0033232299624205144,0.00479481961036754,0.002723928203562584,0.006047158165983098,4.0007000774881005,3.343035933933443,3.3647308043665562,-0.6359692731215443
237.76850099227767,20.12832974644411,-0.0026449840455029516,2.552988096127251e-05,0.05704981478690586,0.056825103410083955,0.06016715489428454,0.0031173401073786855,-0.003414871005498231,0.004420664084694437,0.0023497726778894806,0.005764643683387712,4.115310730025852,3.465229929030535,3.4869247994636483,-0.6283859305622039
241.0245927517466,20.13750700844559,0.0018084423123099214,0.009680014073008891,0.0586223988348996,0.051405668671812066,0.054747720156012654,-0.003874678678886946,-0.0035090390951401235,4.238136906309364e-06,-0.0020666532698986467,0.0014423858252414767,4.232899607089976,3.5361128085334315,3.5578076789665447,-0.6750919281234316
244.3252746629888,20.13889141399676,0.0003469850304185229,0.0004293588976800322,0.06023831342590824,0.056039891525916374,0.05938194301011696,-0.0008563704157912785,-0.0036058039137945434,-0.002355493276610332,-0.004426384683415288,-0.0008205807696207447,4.353492621192848,3.6722864908341606,3.693981361267274,-0.6595112599255746
247.67115736040313,20.13595369924056,-0.0036134077264158293,0.0027221700584689756,0.06189875148817325,0.059241499382700624,0.0625835508669012,0.0006847993787279585,-0.003705237065280312,-0.0011014617694300455,-0.0031723531762350016,0.0005328838890453105,4.477107872759894,3.750314134928445,3.772009005361558,-0.7050988673983358
251.06285984064712,20.13860855551873,0.002414118954405353,-0.0039407513080575995,0.06360493873778059,0.06582994150519283,0.06917199298939342,0.00556705425161283,-0.003807412127736792,2.6892964250180285e-05,-0.002043998442554776,0.0017634136851820163,4.60375430101857,3.83345379992274,3.8551486703558533,-0.7486056306627171
254.50100957715262,20.12953479828103,0.000751771103811194,-0.009720292107100903,0.0653581345772556,0.06404664584189135,0.06738869732609193,0.002030562748836326,-0.003912404708055274,-0.0011655838807556052,-0.0032364752875605612,0.0006759294204947124,4.733430157147504,4.009352390857153,4.031047261290266,-0.7023828958572382
257.9862426362095,20.14821972864154,0.009313137940445415,-0.004748352595623118,0.06715963301778802,0.053881986083073485,0.05722403756727407,-0.009935595450513944,-0.004020292497835197,0.0006462277149879014,-0.0014246636918170547,0.002595628806018142,4.866121280395107,4.043253271304689,4.064948141737802,-0.8011731386573047
261.51920379464093,20.145326877515224,-0.002465934767698741,-0.00918934412974437,0.06901076362731773,0.04218850450136813,0.04553055598556872,-0.02348020764174901,-0.0041311553308007246,-0.0007884344545274757,-0.002859325861332432,0.0012718294694682927,5.001799156700444,4.156821520480662,4.178516390913775,-0.8232827657866686
265.1005466590868,20.114282975366248,0.0037856269748388627,0.013709065110880658,0.070912892503896,0.06294930202261995,0.06629135350682053,-0.004621538997075472,-0.004245075241923912,0.0028757031756150297,0.0008048117688100737,0.005049887010733986,5.140418739091564,4.354228211071277,4.37592308150439,-0.7644956575871742
268.73093378692363,20.123032467758186,0.0022923468331299546,-0.007676645628709622,0.07286742327588644,0.0472443035632395,0.050586355047440086,-0.022281068228446353,-0.004362136528068558,-0.004793646020608833,-0.006864537427413789,-0.002502400899345231,5.281916009135363,4.4597817338875,4.481476604320613,-0.8004394048147505
272.4110368088394,20.11097220194739,0.001200210039257854,0.012582666342570548,0.0748757981289648,0.06626007544147683,0.06960212692567741,-0.0052736712032873945,-0.004482425810353837,0.004009097292914987,0.001938205886110031,0.006420631696463868,5.426205259717599,4.585855115174979,4.607549985608093,-0.8186552741095063
276.14153655308655,20.11488915872247,0.010204683916921198,0.014016473848695199,0.07693949886150435,0.06349216774298583,0.06683421922718641,-0.01010527963431794,-0.004606032098235277,0.0005194614960508659,-0.0015514299107540902,0.003054602187481187,5.573176082034151,4.728513734754593,4.750208605187706,-0.8229674768464452
279.9231231714371,20.108975544812207,0.0024304427181292,0.022594997185677812,0.07906004796802224,0.06950422214194418,0.07284627362614476,-0.006213774341877476,-0.004733046855346008,0.0028078393567128046,0.0007369479499078485,0.005469994805253856,5.722690043576783,4.838115636437859,4.859810506870972,-0.8628795367058109
283.75649626686237,20.117132616912436,-0.010112559037327884,0.009892104161682624,0.08123900975255349,0.07515696265845406,0.07849901414265464,-0.0027399956098988487,-0.00486356406715391,0.006312758306915356,0.0042418669001104,0.00910543096726431,5.874577050369629,4.979133563495832,5.0008284339289455,-0.8737486164406834
287.64236502296137,20.112093445515832,0.008893433232099568,0.014532756343076159,0.08347799147223751,0.088412987063478,0.09175503854767858,0.008277047075441066,-0.004997680310482595,0.0049963872436293855,0.0029254958368244294,0.007923176147307025,6.028631396304194,5.135838109766649,5.157532980199762,-0.8710984161044317
291.5814483351614,20.11122120151112,0.010637921241514192,0.01305934351005078,0.08577864451124326,0.09276459118122915,0.09610664266542973,0.010327998154186474,-0.005135494824933664,0.006337946925171423,0.004267055518366467,0.00940255034330013,6.184607515640047,5.2661250833062425,5.287819953739356,-0.8967875619006911
295.5744749437156,20.118378405053242,0.015104052214383046,0.00656947508693051,0.08814266558755199,0.08625049565894116,0.08959254714314174,0.0014498815555897548,-0.005277109586303753,0.005148232985554557,0.003077341578749601,0.008354451165053355,6.342215472566085,5.352025686276406,5.373720556709519,-0.9684949158565663
299.62218356852173,20.114687651182408,0.013899515241210025,0.0020996684298530965,0.09057179799159425,0.09566409365189799,0.09900614513609857,0.00843434714450432,-0.005422629382033982,0.005091872260152286,0.00302098085334733,0.008443610235381312,6.501116245851788,5.57187942565713,5.593574296090243,-0.9075419497615451
303.7253230457871,20.12258180169473,0.025181927135442095,0.004831112670711235,0.09306783285902383,0.08684264829322785,0.09018469977742843,-0.002883133081595393,-0.00557216188868037,-0.010255940389228613,-0.012326831796033569,-0.006754669907353199,6.660916896343334,5.737999753450559,5.759694623883672,-0.9012222724596617
307.8846524665653,20.14232151213444,0.009532674232815452,0.011502597278990834,0.09563261047743894,0.08431815134389353,0.08766020282809411,-0.007972407649344829,-0.005725817751564641,-0.002119585931506407,-0.004190477338311363,0.0015353404132532776,6.82116574367374,5.841238782270263,5.862933652703377,-0.9582320909703634
312.1009413171897,20.11484105591583,0.010295892670932005,-0.008430002808928805,0.09826802162911144,0.07625103607032102,0.0795930875545216,-0.01867493407458984,-0.005883710666629892,-0.014185366257322585,-0.01625625766412754,-0.010372546997497649,6.981347723453279,5.975317787663709,5.997012658096822,-0.9843350653564569
316.3749696216306,20.117908165726938,0.004656789816607443,-0.004074082302668813,0.10097600896913361,0.08577935994295416,0.08912141142715474,-0.011854597541978873,-0.006045957464518031,-0.007824806326695466,-0.009895697733500422,-0.003849740268982391,7.140880150454003,6.166144714623954,6.187839585057067,-0.953040565396936
320.70752808580147,20.110423858593578,-0.00018232040427790253,-0.0035757347029239384,0.1037585684422064,0.08166435295099461,0.0850064044351952,-0.018752164007011213,-0.006212678196988255,-0.009935394196620706,-0.012006285603425662,-0.005793607406437407,7.299109172891747,6.291145140788867,6.31284001122198,-0.9862691616697665
325.09941824384117,20.122383840401607,0.01905742576305869,-0.008040423806193076,0.10661775073620294,0.08609769516085208,0.08943974664505266,-0.01717800409115028,-0.00638399622568603,-0.007685753013880969,-0.009756644420685925,-0.0033726481949998954,7.455307267755497,6.486056616208916,6.50775148664203,-0.9475557811134676
329.55145260640114,20.11939454304001,0.004064632643721922,-0.011378412749614597,0.10955566277601025,0.09920773892228496,0.10254979040648554,-0.007005872369524713,-0.006560038313406291,-0.017598370163796062,-0.019669261570601018,-0.013109223257194727,7.608672190257026,6.653352957407321,6.675047827840435,-0.933624362416591
334.06445481096,20.12466907125117,0.01660408977001282,-0.015916747496948602,0.11257446925748302,0.09891570907479874,0.10225776055899932,-0.010316708698483695,-0.006740934717846139,-0.023925981485721337,-0.025996872892526293,-0.019255938174680153,7.758327847668541,6.777556730503413,6.799251600936526,-0.9590762467320149
338.63925977419973,20.130151788080635,0.015000299373873816,-0.003425045778882918,0.11567639422261922,0.10917874759323354,0.11252079907743412,-0.003155595145185097,-0.00692681928789071,-0.013653665566568662,-0.01572455697337362,-0.008797737685482908,7.903327606525697,6.938054754650487,6.9597496250836,-0.9435779814420968
343.276713846467,20.137007256122466,-0.011655473092456958,0.00022317197562315982,0.1188637226774443,0.10647206295998046,0.10981411444418104,-0.009049608233263257,-0.007117829562687455,-0.018355833271826327,-0.020426724678631283,-0.013308895115943829,8.042660552924053,7.119594108840936,7.141288979274049,-0.9013715736500041
347.9776749683502,20.15070281251147,-0.0039598969016267915,0.005432208050713427,0.12213880225335698,0.11056526376437148,0.11390731524857206,-0.008231487004784918,-0.007314106873248866,-0.015501476784738344,-0.0175723681915433,-0.010258261318294434,8.175261191316455,7.2311903449077235,7.252885215340837,-0.9223759759756183
352.7430128294002,20.142249606951253,-0.0049219871267354165,0.007126356657128241,0.12550404491360628,0.10911012345874838,0.11245217494294896,-0.013051869970657326,-0.007515796447095995,-0.011316153590126277,-0.013387044996931233,-0.005871248549835238,8.300022975743817,7.374618661207343,7.396313531640456,-0.9037094441033604
357.5736090290265,20.137772252080143,-0.0055451635754124595,0.007797431921659381,0.12896192870491716,0.12182624221724936,0.12516829370144994,-0.003793635003467216,-0.007723047515542274,-0.009099833063391571,-0.011170724470196527,-0.0034476769546542534,8.41581590288058,7.560540367570798,7.5822352380039115,-0.8335806648766679
362.4703572395933,20.121678865902865,0.0033298810771817955,0.021361468922240334,0.13251499955742763,0.13108102670472022,0.1344230781889208,0.0019080786314931708,-0.00793601342411887,-0.008200905895968447,-0.010271797302773403,-0.002335783878654532,8.521508155112418,7.760735796205736,7.78243066663885,-0.7390774884735682
367.43416337175216,20.114095137264236,0.014202852008299516,0.020357128021782245,0.13616587313198758,0.13600911560612872,0.1393511670903293,0.0031852939583417172,-0.008154851745947088,0.003215994006922074,0.0011451026001171177,0.009299954346064206,8.615991463658242,7.881154703262055,7.9028495736951685,-0.7131418899630733
372.46594574203795,20.11282938148114,0.01673436357448921,0.011121454052798185,0.13991723671800038,0.1299416556052222,0.13328370708942278,-0.006633529628577606,-0.00837972439827095,0.0043161357348679985,0.0022452443280630424,0.010624968726333993,8.698209485594807,7.996494890253526,8.018189760686639,-0.6800197249081688
377.5666352427592,20.102989959679682,0.013191153204971329,0.00559364101247084,0.14377185118139071,0.12877572034510365,0.13211777182930423,-0.011654079352086483,-0.008610797762145163,0.005100442631487567,0.003029551224682611,0.011640348986827774,8.767188087552736,8.15363142928993,8.175326299723043,-0.5918617878296928
382.7371755142159,20.10033762465668,0.0028462658935382024,0.0059055855549807745,0.14773255296595778,0.12667295500010312,0.1300150064843037,-0.01771754648165408,-0.0088482428055423,0.005499075809453302,0.003428184402648346,0.012276427208190646,8.822066051570996,8.272202024554034,8.293896894987146,-0.52816915658385
387.97852311927494,20.113510723606474,-0.006912899466712474,-0.004574406685680543,0.15180225614727097,0.12575003222635672,0.1290920837105573,-0.022710172436713666,-0.00909223520967038,0.003903190656778577,0.0018322992499736207,0.010924534459644001,8.862124426078395,8.440772321975167,8.46246719240828,-0.39965723367011563
393.2916477203369,20.12848122708605,0.011346461398559882,0.006241677460373296,0.15598395454258052,0.1377648972494825,0.14110694873368307,-0.014877005808897448,-0.00934295549895924,-0.008953891825342453,-0.011024783232147409,-0.0016818277331881685,8.886812598354133,8.504467773124269,8.526162643557381,-0.3606499547967523
398.677532258726,20.130749325383995,0.010836406715647229,-0.003816294706215473,0.16028072387719486,0.13754820754839514,0.14089025903259572,-0.019390464844599137,-0.009600589174477602,-0.016684765275002178,-0.018755656681807134,-0.009155067507329532,8.895769212594725,8.589431463750948,8.61112633418406,-0.28464287841066493
404.13717313653643,20.13074351380694,0.02040794501312959,-0.0166402525096494,0.16469572400823612,0.12601453032588594,0.12935658181008652,-0.0353391421981496,-0.009865326851109624,-0.018932392170466272,-0.02100328357727123,-0.011137956726161604,8.888836323388258,8.635553665982115,8.657248536415228,-0.23158778697303006
409.6715804009696,20.10978799321915,0.012336112843161828,-0.017424286012424517,0.16923220120870522,0.14654656739027416,0.14988861887447474,-0.019343582334230475,-0.010137364398495743,-0.006938059525175788,-0.009008950931980744,0.0011284134665149985,8.866065644796434,8.725058427230426,8.746753297663538,-0.11931234713289562
415.28177793119517,20.117229141925502,0.012682321243104866,-0.022873382506716666,0.1738934905124381,0.1369738545439212,0.14031590602812177,-0.03357758448431633,-0.010416903085819319,-0.016577170379456163,-0.01864806178626112,-0.0082311587004418,8.82771637922471,8.814217023783936,8.835911894217048,0.008195514992337394
420.96880362777136,20.124837079530966,0.00010647988241174744,-0.015293297556986829,0.17868301812132562,0.1311065671933278,0.1344486186775284,-0.04423439944379723,-0.0107041497306155,-0.0199891175892013,-0.022060008996006256,-0.011355859265390756,8.774244805937613,8.844358301145853,8.866053171578965,0.0918083656413522
426.733709604659,20.137439969924934,-0.012086668156168656,0.0017049174167915737,0.1836043038778257,0.13362772572524406,0.13696977720944464,-0.046634526668381054,-0.010999316851664385,-0.01845605089172153,-0.020526942298526488,-0.009527625446862103,8.706286479642682,8.881852471774998,8.90354734220811,0.19726086256542885
432.5775623838653,20.157019087223546,-0.010402582646865,-0.0026718846025097776,0.18866096380251499,0.13920710477516707,0.14254915625936765,-0.04611180754314734,-0.011302622826125503,-0.016652385678810333,-0.01872327708561529,-0.007420654259489786,8.62463244336135,8.880895008893948,8.90258987932706,0.27795743596571043
438.5014430927529,20.15811458462458,-0.008996671493903818,-0.012050894863289585,0.1938567126998453,0.15058100218453774,0.15392305366873832,-0.03993365903110699,-0.011614292050922492,-0.009652101327297657,-0.011722992734102614,-0.00010870068318012162,8.530201229266952,8.883386317931595,8.905081188364708,0.37487995909775584
444.5064476640524,20.134718869990497,-0.0013219787772200675,-0.015645154927469207,0.19919536683385267,0.15651499107078237,0.15985704255498295,-0.03933832427886971,-0.011934555108676038,-0.021961957190573145,-0.0240328485973781,-0.012098293488702063,8.424008574400684,8.841375990121445,8.863070860554558,0.43906228615387377
450.5936870386105,20.130823652802455,-0.004249633711097545,-0.007884251419302046,0.20468084667392808,0.16160502221364936,0.16494707369784994,-0.039733772976078136,-0.012263648938104142,-0.02851568774152824,-0.030586579148333196,-0.018322930210229054,8.30713672140117,8.809711392741406,8.831406263174518,0.5242695417733483
456.7642873709182,20.103006611715827,-0.009063781397532722,-0.002366316940847213,0.21031717971509928,0.16354691444660574,0.16688896593080632,-0.04342821378429296,-0.012601817009187945,-0.02137067929411529,-0.023441570700920247,-0.010839753691732302,8.180704945761764,8.776626438161763,8.798321308594875,0.617616362833111
463.01939023745217,20.131576737324345,-0.005802000158979581,-0.011562285136406558,0.21610850337254167,0.1697703827422643,0.17311243422646488,-0.04299606914607679,-0.012949309503121786,-0.026846490251479338,-0.028917381658284294,-0.015968072155162508,8.045842607379498,8.693592356320622,8.715287226753734,0.6694446193742358
469.3601528478687,20.129261350843464,-0.004748623895356019,-4.838215685865066e-05,0.22205906795348898,0.1942446094721184,0.197586660956319,-0.024472406997169988,-0.013306383497245514,-0.015599914503226842,-0.017670805910031798,-0.004364422412786284,7.903665627531633,8.642842387632971,8.664537258066083,0.7608716305344503
475.7877482590904,20.107836120916893,-0.008187564399790404,-0.014569110649919281,0.2281732397079146,0.1996449453617899,0.20298699684599047,-0.025186242861924113,-0.013673303155031177,-0.022985393573058843,-0.0250562849798638,-0.011382981824832623,7.755256898841378,8.559514154503105,8.581209024936218,0.8259521260948395
482.3033655923264,20.09783367478338,-0.008905904544480592,-0.01546564808583284,0.2344555039602196,0.22202472942658957,0.22536678091079015,-0.009088723049429454,-0.01405033992131959,-0.014321376651764695,-0.01639226805856965,-0.0023419281372500603,7.601650786557234,8.473087095429126,8.494781965862238,0.8931311793050041
488.9082102530598,20.10078050383631,0.004462283420323843,-0.013968299265680884,0.24091046832419613,0.21785168178380587,0.22119373326800645,-0.019716735056189677,-0.014437772722968149,-0.009974840588668599,-0.012045731995473555,0.002392040727494594,7.443821599119333,8.336150777346663,8.357845647779776,0.9140240486604432
495.6035041540527,20.101416410097137,0.00738695750183993,-0.020001345236220658,0.247542866003358,0.22503233576708936,0.22837438725128995,-0.019168478752068063,-0.014835888174931158,-0.009906873121558135,-0.011977764528363091,0.002858123646568067,7.282675704924753,8.206444704284436,8.228139574717549,0.9454638697927962
502.3904859414026,20.11794188121749,-0.012922961592547466,0.01522527708704402,0.25435755917863406,0.21903371096856006,0.22237576245276064,-0.031981796725873424,-0.015244980792095946,-0.017595529808879462,-0.019666421215684418,-0.004421440423588472,7.119046846120186,8.07063327998435,8.092328150417462,0.9732813042972754
509.2704112236949,20.120582168511604,-0.004994114376820846,0.01946827148762509,0.2613595424854588,0.22922272862068382,0.2325647801048844,-0.02879476238057438,-0.015665353206936284,-0.016477337285181193,-0.01854822869198615,-0.002882875485049865,6.953694140138217,7.978467760770226,8.000162631203338,1.046468491065121
516.244552804294,20.143884426182424,-0.014357169117214852,0.00814518953090726,0.26855394658369663,0.22837483407298365,0.23171688555718423,-0.03683706102651241,-0.01609731639310825,-0.016486626717451713,-0.01855751812425667,-0.0024602017311484183,6.787302250143629,7.7745526114839585,7.796247481917072,1.0089452317734429
523.3142009168147,20.13972562985182,0.0042000966621102975,0.011110173339794471,0.27594604182110155,0.22653546582668938,0.22987751731088996,-0.046068524510211595,-0.016541189895246014,-0.01976034705503693,-0.021831238461841887,-0.005290048566595873,6.620483232450218,7.613104976003907,7.63479984643702,1.0143166139868018
530.4806634638187,20.13826658578538,-0.0004959816813254747,0.0001917015884096429,0.2835412419941457,0.23913867230985986,0.24248072379406044,-0.04106051820008527,-0.016997302065070177,-0.031669396881763845,-0.0337402882885688,-0.016742986223498624,6.453779618602837,7.482400169645221,7.504095040078334,1.0503154214754966
537.7452662587801,20.1375833549273,0.0062716086306160435,-0.00032233722020791333,0.2913451082084029,0.2524520748087937,0.2557941262929943,-0.03555098191540862,-0.017465990303972584,-0.02580043501541951,-0.027871326422224466,-0.010405336118251882,6.287668350762365,7.299253917314445,7.320948787747558,1.0332804369851933
545.1093532713641,20.14558605948895,0.002217564308484299,-0.012319910595937955,0.29936335283990856,0.24999984290926136,0.25334189439346194,-0.04602145844644662,-0.017947601312336282,-0.03235135955631918,-0.03442225096312414,-0.016474649650787855,6.122565254179815,7.171990344262909,7.193685214696022,1.0711199605162074
552.5742868760643,20.16329797555371,0.0038336972247527967,-0.017261687254389813,0.3076018436021617,0.25338368565824965,0.2567257371424502,-0.05087610645971147,-0.018442491345601428,-0.03517946802241667,-0.03725035942922163,-0.0188078680836202,5.958829792874962,6.9761943901908054,6.997889260623919,1.0390594677489569
560.1414481042464,20.175569562350667,0.005573168536329831,-0.018998777271328038,0.31606660771924877,0.26225522064962803,0.2655972721338286,-0.05046933558542016,-0.01895102647752555,-0.01886964688466719,-0.020940538291472147,-0.001989511813946597,5.796769911605297,6.773691057665491,6.795385928098605,0.9986160164933073
567.8122368996411,20.16476138358508,0.008666656427934072,-0.015364028658698459,0.3247638362099262,0.2658890527863278,0.2692311042705284,-0.05553273193939784,-0.019473582870548175,-0.02985360378801616,-0.031924495194821115,-0.01245091232427294,5.636646817019216,6.579690525840604,6.6013853962737175,0.9647385792545018
575.5880723773386,20.141633131693546,-0.015179695609692345,-0.004792288829452929,0.33369988828354136,0.2778089971848807,0.2811510486690813,-0.05254883961446005,-0.020010547053679176,-0.016841314835701837,-0.018912206242506793,0.0010983408111723825,5.478679592368083,6.4783534899534985,6.500048360386612,1.0213687680185286
583.4703930863272,20.120092185230547,-0.020499351956903666,0.0029666405451500566,0.3428812958521743,0.2944601690246671,0.2978022205088677,-0.04507907534330663,-0.02056231620801865,-0.026042023262391467,-0.028112914669196423,-0.007550598461177772,5.323049574032282,6.360171647476413,6.381866517909526,1.0588169438772441
591.4606572756293,20.118224069557268,-0.012580786197169402,0.014145702058026899,0.3523147681614475,0.3079106394618307,0.3112526909460313,-0.041062077215416215,-0.02112929846007479,-0.011649385675262636,-0.013720277082067592,0.007409021378007197,5.169904445149779,6.141441927470222,6.163136797903335,0.993232352753556
599.5603431640802,20.103749971197352,-0.0019880139548114073,0.007649637984673774,0.36200719654244506,0.31583473706207954,0.3191767885462801,-0.04283040799616494,-0.021711913183240984,-0.010859752058529182,-0.012930643465334138,0.008781269717906846,5.019362022070164,6.034606151455812,6.056301021888925,1.0369389998187613
607.7709492138046,20.101407294868554,-0.013699846666860083,-0.002051954256305777,0.37196565928909103,0.31762234972937264,0.3209644012135732,-0.05100125807551781,-0.022310591307474377,-0.016986287056962368,-0.019057178463767324,0.003253412843707053,4.871513724931865,5.866116660904478,5.887811531337591,1.016297806405726
616.0939944074322,20.117694221241557,0.015200523902084484,-0.00661610578779559,0.3821974266631568,0.32437279976554123,0.3277148512497418,-0.054482575413415,-0.022925775637542622,-0.023163670416238347,-0.025234561823043303,-0.002308786185500681,4.726427734939506,5.661854897537054,5.683549767970168,0.9571220330306618
624.5310185291163,20.11154663188642,0.015833380979572098,-0.007024528852404899,0.3927099660306213,0.34336112049757617,0.34670317198177675,-0.04600679404884456,-0.023557921180031596,-0.02625754413476855,-0.028328435541573507,-0.004770514361541911,4.58415184855707,5.489496740263348,5.511191610696462,0.9270397621393913
633.083582449396,20.123558739576083,0.010560899948401925,-0.000108581837366728,0.4035109471325955,0.35183688337198404,0.3551789348561846,-0.048332012276410874,-0.024207495479283872,-0.02004604974617763,-0.022116941152982586,0.002090554326301286,4.4447160442241955,5.385013388961106,5.406708259394219,0.9619922151700235
641.7532684139617,20.141805896624113,-0.004278456336663794,0.0007102404689831587,0.4146082474946817,0.35349760052789847,0.35683965201209905,-0.057768595482582674,-0.024874978962647454,-0.011231039897097617,-0.013301931303902573,0.011573047658744881,4.308134780153379,5.193597146697769,5.215292017130882,0.9071572369775032
650.541680336376,20.139069501804784,-0.0013854434383375747,-0.014782890823280326,0.4260099579774671,0.3542914797931189,0.3576335312773195,-0.0683764267001476,-0.025560865295157678,-0.023489973888352722,-0.025560865295157678,0.0,4.17440904364876,5.03274711224574,5.054441982678854,0.8800329390300936
659.4504440947987,20.15809738541303,-0.0034782792743470736,0.002114071546778007,0.4377243884731056,0.3704107842489961,0.3737528357331967,-0.0639715527399089,-0.026265661743999816,-0.027896765224760145,-0.0299676566315651,-0.0037019948875652853,4.043528172627723,4.89092120868731,4.912616079120423,0.8690879064927
668.4812078327807,20.15910637545942,1.611331695272611e-05,-0.0175061107240424,0.44976007374988114,0.37321435282302673,0.3765564043072273,-0.07320366944265383,-0.026989889552992214,-0.034901671232770326,-0.03697256263957528,-0.009982673086583068,3.915471470164147,4.748596732855713,4.770291603288826,0.8548201331246794
677.6356422641734,20.135196732132904,0.0012719693413743016,-0.010398272903039185,0.46212577945109296,0.37906252523632844,0.382404576720529,-0.07972120273056393,-0.027734084327339197,-0.02224269768211684,-0.024313589088921797,0.0034204952384173995,3.7902096318351504,4.6183152796105205,4.640010150043634,0.8498005182084833
686.9154409822157,20.148090249808185,0.00881783716004847,-0.008537999131117857,0.47483050824919726,0.37893820467054695,0.38228025615474753,-0.09255025209444973,-0.028498796428970612,-0.03262857099549166,-0.03469946240229661,-0.006200665973326001,3.6677060047040118,4.446351063422426,4.46804593385554,0.8003399291515279
696.3223207728528,20.113666240473055,0.004196150586828651,-0.009548277747420286,0.48788350616233433,0.42511187757470026,0.42845392905890084,-0.059429577103433495,-0.029284591382755805,-0.020550748187886825,-0.02262163959469178,0.006662951788064024,3.547917695525369,4.315029409736777,4.33672428016989,0.7888065846445214
705.8580219323458,20.097387527812693,-0.004362412922223058,0.0008721068669039767,0.5012942690348744,0.4258315567689763,0.4291736082531769,-0.07212066078169749,-0.030092050293860848,-0.02132903019067456,-0.023399921597479514,0.006692128696381333,3.430796544234976,4.215173953022006,4.2368688234551195,0.8060722792201434
715.5243085892305,20.099708892224612,-0.001318743118282839,-0.0023670209009729604,0.5150725491878684,0.44806800240629485,0.45141005389049543,-0.06366249529737295,-0.03092177027659539,-0.01276190930233767,-0.014832800709142627,0.016088969567452763,3.3162899775908756,4.049674848109689,4.071369718542802,0.7550797409519263
725.3229690306863,20.11503848699021,0.008767994797622691,-0.0011091310423978484,0.5292283622431669,0.44304276157901157,0.44638481306321215,-0.08284354917995479,-0.03177436489501402,-0.014139327041441163,-0.01621021844824612,0.015564146446767901,3.2043417562549488,3.9563016677039577,3.977996538137071,0.7736547818821222
735.2558160333734,20.11113795286008,-0.004002542910065188,-0.007894048876075033,0.5437719941255748,0.45290906776888207,0.45625111925308265,-0.0875208748724921,-0.03265046461560629,-0.027572420234548645,-0.0296433116413536,0.0030071529742526915,3.094892627433745,3.8499143389617316,3.871609209394845,0.7767165819610997
745.3246871988009,20.119896209424923,-0.009549158907290689,0.006661413362419211,0.5587140082483175,0.4445591772975419,0.4479012287817425,-0.11081277946657503,-0.03355071727253171,-0.023630584902075924,-0.02570147630888088,0.007849240963650833,2.987880893886565,3.681178566627441,3.7028734370605543,0.7149925431739894
755.5314452932879,20.147858766369765,0.004237000118141765,-0.004248081336388765,0.5740652528859496,0.4682854019575302,0.4716274534417308,-0.10243779944421877,-0.03447578854546678,-0.03129064015732297,-0.033361531564127925,0.0011142569813388584,2.8832429090051366,3.5216727725150996,3.543367642948213,0.6601247339430762
765.8779785925798,20.138243453053555,-0.021104954852976476,-0.013635844722500678,0.5898368687400992,0.4779917791340935,0.4813338306182941,-0.10850303812180512,-0.035426362450681696,-0.041276845830225284,-0.04334773723703024,-0.007921374786348544,2.780913506568858,3.4263913906556667,3.44808626108878,0.667172754519922
776.3662012311842,20.126607150979833,0.00036699919429139527,-0.006335093906159273,0.6060402967023522,0.5093912188930076,0.5127332703772083,-0.09330702632514387,-0.03640314184560367,-0.02885418247826621,-0.030925073885071167,0.005478067960532504,2.680826372851997,3.351997767384553,3.3736926378176664,0.6928662649656694
786.99805355649,20.104472342708632,-0.011394682008301515,0.001996984254297729,0.6226872858211991,0.5261898709482935,0.5295319224324941,-0.093155363388705,-0.03740684894716459,-0.020717717647158906,-0.022788609053963862,0.014618239893200727,2.5829143679174473,3.2270088232404746,3.248703693673588,0.6657893257561405
797.7755024877378,20.12226341905442,-0.008359642633280373,0.005922427334926539,0.6397899014757334,0.5488561314071383,0.5521981828913389,-0.08759171858439452,-0.0384382258644475,-0.030802818589080516,-0.03287370999588547,0.005564515868562027,2.4871098020964566,3.096052225520836,3.1177470959539493,0.6306372938574927
808.7005418799022,20.118350341165637,0.002677659605481608,0.0016852362871837556,0.6573605337643942,0.5471141764850671,0.5504562279692677,-0.10690430579512644,-0.03949803514591592,-0.03753727182300537,-0.039608163229810325,-0.00011012808389440631,2.3933446729922747,3.032995684519676,3.0546905549527894,0.6613458819605147
819.7751928925649,20.115061751626193,0.02092965388203183,-0.0036219041869038904,0.6754119061124104,0.5659634553416169,0.5693055068258175,-0.10610639928659293,-0.04058706034169802,-0.034531534983429424,-0.03660242639023438,0.003984633951463638,2.3015508677359056,2.933833283103919,2.955528153537032,0.6539772858011266
831.0015043638284,20.11400416102059,0.019203846921410417,-0.0057683962093584285,0.6939570841046807,0.5997378938211071,0.6030799453053077,-0.09087713879937298,-0.04170610658122506,-0.04158227941631765,-0.0436531708231226,-0.001947064241897542,2.211660334644581,2.8181084552817097,2.839803325714823,0.6281429910702419
842.38155318936,20.13280636163018,0.023250319506015416,-0.007203800359850021,0.7130094845498492,0.6054053607890602,0.6087474122732608,-0.10426207227658846,-0.04285600116681474,-0.05281679270655815,-0.0548876841133631,-0.012031682946548362,2.1236052279284787,2.6800277901146394,2.7017226605477527,0.578117432619274
853.9174447066213,20.123513037948143,0.004930662390545848,-0.017400549742358606,0.732582884782401,0.6106051483301798,0.6139471998143804,-0.11863568496802057,-0.04403759418349515,-0.04490292779432892,-0.04697381920113387,-0.0029362250176387245,2.0373180287514856,2.599198481267422,2.620893351700535,0.5835753229490495
865.6113130843603,20.143997055454356,-0.006227061189445493,0.009720409603442448,0.7526914322075985,0.6162386247619587,0.6195806762461593,-0.13311075596143918,-0.04525175912553415,-0.04494412124966374,-0.047015012656468694,-0.0017632535309345457,1.9527316454249808,2.4909570918338986,2.512651962267012,0.559920316842031
877.4653217174417,20.16045710910672,0.009218438277606822,0.020609062931256972,0.7733496540977229,0.6200256812728817,0.6233677327570823,-0.1499819213406406,-0.04649939354020473,-0.03006289106928861,-0.03213378247609357,0.014365611064111161,1.8697794952759272,2.3982970306082976,2.419991901041411,0.5502124057654836
889.4816636270748,20.182647376751063,0.006179621793240386,0.010810016545963919,0.7945724676449908,0.659720509851649,0.6630625613358496,-0.13150990630914117,-0.04778141968918295,-0.032218314414532045,-0.034289205821337,0.01349221386784595,1.788395570439928,2.3047457674795346,2.326440637912648,0.53804506747272
901.6625618665314,20.17006108572211,-0.00609370956361488,0.013357677899929143,0.8163751902787602,0.6655089036836834,0.6688509551678841,-0.1475242351108761,-0.04909878522805028,-0.03846250271554652,-0.04053339412235148,0.008565391105698802,1.7085144894619961,2.240994660060693,2.262689530493806,0.55417504103181
914.0102699324154,20.15739081360956,-0.01783671736517789,0.007891779520495135,0.8387735502537379,0.7088639813265019,0.7122060328107025,-0.1265675174430354,-0.0504524639044889,-0.0367833913488127,-0.038854282755617656,0.011598181148871248,1.630071536500912,2.1468942195950795,2.168589090028193,0.5385175535272808
926.5270721815654,20.10585025503893,0.016152051742874818,0.010121104825362437,0.8617836975169635,0.7382908597095117,0.7416329111937123,-0.12015078632325116,-0.051843456275569307,-0.02929637592763612,-0.031367267334441076,0.02047618894112823,1.5530026895847946,2.0795096978188177,2.101204568251931,0.5482018786671363
939.2152842536661,20.119404663838047,0.015800956136587274,0.0015259048572353606,0.885422214861229,0.7477080528369342,0.7510501043211348,-0.13437211054009413,-0.053272790444734444,-0.037347925938917115,-0.03941881734572207,0.013853973099012373,1.4772446392969643,2.000994511027784,2.0226893814608973,0.545444742163933
952.077253499648,20.120975071703292,-0.005358648071453587,0.0059961997943744905,0.9097061293717289,0.7535552589695413,0.756897310453742,-0.15280881891798692,-0.0547415228189292,-0.05451361719582337,-0.05658450860262833,-0.0018429857836991248,1.402734799054807,1.8449249807028494,1.8666198511359626,0.4638850520811557
965.1153594159524,20.12215742330425,0.004183425351744319,0.006051939532500938,0.9346529241751721,0.7635670296270618,0.7669090811112624,-0.16774384306390966,-0.05625073888653514,-0.05400864356357005,-0.056079534970375,0.00017120391616013558,1.32941130800533,1.7921029906532873,1.8137978610864005,0.4843865530810705
978.3320140847452,20.153372410868702,-0.022116601004732672,-0.018886635693846188,0.9602805504994949,0.8000129738182444,0.8033550253024451,-0.15692552519704983,-0.05780155401659551,-0.047630570239338255,-0.04970146164614321,0.008100092370452297,1.2572130274629112,1.7196823459207131,1.7413772163538264,0.48416418889091517
991.7296626201569,20.123246865344505,-0.005090536236377119,-0.0021648570971777303,0.9866074400505126,0.8231541433869616,0.8264961948711622,-0.16011124517935038,-0.059395114279912446,-0.054606087495479017,-0.05667697890228397,0.0027181353776284736,1.1860795316934518,1.6788074047335328,1.700502275166646,0.5144227434731943
1005.310783620636,20.115378809600415,0.007813850369707609,-0.0008128750569085241,1.0136525177176834,0.8638705684412713,0.8672126199254719,-0.14643989779221145,-0.061032597292673095,-0.03529598854688487,-0.03736687995368983,0.023665717338983268,1.1159510937389099,1.5738174502120401,1.5955123206451534,0.4795612269062435
1019.0778896274951,20.112846609296113,0.004656176749325169,0.0014539316788493295,1.0414352146147425,0.8971993326601577,0.9005413841443584,-0.14089383047038417,-0.06271521308314888,-0.05208683058594943,-0.054157721992754385,0.008557491090394498,1.0467686669191296,1.4745029493561042,1.4961978197892174,0.4494291528700878
1033.0335275897378,20.114645273441106,-0.006032845386098273,-0.009820457810583605,1.0699754814651186,0.9093847564626785,0.9127268079468791,-0.15724867351823946,-0.06444420498212823,-0.056338601794003296,-0.05840949320080825,0.006034711781319979,0.978473862550566,1.395038040568405,1.4167329110015183,0.4382590484509523
1047.18027933525,20.105817430909163,0.01757104452000746,-0.015104935584890455,1.099293802342615,0.9214561324925867,0.9247981839767874,-0.17449561836582772,-0.06622085053774167,-0.04869043367234838,-0.05076132507915333,0.015459525458588336,0.9110089243784583,1.334782108013954,1.3564769784470672,0.4454680540686089
1061.5207620484455,20.1148295195946,-0.001976800302202264,-0.0048514997951834005,1.129411208774571,0.9466634509217648,0.9500055024059655,-0.17940570636860542,-0.06804646245531316,-0.04914390543956415,-0.05121479684636911,0.016831665608944057,0.8443167001192321,1.2852635797164567,1.30695845014957,0.4626417500303378
1076.0576287544507,20.09094287412467,-0.02439517521570167,-0.002950824600059576,1.1603492942186413,0.976840693849585,0.9801827453337857,-0.18016654888485562,-0.06992238956293682,-0.05049628872190226,-0.05256718012870722,0.017355209434229607,0.7783406105298065,1.2005022090261406,1.2221970794592538,0.4438564689294473
1090.79356880992,20.12202905253143,-0.021599315567261357,0.002316115106506089,1.1921302289223743,1.0214999103465345,1.0248419618307352,-0.16728826709163913,-0.07185001780345543,-0.05049961468826325,-0.052570506095068206,0.019279511708387223,0.7130246162906908,1.1432961413273581,1.1649910117604714,0.45196639546978057
1105.731308400579,20.138424738080115,-0.027029139480511333,0.004666695951748068,1.2247767751741416,1.036253965503878,1.0395960169880787,-0.18518075818606294,-0.07383077125360332,-0.06513684629612371,-0.06720773770292866,0.006623033550674659,0.6483131830335189,1.0881583208453947,1.109853191278508,0.461540008244989
1120.8736110455673,20.137297191868665,-0.012072305551455997,-0.006099628392263412,1.2583123029575103,1.0599810167754775,1.0633230682596782,-0.19498923469783214,-0.07586611317102004,-0.08268508720525602,-0.08475597861206098,-0.008889865441040937,0.5841512447318407,1.0056968508243962,1.0273917212575094,0.4432404765256688
1136.2232781087014,20.15527870850768,-0.007173160455550942,-0.013225904379687847,1.292760806016374,1.0855512601797592,1.0888933116639599,-0.20386749435241414,-0.07795754706985908,-0.07860561818754874,-0.0806765095943537,-0.0027189625244946197,0.5204841657179846,0.9328164295307886,0.9545112999639018,0.4340271342459172
1151.783149316734,20.116872420073214,-0.015865785937240418,-0.01145459700377316,1.3281469183414807,1.1237603754622185,1.1271024269464192,-0.20104449139506153,-0.08010661782586648,-0.07163420593983005,-0.07370509734663501,0.006401520479231468,0.45725770149752487,0.8624395247642624,0.8841343951973757,0.4268766936998508
1167.5561032847093,20.110120522275256,-0.01881894813214302,-0.0037672413036418106,1.36449593108855,1.1627508826478596,1.1660929341320603,-0.19840299695648977,-0.08231491281158781,-0.06802128229131554,-0.0700921736981205,0.012222739113467315,0.39441795855673234,0.8078707074500677,0.829565577883181,0.43514761932644863
1183.5450580485133,20.12593289403816,0.0009556813267792563,-0.0008581407973480282,1.4018338099352055,1.1854057248678522,1.1887477763520529,-0.2130860335831526,-0.08458406306268978,-0.08633046210634276,-0.08840135351314772,-0.003817290450457936,0.3319113533142229,0.7090612722155818,0.730756142648695,0.39884478933447215
1199.7529716047225,20.10637125950519,0.003474513283357794,0.02675405109945217,1.4401872128882047,1.2326121204721723,1.235954171956373,-0.2042330409318318,-0.08691574447608216,-0.06289686349500201,-0.06496775490180696,0.021947989574275198,0.26968457036011007,0.6556819432559244,0.6773768136890377,0.4076922433289276
1216.182842457833,20.112269545274096,0.02174113768472452,0.028834736778353687,1.4795835085464069,1.2641469346499505,1.2674889861341512,-0.21209452241225568,-0.08931167904079998,-0.07871975221582161,-0.08079064362262657,0.008521035418173409,0.2076845201128757,0.5900497186505689,0.6117445890836821,0.40406006897080643
1232.837710174997,20.1173242873771,0.007263242385306512,0.008870303238371235,1.5200507948296413,1.2846335882812596,1.2879756397654603,-0.23207515506418108,-0.09177363610249376,-0.06790836892339058,-0.06997926033019554,0.021794375772298216,0.14585829600272626,0.5298679990850843,0.5515628695181976,0.4057045735154713
1249.7206559483484,20.115210359435885,-0.004114371957012253,0.004489766250003413,1.5616179181786451,1.2948476747403959,1.2981897262245965,-0.26342819195404865,-0.0943034336624752,-0.09017439670104466,-0.09224528810784961,0.002058145554625593,0.08415313129397395,0.4881595612655829,0.5098544316986962,0.4257013004047222
1266.8348031650314,20.121715413367408,-0.02131011750866918,0.002241231388854459,1.6043144932331541,1.330673465022933,1.3340155165071337,-0.27029897672602043,-0.09690293971219013,-0.07288661626673232,-0.07495750767353727,0.02194543203865286,0.022516355644973517,0.40430549948583305,0.4260003699189463,0.4034840142739728
1284.1833179850344,20.109109557505132,-0.010936984063057764,0.015966113338077292,1.6481709229909214,1.4046038013033773,1.407945852787578,-0.2402250702033435,-0.09957407360415517,-0.06982250719555694,-0.0718933986023619,0.027680675001793276,-0.0391046485030419,0.33645244840638,0.35814731883949324,0.39725196734253515
1301.7694099269384,20.10028099510253,-0.021888499150065854,-0.011945029510602723,1.693218419452652,1.4287880214316928,1.4321300729158934,-0.2610883465367586,-0.1023188074602758,-0.08387203194332926,-0.08594292335013422,0.016375884110141584,-0.10076248961965913,0.30694726316651355,0.3286421335996268,0.4294046232192859
1319.596332461685,20.105130771607996,-0.009993358501400706,0.00034621159540293434,1.7394890247511863,1.4609864741787142,1.4643285256629148,-0.27516049908827145,-0.10513916761861224,-0.08339547884696685,-0.08546637025377181,0.019672797364840428,-0.16250981076653778,0.19465575811322822,0.21635062854634143,0.3788604393128792
1337.6673836144776,20.101378612159632,-0.010968615428552653,-0.012760485189623694,1.7870156327656184,1.5019459328575202,1.5052879843417208,-0.2817276484238975,-0.10803723611961286,-0.0858551804779637,-0.08792607188476866,0.0201111642348442,-0.22439933318918825,0.13439291176733548,0.1560877822004487,0.380487115389637
1355.9859065749235,20.104924391524843,0.016919209049270023,-0.0006771692023690434,1.8358320112140014,1.5335578301909472,1.5368998816751478,-0.2989321295388536,-0.11101515223283927,-0.08037310780241569,-0.08244399920922064,0.028571153023618623,-0.2864838997135398,0.09470396817168236,0.11639883860479558,0.40288273831833543
1374.5552903155324,20.12431550288257,0.01127115511209098,-0.009218532379385636,1.8859728242181617,1.5908921801875344,1.594234231671735,-0.29173859254642664,-0.11407511402538831,-0.09892561207970729,-0.10099650348651225,0.01307861053887606,-0.3488165178721572,0.01589683490229632,0.037591705335409537,0.38640822320756674
1393.3789702186855,20.13971938873523,0.018516000722058834,-0.018838136530597183,1.9374736553266607,1.6268093215310913,1.630151373015292,-0.3073222823113688,-0.11721937997299607,-0.10777279821073193,-0.10984368961753689,0.00737569035545918,-0.4114504026381219,-0.03531013489262591,-0.013615264459512694,0.39783513817860916
1412.4604287121892,20.14611897754514,0.024612891950134497,-0.01301366419983907,1.9903710309805598,1.6773845433480297,1.6807265948322303,-0.3096444361483295,-0.12045027061512567,-0.08685904212022422,-0.08892993352702917,0.0315203370880965,-0.4744390186824707,-0.1024156588379661,-0.08072078840485289,0.39371823027761776
1431.803195913533,20.14244386723785,-0.017904497421259435,-0.01403787092458586,2.04470244439661,1.709764279341563,1.7131063308257637,-0.3315961135708465,-0.12377017025504458,-0.10136163270264475,-0.10343252410944971,0.02033764614559487,-0.53783612201679,-0.16819140335244853,-0.14649653291933531,0.3913395890974547
1451.41085028297,20.183212031553833,0.007738096059490829,-0.018189814682987304,2.1005063798408363,1.756691174375927,1.7600332258601277,-0.34047315398070865,-0.12718152870637894,-0.11364320850014664,-0.1157140999069516,0.011467428799427345,-0.6016958009057864,-0.2056535773728143,-0.1839587069397011,0.4177370939660854
1471.2870192855398,20.145136925839182,0.003921720328200706,-0.0008918053239703738,2.1578223372502254,1.823954601175103,1.8272966526593037,-0.3305256845909217,-0.13068686308703037,-0.09685803341955435,-0.0989289248263593,0.03175793826067107,-0.6660725158997299,-0.28382885943379677,-0.2621339890006835,0.4039385268990464
1491.4353800621643,20.121854040771872,0.005164612829215542,-0.0002611190781180994,2.2166908571578023,1.8598087658187907,1.8631508173029914,-0.353540039854811,-0.13428875966213188,-0.11083002583905,-0.11290091724585495,0.021387842416276934,-0.7310211388232504,-0.31838095437027647,-0.2966860839371632,0.43433505488608715
1511.8596601099196,20.12493228500739,0.00904106203551791,-0.009982988493590028,2.277153545858834,1.9231224398009203,1.926464491285121,-0.3506890545737129,-0.13798987573703644,-0.11701603053650445,-0.1190869219433094,0.018902953793727043,-0.7965969905505282,-0.42906843749835133,-0.4073735670652381,0.38922342348529015
1532.5636379716366,20.08964644240696,0.004172276379957651,-0.00623575911644636,2.339253100746977,1.982049443631496,1.9853914951156966,-0.3538616056312802,-0.14179294160189168,-0.12228614044001773,-0.12435703184682269,0.017435909755068993,-0.8628558773460862,-0.46946188626381513,-0.4477670158307019,0.41508886151538427
1553.5511439349418,20.09457836711996,-0.023172655040575307,0.004896642970138032,2.4030333357286824,2.0247327401044224,2.028074791588623,-0.3749585441400596,-0.14570076252911213,-0.12979622520464318,-0.13186711661144812,0.013833645917664006,-0.9298541255503936,-0.5144353082148534,-0.49274043778174015,0.43711368776865345
1574.8260607408681,20.10401541175634,-0.0360808603079974,-0.0008555857305907466,2.468539206611466,2.064991849601075,2.0683339010852753,-0.4002053055261907,-0.14971622082517672,-0.12339068047584689,-0.12546157188265183,0.02425464894252488,-0.9976486143527231,-0.5674289487499742,-0.5457340783168609,0.4519145360358622
1596.3923243021707,20.08292794791424,-0.010462675131087451,0.008429678124350914,2.5358168363322435,2.1457450983417665,2.149087149825967,-0.3867296865062766,-0.1538422779382696,-0.11636160073419433,-0.11843249214099928,0.03540978579727032,-1.066296806339083,-0.6396015618738495,-0.6179066914407363,0.4483901148983467
1618.2539244314871,20.116443862486257,-0.0171295774225122,-0.004340847988437702,2.604913539874587,2.1984536944189017,2.201795745903102,-0.40311779397148495,-0.15808197662314416,-0.1158758258194581,-0.11794671722626306,0.040135259396881104,-1.1358567754925446,-0.740483766813,-0.7187888963798867,0.41706787911265786
1640.4149055794535,20.148193231554153,-0.01673853896912547,-0.022583015055676725,2.675877848686547,2.273017710762886,2.2763597622470866,-0.3995180864394605,-0.1624384431649616,-0.13423797709029373,-0.13630886849709867,0.02612957466786292,-1.2063872322541602,-0.8075593756030841,-0.7858645051699709,0.42052272708418936
1662.879367582943,20.094140576336905,-0.024561408282945507,0.013756373111945663,2.748759534379905,2.3394144199813276,2.342756471465528,-0.40600306291437693,-0.16691488966344228,-0.12204723316902033,-0.12411812457582529,0.042796765087617,-1.2779475452148572,-0.8691539068497001,-0.8474590364165868,0.4304885087982704
1685.651466423546,20.146747357628463,-0.026117746496272076,-0.03171760303282767,2.8236096314494006,2.3726318832767,2.3759739347609004,-0.44763569668850023,-0.1715146163791935,-0.1438585550121836,-0.14592944641898853,0.025585169960204962,-1.3505977589415914,-0.9491132382679766,-0.9274183678348633,0.4231793911067281
1708.735414996436,20.12847096699322,-0.02263080721890276,-0.00643926140273976,2.9004804587022504,2.4511231725237117,2.454465224007912,-0.44601523469433824,-0.17624101414370885,-0.14291951252833002,-0.14499040393513496,0.03125061020857389,-1.424398607377765,-0.9987396068576047,-0.9770447364244914,0.4473538709532736
1732.1354838897657,20.12845935784822,-0.005810317535409837,0.0008567488289763503,2.9794256390320912,2.5279595939818975,2.531301645466098,-0.4481239935659933,-0.18109756683485495,-0.1473098633793377,-0.14938075478614266,0.031716812048712295,-1.4994115221774018,-1.0635904073513665,-1.0418955369182532,0.4575159852591486
1755.8560021747376,20.11929858588436,-0.0030668374581104274,-0.01832125014959729,3.060500117106021,2.572620426596412,2.5759624780806125,-0.4845376390254086,-0.1860878539195582,-0.1635362428608076,-0.16560713426761253,0.020480719651945672,-1.575698635259195,-1.1406143972892835,-1.1189195268561702,0.4567791084030248
1779.9013582064913,20.075483639239703,-0.003878447759454673,0.0032625709008193837,3.143760174456765,2.642310633602765,2.6456526850869655,-0.4981074893697994,-0.1912155530655863,-0.1508551451447211,-0.15292603655152603,0.03828951651406026,-1.6533227747430188,-1.1848192463961595,-1.1631243759630463,0.4901983987799725
1804.2760004359614,20.04599152627177,-0.011721859093555054,0.016400349941228853,3.2292634413818333,2.7150305161597217,2.718372567643922,-0.5108908737379112,-0.19648444282412733,-0.1588958817866697,-0.16096677319347463,0.0355176696306527,-1.7323474533499092,-1.2492845766022782,-1.227589706169165,0.5047577471807443
1828.9844382328517,20.03287342312794,-0.034406692385111626,0.009224150860365654,3.31706890494595,2.8087363896454036,2.812078441129604,-0.504990463816346,-0.20189840538527778,-0.1859293775280051,-0.18800026893481003,0.013898136450467752,-1.8128368481961876,-1.321362103879462,-1.2996672334463488,0.5131696147498388
1854.03124271988,20.06453328960285,-0.005586450104555496,0.004111065690320714,3.4072369122623245,2.891984578085328,2.8953266295695284,-0.5119102826927961,-0.20746142940823403,-0.18493989870456318,-0.18701079011136812,0.020450639296865913,-1.8948557707816653,-1.424685239340814,-1.4029903689077008,0.49186540187396455
1879.421047618447,20.099854048858905,-0.008480506502792196,0.0,3.4998291680819578,2.9662014810635213,2.9695435325477217,-0.530285635534236,-0.21317761292827755,-0.1713549802594052,-0.17342587166621015,0.0397517412620674,-1.9784696258012067,-1.4986650950297218,-1.4769702245966085,0.5014994012045981
1905.158550105886,20.082850108371296,-0.017569144867476183,0.020775855394859377,3.5949087255539873,3.0595954376411605,3.062937489125361,-0.5319712364286264,-0.2190511663426198,-0.15051512960421576,-0.1525860210110207,0.06646514533159911,-2.0637443572308847,-1.5847590830378344,-1.5630642126047212,0.5006801446261635
1931.2485116844532,20.087276299337496,0.0011026197330892273,0.007513886280410276,3.692539968823643,3.1117829500438887,3.115125001528089,-0.577414967295554,-0.22508641547724956,-0.15885106526604886,-0.1609219566728538,0.06416445880439575,-2.150746379920422,-1.6327736083984128,-1.6110787379652995,0.5396676419551225
1957.6957590622171,20.0756891905351,-0.006814216881661395,0.017574015320548142,3.7927885859036903,3.1974622824584955,3.200804333942696,-0.5919842519609944,-0.2312878047369299,-0.17400815885628163,-0.17607905026308657,0.055208754473843324,-2.2395424946948124,-1.695800739857635,-1.6741058694245217,0.5654366252702907
1984.5051850460118,20.053565419847164,0.0033657289115822664,0.020746210548622912,3.89572152998653,3.2727704621474025,3.276112513631603,-0.6196090163549273,-0.23765990034057416,-0.18249302160092284,-0.1845639130077278,0.05309598733284637,-2.3301997846833404,-1.7880697057947863,-1.766374835361673,0.5638249493216674
2011.6817494466159,20.023513122966058,-0.021194007672729498,0.023540857283979477,4.001406967049078,3.3601071131962996,3.3634491646805,-0.6379578023685784,-0.24420739364438476,-0.18442341428823994,-0.18649430569504488,0.05771308794933988,-2.42278549030485,-1.8643130005041968,-1.8426181300710835,0.5801673602337662
2039.2304799963385,20.050833949363586,-0.0422647279294317,0.054618245670386756,4.109914207236668,3.4824963940261426,3.485838445510343,-0.6240757617263246,-0.25093510455508095,-0.1795127023347014,-0.18158359374150634,0.0693515108135746,-2.517366859967996,-1.9499290315972928,-1.9282341611641796,0.5891326988038164
2067.15647327915,19.997827395565725,-0.01723725378601415,0.03154938249154782,4.221313617076291,3.619073194654174,3.6224152461383743,-0.5988983709379165,-0.2578479850356043,-0.20006626848246256,-0.2021371598892675,0.055710825146336795,-2.6140109731689263,-2.045174219245279,-2.023479348812166,0.5905316243567604
2095.4648956735705,19.978022417747553,-0.01529438079952783,0.03323973168373229,4.335676509070202,3.7006670934752606,3.704009144959461,-0.6316673641107413,-0.2649511227058701,-0.2015371230999321,-0.20360801450673705,0.06134310819913308,-2.7127845322104562,-2.1456061079510036,-2.1239112375178903,0.5888732946925659
2124.160984308462,20.03317411144033,-0.040739237966722186,0.020604913392279656,4.4530750046281256,3.8098939048851435,3.813235956369344,-0.6398390482587817,-0.27224974454113005,-0.1940891448872506,-0.19616003629405554,0.0760897082470745,-2.8137536182683407,-2.2425312323199194,-2.220836361886806,0.5929172563815346
2153.2500480319068,20.046429368161608,-0.03684919538353171,0.010724167798841222,4.573581865605348,3.9003266198089825,3.903668671293183,-0.6699131943121652,-0.27974922067054325,-0.22905069061521388,-0.23112158202201882,0.04862763864852443,-2.9169834069544196,-2.3464433940849254,-2.324748523651812,0.5922348833026074
2182.737468393366,20.090043929496975,-0.021680768167819053,-0.005994477925678865,4.697270288910619,3.972055708378665,3.9753977598628656,-0.721872529047753,-0.28745506827873296,-0.2507748229681148,-0.25284571437491976,0.0346093539038132,-3.022537837900077,-2.418216229505621,-2.3965213590725076,0.6260164788275695
2212.628700639271,20.088104581530732,-0.024918002572533737,-0.022183908326859125,4.824213657698641,4.056090665529521,4.059432717013721,-0.7647809406849193,-0.2953729556130435,-0.251169351829045,-0.2532402432358499,0.04213271237719357,-3.1304792321461195,-2.5182311742518415,-2.4965363038187283,0.6339429283273912
2242.9292747222526,20.10529747461722,-0.005790258393766123,-0.016309235861154292,4.95448524156708,4.147561402537772,4.1509034540219725,-0.8035817875451077,-0.3035087060994551,-0.2584785420578335,-0.26054943346463844,0.042959272634816636,-3.240867850342004,-2.61980151597756,-2.598106645544447,0.6427612047975573
2273.644796324218,20.07826898520912,0.021689447762824443,0.010428333811791646,5.088157836890378,4.2893375722822356,4.292679623766436,-0.7954782131239417,-0.3118683025700827,-0.2423051919482404,-0.24437608335504535,0.06749221921503734,-3.353761383858447,-2.7177188013049616,-2.6960239308718483,0.6577374529865985
2304.780947893394,20.071566065248412,0.013159766866763789,0.014495273809306042,5.225303336925448,4.417465751715763,4.420807803199964,-0.8044955337254835,-0.32045789160522675,-0.25011660294846294,-0.2521874943552679,0.06827039724995887,-3.469214369923881,-2.8170374945629675,-2.7953426241298542,0.6738717457940266
2336.343489695603,20.091990151248986,0.0050581663798254795,0.008227329363009517,5.365992219588939,4.533449919201068,4.536791970685269,-0.8292002489036703,-0.3292837879932037,-0.2507178127066645,-0.25278870411346943,0.07649508387973425,-3.5872775208258934,-2.932553151245642,-2.910858280812529,0.6764192400133644
2368.3382608799257,20.0257252839601,-0.013946938771933759,0.027060080898191785,5.510292938785547,4.684345216675574,4.687687268159775,-0.8226056706257721,-0.3383524793111148,-0.27300155310606655,-0.2750724445128715,0.06328003479824329,-3.707996956023341,-3.029474096215459,-3.007779225782346,0.7002177302409951
2400.7711805589593,19.999738071590407,0.004828645417504163,0.008840950837029737,5.658271202834703,4.801124239554582,4.804466291038783,-0.8538049117959199,-0.3476706306298482,-0.2768916062785962,-0.27896249768540116,0.06870813294444705,-3.8314133247546023,-3.119867635725541,-3.0981727652924276,0.7332405594621747
2433.648248903866,20.003195844744667,-0.0004712095698131691,0.014460026691384797,5.809989120851954,4.9209576804009245,4.924299731885125,-0.8856893889668287,-0.35724508934672927,-0.2942303880648929,-0.2963012794716978,0.06094380987503145,-3.957560805366094,-3.2128839216118124,-3.191189051178699,0.7663717541873947
2466.9755482544215,19.99766432159797,-0.021587434696051844,0.02387515348358704,5.9655041948613725,5.066576194445073,5.069918245929274,-0.8955859489320988,-0.36708289014937623,-0.3345867023594771,-0.336657593766282,0.030425296383094214,-4.086465966185269,-3.357222043533394,-3.3355271731002807,0.7509387930849885
2500.759244244262,19.981367844833645,-0.019643105592002996,0.030524034190882787,6.124868131890394,5.1998447355942865,5.203186787078487,-0.9216813448119066,-0.37719126011423737,-0.3095799830648538,-0.31165087447165873,0.06554038564257864,-4.218146471325656,-3.4487404263282,-3.427045555895087,0.7911009154305688
2535.0055869415423,19.946745458810682,-0.010484966378907501,-0.011241031909680288,6.288125446321078,5.338967689993208,5.342309741477409,-0.9458157048436693,-0.38757762394365736,-0.3213123636832407,-0.3233832550900456,0.06419436885361174,-4.352609613415889,-3.5860498936085463,-3.564355023175433,0.7882545902404559
2569.7209120052134,19.950723589087993,-0.010253728157660902,0.015880693742634122,6.4553118183027,5.484543375686755,5.487885427170956,-0.9674263911317444,-0.39824960934519793,-0.3239900672281131,-0.326060958634918,0.07218865071027991,-4.489850653949818,-3.700454168810225,-3.678759298377112,0.8110913555727066
2604.9116418571334,19.954535177798405,-0.03068809820133822,-0.003910368259031571,6.626452169084534,5.654205197526963,5.657547249011164,-0.9689049200733706,-0.4092150525571911,-0.33182076312223785,-0.3338916545290428,0.0753233980281483,-4.6298509508847445,-3.8388960164282864,-3.817201145995173,0.8126498048895714
2640.5842868702416,20.055775822354065,0.011515097879854608,-0.008308003100726324,6.801558408731747,5.750639015648524,5.753981067132725,-1.0475773415990224,-0.42048200402457153,-0.3752841545040546,-0.37735504591085955,0.04312695811371198,-4.772575852392778,-3.961460567116447,-3.9397656966833337,0.8328101557094447
2676.745446572978,20.069425697104258,0.024429584400426307,0.008898384022305805,6.980626805951971,5.935844410147816,5.9391864616320165,-1.0414403443199545,-0.4320587342291563,-0.32904699962060846,-0.3311178910274134,0.1009408432017429,-4.9179723355377085,-4.062219996743927,-4.040525126310814,0.8774472092268946
2713.401810870224,20.009459718261667,0.03066701765602531,-0.018225493866463438,7.163634923819036,6.142521595135154,6.145863646619355,-1.0177712771996816,-0.44395373967869417,-0.3383500195103579,-0.34042091091716287,0.1035328287615313,-5.065966369311238,-4.196786594421846,-4.175091723988733,0.8908746453225049
2750.5601612809464,20.049587125455663,0.015375183959015715,-0.01195126129891122,7.350538059360796,6.253094107169559,6.25643615865376,-1.0941019007070354,-0.45617574905908753,-0.3613803553141608,-0.36345124672096574,0.0927245023381218,-5.216459983323366,-4.3737124924741035,-4.35201762204099,0.864442361282376
2788.227372192799,19.98422547182269,-0.0031697452073196075,0.012685811986781204,7.541265119674918,6.429509367257047,6.432851418741248,-1.1084137009336699,-0.4687337295544003,-0.36126505827792244,-0.3633359496847274,0.10539777986967291,-5.369328026880639,-4.489984508646298,-4.468289638213185,0.9010383886674544
2826.4104121338983,19.94289786205728,0.0011502665868583506,0.00214378297589235,7.735713863154258,6.5640535286431,6.567395580127301,-1.1683182830269567,-0.4816368933393582,-0.40517090663226796,-0.4072417980390729,0.07439509530028532,-5.524414608778747,-4.576349383300949,-4.5546545128678355,0.9697600959109112
2865.1163450620197,19.924310052629185,-0.007588899032327845,0.011816415888461052,7.933745432470277,6.749634123221657,6.752976174705858,-1.1807692577644193,-0.49489470424916643,-0.4273805767329222,-0.4294514681397271,0.0654432361094393,-5.681529216531067,-4.739129158898333,-4.71743428846522,0.9640949280658475
2904.3523316714486,19.95916049859016,-0.028566791061788166,0.04188930795068302,8.135178107557177,6.909760974198935,6.913103025683136,-1.2220750818740411,-0.508516884631751,-0.41519707776141246,-0.4172679691682174,0.09124891546353364,-5.840442525728809,-4.899080529689378,-4.877385659256265,0.9630568664725443
2944.125630717724,19.94481361226405,0.003727669160497271,0.03625961241223763,8.33978021379887,7.1342549172766745,7.137596968760875,-1.2021832450379941,-0.5225134223875367,-0.44325325986651976,-0.4453241512733247,0.07718927111421203,-6.000881926683325,-5.1101319227739275,-5.088437052340814,0.9124448743425111
2984.4436003605297,19.94200005844852,-0.016098144272699955,0.04374660737171965,8.54726213545644,7.333054035265302,7.336396086749503,-1.2108660487069374,-0.5368945782021025,-0.4205921552603371,-0.42266304666714205,0.11423153153496046,-6.162526817414906,-5.19020391524014,-5.168509044807027,0.9940177726078794
3025.313699524966,19.997813418530093,-0.01958464764342338,0.017369546043394024,8.757267410297423,7.520315941323986,7.523657992808187,-1.2336094174892365,-0.5516708929773215,-0.4344515064530512,-0.43652239785985614,0.11514849511746539,-6.325003740414099,-5.356758859061898,-5.335063988628785,0.9899397517853137
3066.743489281484,19.958368028186552,0.004082672358890704,0.006270346001659988,8.969362922468735,7.691438563932387,7.694780615416588,-1.274582307052147,-0.5668531954665954,-0.4453767181063739,-0.44744760951317886,0.11940558595341655,-6.487881476328374,-5.488884222265405,-5.467189351832292,1.0206921244960823
3108.740634244683,19.9331255963913,0.010767812757151773,0.006104819258563765,9.183028271794576,7.887942790414659,7.89128484189886,-1.2917434298957167,-0.5824526101201475,-0.4646928904247183,-0.46676378183152323,0.11568882828862426,-6.650666251450494,-5.634948552473542,-5.613253682040429,1.0374125694100655
3151.3129039912965,19.932249325673077,0.027815975135879967,0.02771381209702284,9.397644484420011,8.137248282176905,8.140590333661105,-1.257054150758906,-0.5984805651463867,-0.48568565018933185,-0.4877565415961368,0.1107240235502499,-6.81279726772556,-5.820317533081052,-5.798622662647939,1.0141746050776206
3194.4681744975787,19.857340770619643,0.0029948751551955866,0.0574420137100482,9.61248234786391,8.350836594769458,8.354178646253658,-1.2583037016102523,-0.6149488007957997,-0.527498965465611,-0.529569856872416,0.08537894392338374,-6.973642823215712,-5.984907263096009,-5.9632123926628955,1.010430430552817
3238.2144295963817,19.85519594687159,0.022383678448946398,0.048046014081641886,9.826690808214927,8.518722514922036,8.522064566406236,-1.3046262418086911,-0.6318693778736046,-0.5089477644105571,-0.511018655817362,0.12085072205624259,-7.132497355504274,-6.113467989679535,-6.0917731192464215,1.0407242362578524
3282.559762454183,19.904756428077228,0.029891139346684525,0.05536698016953778,10.03928606139258,8.79179398611084,8.79513603759504,-1.2441500237975411,-0.6492546864882136,-0.5446660531417322,-0.5467369445485372,0.10251774193967644,-7.288579806532,-6.294849895343969,-6.273155024910856,1.0154247816211441
3327.512377068342,19.918386397846866,-0.0026093697820677164,0.018935332544582906,10.249142202597582,8.922562752981236,8.925904804465436,-1.3232373981321466,-0.6671174550422412,-0.5596879927077367,-0.5617588841145417,0.10535857092769951,-7.441033768661407,-6.434194058958095,-6.412499188524982,1.0285345801364256
3373.0805897848613,19.95355030572633,-0.005455229011896989,0.0394096489576512,10.45498455913632,9.1613970693645,9.1647391208487,-1.29024543828762,-0.6854707594733124,-0.5423267357624049,-0.5443976271692098,0.14107313230410257,-7.588929919442214,-6.599511843261322,-6.5778169728282085,1.0111129466140056
3419.2728308369287,19.940459066540274,-0.02169204000592373,0.00960809252237027,10.655387100890918,9.385531617483903,9.388873668968102,-1.2665134319228155,-0.7043280327522038,-0.5419822842489417,-0.5440531756557466,0.16027485709645717,-7.7312712748874555,-6.78123687413254,-6.759542003699427,0.9717292711880283
3466.0976459045332,19.972914021029467,-0.047128675786577645,-0.01922027630347145,10.848775563152982,9.651627966311842,9.654970017796042,-1.1938055453569394,-0.7237030746459262,-0.5729946159592245,-0.5750655073660295,0.14863756727989674,-7.867001773886631,-6.939927549734676,-6.918232679301563,0.9487690945850682
3513.5636976954347,19.945149938354547,-0.008799843922652428,-0.017225627096163265,11.033438072790707,9.836077937315423,9.839419988799623,-1.1940180839910841,-0.7436100617537518,-0.579734901933314,-0.581805793340119,0.16180426841363282,-7.995018634373951,-7.057168569860664,-7.035473699427551,0.9595449349463996
3561.6797675477983,19.908471346071295,-0.0027162342318582944,-0.0064877529965947645,11.207545066502114,10.052008929778772,10.055350981262972,-1.1521940852391417,-0.7640635578245565,-0.5735893485610504,-0.5756602399678553,0.18840331785670117,-8.114188780793357,-7.2356278715370035,-7.21393300110389,0.9002557796894672
3610.4547570547443,19.971980933408013,0.004723601763501506,-0.006005890350316179,11.369180042518263,10.192160090544562,10.195502142028761,-1.1736779004895013,-0.7850785243638458,-0.6216292341575205,-0.6237001255643254,0.16137839879952043,-8.223369422528563,-7.4389810526379705,-7.417286182204857,0.8060832403237059
3659.8976897111775,19.921746147083702,-0.03129022512760571,0.01308863838035279,11.516382110985624,10.423929992994431,10.42727204447863,-1.0891100665069935,-0.8066703315394759,-0.6412881671419939,-0.6433590585487988,0.16331127299067705,-8.321432563317448,-7.581186933477785,-7.559492063044671,0.7619405002727762
3710.0177125831556,19.91377429881179,0.01105171130237892,0.04329690566735778,11.647200348932152,10.676624544426183,10.679966595910383,-0.9672337530217696,-0.8288547693951469,-0.6743149716404737,-0.6763858630472787,0.15246890634786825,-8.40729285441171,-7.747189101330527,-7.7254942308974135,0.6817986235142959
3760.824098000117,19.925981270304305,0.0018926574955031583,0.04565729591202938,11.75975863222515,10.826106695156543,10.829448746640743,-0.930309885584407,-0.8516480593812359,-0.6870668969019178,-0.6891377883087227,0.16251027107251315,-8.479937797985214,-7.858734006804337,-7.8370391363712235,0.64289866161399
3812.3262452702847,19.927909810808003,-0.003822659517982885,0.0380245772983443,11.852328015666355,10.973473852854887,10.976815904339087,-0.8755121113272679,-0.8750668662127219,-0.7314222777530794,-0.7334931691598844,0.1415736970528375,-8.538458907704648,-7.982037807883017,-7.960342937449904,0.5781159702547436
3864.5336824195642,19.90558447650489,0.030800534866962437,-0.0017053934719264419,11.923402085572272,11.159065818860242,11.162407870344442,-0.7609942152278304,-0.8991283100643565,-0.7585786764318954,-0.7606495678387003,0.13847874222565615,-8.582082099497285,-8.107654704141972,-8.08595983370886,0.49612226578842566
3917.456067954249,19.975298592425204,0.044100498460718285,0.019099039773763593,11.971769339955493,11.382292717242336,11.385634768726536,-0.586134571228957,-0.9238499791137111,-0.7846465558885427,-0.7867174472953476,0.1371325318183635,-8.610195381305223,-8.268042170247835,-8.246347299814722,0.3638480814905005
3971.1031926478718,19.969334692120366,0.026709225788216884,0.03822220460787662,11.996575923107597,11.524925896868748,11.528267948352948,-0.4683079747546497,-0.949249942442878,-0.7820128032795388,-0.7840836946863438,0.1651662477565342,-8.62237189188829,-8.294168011128654,-8.272473140695542,0.3498987511927485
4025.484981352518,19.913688663824153,0.022938747702404783,0.008848207948108922,11.99737225647921,11.649818756725217,11.653160808209417,-0.34421144826979244,-0.9753467633100649,-0.7913186595280877,-0.7933895509348926,0.18195721237517226,-8.618386539051343,-8.425051872141202,-8.40335700170809,0.2150295373432538
4080.6114948349523,19.88495239369733,0.041485515706646936,-0.02272250922779051,11.9741383946689,11.765234686345249,11.768576737829449,-0.2055616568394516,-1.0021595128027538,-0.8345898675422951,-0.8366607589491001,0.16549875385365376,-8.5982249061084,-8.498522762821102,-8.47682789238799,0.12139701372041145
4136.4929316378775,19.850734826536097,0.033324659929192535,-0.02774376310602733,11.927285169450652,11.863298504220761,11.866640555704961,-0.060644613745690634,-1.0297077838844022,-0.8642765910416799,-0.8663474824484848,0.1633603014359174,-8.56208369146827,-8.598129190826398,-8.576434320393286,-0.014350628925015485
4193.139629966712,19.86464905919263,0.00019992415359482152,-0.005689895566892034,11.857630987287394,11.972668205343137,11.976010256827337,0.11837926953994327,-1.058011705847046,-0.8834744598882622,-0.8855453512950672,0.17246635455197878,-8.510362644300601,-8.661967295399371,-8.640272424966259,-0.12990978066565795
4250.562069602152,19.9063625529154,-0.051267973532283406,0.0033715081951548598,11.766356974818141,12.018350906980572,12.021692958464772,0.25533598364663135,-1.0870919591825627,-0.9123723996448447,-0.9144432910516497,0.17264866813091306,-8.443648662522248,-8.679606532718193,-8.65791166228508,-0.21426299976283225
4308.770873838982,19.885457430559182,-0.05424067865228466,0.0361135100284784,11.654945472741773,12.070294372841929,12.073636424326128,0.418690951584356,-1.1169697908857297,-0.8999930294891705,-0.9020639208959754,0.21490586998975425,-8.362693329948295,-8.660506396491572,-8.63881152605846,-0.27611819611016486
4367.776811451398,19.898086682596247,-0.03300687333675256,0.023900639143121793,11.525108262327583,12.045359028473388,12.048701079957588,0.5235928176300053,-1.1476670302024614,-0.9282495068578989,-0.9303203982647038,0.2173466319377576,-8.268385608770387,-8.67782294767171,-8.656128077238598,-0.38774246846821114
4427.590798685264,19.90743434686336,-0.034526715727356105,0.0441426571508039,11.378711220982897,12.01906870745701,12.02241075894121,0.6436995379583124,-1.1792061048373066,-0.9327168644528925,-0.9347877558596974,0.24441834897760917,-8.161721627053938,-8.696167872929248,-8.674473002496136,-0.512751375442198
4488.223901277642,19.91911034635619,-0.06452104197274267,0.025599347158795638,11.217701451340076,11.959792135625207,11.963134187109407,0.7454327357693309,-1.2116100576340454,-0.9794149540744677,-0.9814858454812726,0.2301242121527728,-8.043773503789009,-8.668247066433747,-8.646552196000634,-0.6027786922116256
4549.687336503982,19.903557120029866,-0.06408127114691098,0.02868537516679126,11.044041603159085,11.90278719327678,11.90612924476098,0.8620876416018941,-1.244902563744085,-0.9607310124495498,-0.9628019038563548,0.28210065988773014,-7.915658966604548,-8.587942493559424,-8.566247623126312,-0.650588656521764
4611.992475253345,19.87762714593098,-0.04888219146804218,0.037310504652811716,10.859654471449193,11.81205231332288,11.81539436480708,0.9557398933578867,-1.279107948297318,-0.9839608100683925,-0.9860317014751975,0.2930762468221205,-7.778513193829497,-8.526428889036032,-8.50473401860292,-0.7262208247734225
4675.1508441320475,19.833846888087542,-0.018391063118091466,0.025248337314902614,10.66637933764396,11.739261435405993,11.742603486890193,1.076224149246233,-1.3142512045903152,-1.0335847391166766,-1.0356556305234816,0.27859557406683355,-7.633463916866926,-8.406977790300681,-8.385282919867569,-0.7518190030006426
4739.17412759611,19.79377240701844,-0.026216691074942844,0.06543838769301402,10.465940156259725,11.63238081934897,11.63572287083317,1.1697827145734454,-1.3503580128070736,-1.0794049597367454,-1.0814758511435505,0.2688821616635231,-7.481610410894389,-8.303851220684251,-8.282156350251139,-0.8005459393567502
4804.074170112908,19.837704860910733,-0.05873472869657803,0.03518848888286641,10.259924693937066,11.438648590805638,11.441990642289838,1.182065948352772,-1.3874547592873827,-1.1266351842910005,-1.1287060756978056,0.25874868358957714,-7.324006628994173,-8.228912811296276,-8.207217940863163,-0.8832113118689904
4869.862978352447,19.867684438860152,0.002722767162889994,0.01723032267521063,10.04977311780609,11.267787260898118,11.271129312382318,1.2213561945762272,-1.4255685563580667,-1.1740677220764937,-1.1761386134832987,0.24942994287476794,-7.1616484273658205,-8.12239416750738,-8.100699297074268,-0.9390508697084474
4936.552723408595,19.92261927820728,-0.007192055261906916,0.02747235943110482,9.83677425563836,11.123468396622105,11.126810448106305,1.2900361924679444,-1.4647272627421428,-1.219682729809925,-1.2217536212167301,0.24297364152541268,-6.995464601017414,-8.002254594227995,-7.980559723794882,-0.9850951227774685
5004.155743050788,19.917090632409153,-0.009059049519542839,-0.01880383330476576,9.622067729113233,10.89164866564462,10.89499071712882,1.272922988015587,-1.504959504560611,-1.2682441798069632,-1.2703150712137683,0.2346444333468427,-6.826311300460462,-7.8581340211503985,-7.836439150717285,-1.010127850256823
5072.684544006544,19.8584356344291,-0.03468019708973813,-0.009416187513256347,9.40665030650658,10.752110186373098,10.755452237857298,1.3488019313507191,-1.5462946969413256,-1.3055025137962453,-1.3075734052030503,0.23872129173827528,-6.654969321404764,-7.718471754015971,-7.696776883582857,-1.0418075621780938
5142.151804275232,19.78687144326784,-0.034919959488139085,0.04624325265957552,9.191385056416156,10.579270891561364,10.582612943045564,1.3912278866294088,-1.5887630662486083,-1.2582793116008872,-1.2603502030076923,0.328412863240916,-6.482143737319966,-7.558003635114881,-7.536308764681768,-1.054165027361802
5212.570375473542,19.729562015534697,-0.0005850115120153987,0.054583855663903336,8.977012152380691,10.332188143948475,10.335530195432675,1.3585180430519834,-1.6323956729466018,-1.3033078099906632,-1.3053787013974683,0.32701697154913356,-6.30846536367385,-7.39276860974725,-7.371073739314137,-1.0626083756402869
5283.953285213062,19.701669296973854,0.014624545438824299,0.021643740304018166,8.764160441139712,10.136732189629392,10.140074241113592,1.3759137999738797,-1.6772244351078847,-1.3567052228267613,-1.3587761142335664,0.3184483208743183,-6.134493588306792,-7.237618580238795,-7.215923709805682,-1.0814301214988902
5356.313739510418,19.726231594840787,0.047691471174424294,0.01212268943378092,8.553359122683151,9.919041451586345,9.922383503070545,1.369024380387394,-1.723282152577745,-1.3627099888422372,-1.3647808802490422,0.3585012723287029,-5.96072016276104,-7.137470894956916,-7.115776024523803,-1.1550558617627624
5429.665125230421,19.759208190896516,0.06426002365488159,-0.009087836869408505,8.345049088091262,9.674538432871277,9.677880484355477,1.3328313962642149,-1.7706025318023753,-1.4793348305296448,-1.4814057219364498,0.28919680986592544,-5.787573615231279,-6.8943628332078095,-6.872667962774696,-1.085094347543417
5504.021012562672,19.712787614265995,0.010604937772164647,0.010301218388420352,8.139593619409403,9.506102733449257,9.509444784933457,1.3698511655240537,-1.8192202113269271,-1.4915898221596642,-1.4936607135664692,0.3255594977604579,-5.615424010719253,-6.736872413832909,-6.715177543399796,-1.099753532680543
5579.395157532073,19.704273401324073,-0.018010317892425576,-0.02560996031232321,7.93728827712561,9.294120316911023,9.297462368395223,1.360174091269613,-1.8691707879664774,-1.5593469438581593,-1.5614178352649644,0.30775295270151304,-5.444587843856779,-6.59776082938925,-6.5760659589561365,-1.1314781150993571
5655.801504543751,19.78086171481312,-0.0015815750766492442,-0.05016040601443805,7.738369890220272,9.031905533508557,9.035247584992756,1.2968776947724843,-1.9204908436492736,-1.6274990901102093,-1.6295699815170144,0.2909208621322592,-5.275332902524151,-6.465272221914947,-6.443577351481834,-1.168244448957683
5733.254188962772,19.716972369377814,-0.027645272869719406,-0.03255411731181468,7.54302462701691,8.809956625689772,8.813298677173972,1.2702740501570613,-1.97321797292729,-1.6209209174870196,-1.6229918088938247,0.3502261640334654,-5.107882984954939,-6.281322485762004,-6.259627615328891,-1.151744630373952
5811.76753972924,19.672038185228498,-0.02401867652687173,-0.03304391427492348,7.351395167781715,8.637121369952329,8.640463421436529,1.289068253654814,-2.0273908111436763,-1.6293137439347625,-1.6313846353415675,0.39600617580210873,-4.942422389546096,-6.050679389010728,-6.028984518577615,-1.0865621290315186
5891.356082009184,19.58462907712624,-0.006710503272863377,-0.013887616970272632,7.163587027162357,8.425700904226002,8.429042955710202,1.2654559285478442,-2.0830490632404826,-1.7004765692110446,-1.7025474606178497,0.3805016026226329,-4.779100125675827,-5.880578761809119,-5.8588838913760055,-1.0797837657001788
5972.034539881751,19.573988429145075,-0.005964028185289294,-0.031046175682920563,6.979674090263978,8.156171166976122,8.159513218460322,1.1798391281963445,-2.140233533181956,-1.7890342847855223,-1.7911051761923273,0.34912835698962885,-4.618033816365202,-5.711531596628948,-5.689836726195835,-1.071802909830633
6053.817839063192,19.534555142548214,0.0114679371615658,0.014279128655029893,6.799703433735825,8.020169484561666,8.023511536045866,1.2238081023100413,-2.1989861539599493,-1.7808050177749664,-1.7828759091817714,0.41611024477817793,-4.459313280590894,-5.472604210842103,-5.45090934040899,-0.9915960598180957
6136.721109668164,19.504884238112574,0.012674823653412659,-0.013815163011461351,6.623699505244161,7.821080327660837,7.824422379145038,1.2007228739008768,-2.2593500181364177,-1.8155614454863453,-1.8176323368931504,0.44171768124326727,-4.303003795450985,-5.288431764778391,-5.266736894345278,-0.9637330988942923
6220.759689008832,19.681525143868235,-0.023881403563120074,-0.005981738371072964,6.45166773303743,7.627056610221437,7.630398661705638,1.178730928668208,-2.321369408865443,-1.8950691210872606,-1.8971400124940656,0.42422939637137747,-4.149149047112208,-5.156315401496293,-5.13462053106318,-0.9854714839509722
6305.9491244323135,19.652547019290488,-0.010064960600018935,-0.0009021818767394052,6.283597633375902,7.454375610075353,7.4577176615595535,1.1741200281836512,-2.3850898313211095,-1.9302928813107982,-1.9323637727176033,0.45272605860350623,-3.9977737853130373,-4.9782848383704135,-4.9565899679373,-0.9588161826242629
6392.305176196979,19.69498193943352,-0.03795944765411008,0.04075831134927199,6.1194654783842095,7.224460419233978,7.227802470718179,1.1083369923339692,-2.450558044439584,-2.0111895446111525,-2.0132604360179576,0.43729760842162646,-3.8488861998405506,-4.880693630602435,-4.858998760169322,-1.0101125603287713
6479.843820388128,19.66877161671117,0.011887687138251835,0.07304629285864195,5.959236581080996,7.009614915136034,7.0129569666202345,1.053720385539238,-2.5178220928615893,-2.0614382555203683,-2.0635091469271734,0.45431294593441596,-3.702480039388804,-4.721083007314409,-4.6993881368812955,-0.9969080974924913
6568.581251873631,19.635784750824257,0.013075016449118237,0.006726679426225957,5.802867248407724,6.814372144885965,6.817714196370166,1.0148469479624422,-2.586931338935753,-2.1290155235967134,-2.1310864150035185,0.45584492393223464,-3.5585364939885826,-4.529522951180329,-4.507828080747216,-0.9492915867586333
6658.533887299987,19.67179685563269,0.025824664140920106,0.03759002724678595,5.650306447306853,6.646911644143568,6.650253695627769,0.9999472483209155,-2.65793649461294,-2.1827331873305447,-2.1848040787373497,0.4731324158755901,-3.4170258621253975,-4.3654414404333135,-4.3437465700002,-0.9267207078748028
6749.718368129465,19.614748051557108,-0.02996812597264764,0.03358446952488947,5.501497223470859,6.498613957313147,6.501956008797348,1.0004587853264884,-2.7308896530256064,-2.221882160061096,-2.223953051467901,0.5069366015577055,-3.277909022995575,-4.226619863724311,-4.204924993291198,-0.9270159702956229
6842.151563718809,19.649982377186056,-0.02203950228198792,-0.007640517894866861,5.35637790739485,6.3354202164062094,6.33876226789041,0.9823843604955602,-2.8058443195037364,-2.3265632308056468,-2.328634122212452,0.47721019729128455,-3.1411387333107967,-4.076608411079205,-4.054913540646091,-0.9137748073352947
6935.850574440114,19.67561147058201,-0.04666900066389701,0.008411886788529443,5.214883137850678,6.145298814116838,6.148640865601039,0.9337577277503613,-2.882855441729321,-2.3582627925325994,-2.3603336839394045,0.5225217577899164,-3.006660766783871,-3.8658221726620283,-3.844127302228915,-0.8374665354450439
7030.832734844437,19.652245387180958,-0.030724566385295304,-0.007876795012606408,5.076944728876308,5.998764691418067,6.002106742902268,0.9251620140259602,-2.961979438672136,-2.451916533936302,-2.453987425343107,0.5079920133290288,-2.874414913039207,-3.7660016444854705,-3.7443067740523572,-0.8698918610131501
7127.115616868733,19.587726643549797,-0.028030294145047208,-0.0022109785798818393,4.942492402812459,5.835186386792053,5.838528438276254,0.8960360354637951,-3.043274227880465,-2.5222263842330115,-2.5242972756398165,0.5189769522406484,-2.744335851263366,-3.6168978319761678,-3.5952029615430545,-0.8508671102796885
7224.717033086705,19.6275880400153,0.024864137573125333,-0.009452008331951589,4.811454408795731,5.645169551427326,5.648511602911527,0.837057194115796,-3.1267992506190305,-2.5820817618328853,-2.5841526532396903,0.5426465973793402,-2.616353912498477,-3.4753778554271513,-3.453682984994038,-0.8373290724955611
7323.655040004174,19.60075709342768,0.061358541412388945,-0.018040758914203536,4.683758043393712,5.496580100641225,5.499922152125426,0.816164108731714,-3.2126154942503,-2.610937553656889,-2.613008445063694,0.5996070491866057,-2.4903957431280577,-3.352828111357823,-3.33113324092471,-0.8407374977966522
7423.947941399583,19.69635752376826,0.043706986961872474,0.01059393762356109,4.559330087702945,5.350235657822619,5.35357770930682,0.7942476216038754,-3.3007855111423083,-2.740719535034412,-2.742790426441217,0.5579950847010915,-2.3663848808220442,-3.2259082406746806,-3.2042133702415674,-0.8378284894195231
7525.614291710227,19.666480006922402,-0.007001961355697972,0.012391827042410597,4.438097173185121,5.188661910773654,5.192003962257854,0.7539067890727331,-3.391373433253671,-2.8668263504376874,-2.8688972418444925,0.5224761914091784,-2.24424225302376,-3.0651358203692176,-3.0434409499361044,-0.7991986969123444
7628.672899464907,19.624266877182578,-0.012048544095012659,0.017724074953470392,4.319986086754366,5.094408902285977,5.097750953770178,0.7777648670158124,-3.4844449813895464,-2.909398321381097,-2.9114692127879023,0.5729757686016441,-2.1238866069680284,-2.9631092535244363,-2.941414383091323,-0.8175277761232946
7733.142830763503,19.512796886699245,0.008385139737427494,0.038117669280399724,4.204924024111129,5.005559666154021,5.008901717638222,0.8039776935270924,-3.5800674679385738,-2.9962324299615624,-2.9983033213683674,0.5817641465702064,-2.0052348792278765,-2.7963761881799023,-2.774681317746789,-0.7694464385189126
7839.043412804289,19.413080532306754,0.026462189645961587,0.06592001723850416,4.0928387990151665,4.903139881041753,4.906481932525954,0.8136431335107872,-3.6783097916840894,-3.038760028736,-3.040830920142805,0.6374788715412842,-1.88820251188828,-2.6584984126758435,-2.6368035422427303,-0.7486010303544504
7946.394237459496,19.34390873800517,0.01320664851333575,0.08056484362931116,3.98365901507368,4.770328653654531,4.7736707051387315,0.7900116900650516,-3.779242423027609,-3.105062363884741,-3.1071332552915463,0.6721091677360627,-1.7727037216414314,-2.5041985437850016,-2.4825036733518884,-0.709799951710457
8055.215164899862,19.399428875803128,0.01932147424978581,0.01732791220192098,3.877314205663902,4.586215997879506,4.589558049363707,0.7122438436998051,-3.8829373776624387,-3.179056947812821,-3.1811278392196263,0.7018095384428125,-1.6586517273747101,-2.3906725725725515,-2.3689777021394383,-0.7103259747647281
8165.526327268815,19.44536095316706,0.03401446185355894,-0.00458511993681654,3.773734946790488,4.455267703055256,4.458609754539457,0.6848748077489688,-3.989468176381071,-3.2972254710398943,-3.2992963624466993,0.6901718139343718,-1.5459589411832186,-2.2569498376840507,-2.2352549672509374,-0.6892960260677188
8277.348132406967,19.45168760189894,0.04754643024981675,-0.014852181060092562,3.672852946977254,4.342240138062586,4.3455821895467865,0.6727292425695324,-4.098909788283851,-3.3756522297337526,-3.3777231211405576,0.7211866671432938,-1.4345371271673577,-2.1672322238812853,-2.145537353448172,-0.7110002262808144
8390.701267627614,19.49610912571233,0.021735813858885678,-0.005375494840986761,3.5746011176955585,4.233795779615189,4.23713783109939,0.6625367134038314,-4.211338554165008,-3.527810946045287,-3.529881837452092,0.6814567167129155,-1.3242975318746042,-2.1172347254250283,-2.095539854991915,-0.7712423231173109
8505.606703543943,19.50038953008579,0.03237787132327341,-0.002847389093698638,3.4789136273179615,4.08309460932189,4.086436660806091,0.6075230334881292,-4.326832086274249,-3.631690454640779,-3.633761346047584,0.6930707402266645,-1.215150989799461,-2.0004405957544833,-1.97874572532137,-0.763594735521909
8622.08569794865,19.553205400653276,0.0444610373630141,-0.019293615406976272,3.385725941150031,3.941677167832431,3.9450192193166314,0.5592932781666002,-4.445469139970827,-3.7858613321391132,-3.7879322235459183,0.6575369164249087,-1.1070080069659995,-1.8815576248009407,-1.8598627543678274,-0.7528547474018279
8740.159799746674,19.424518083566895,-0.030762104742464658,-0.024947684915481716,3.2949748497188285,3.8698149527063066,3.873157004190507,0.5781821544716785,-4.5673294519848735,-3.813091933019132,-3.8151628244259372,0.7521666275589363,-0.9997788252758586,-1.7557987042772254,-1.7341038338441122,-0.7343250085682536
8859.85085294183,19.41941588804244,0.04511131380875355,0.011541838230904489,3.2065984871770965,3.7453029040551975,3.748644955539398,0.5420464683623014,-4.692493539055972,-3.9126295921636185,-3.9147004835704236,0.7777930554855486,-0.8933734700048519,-1.6312318506608996,-1.6095369802277864,-0.7161635102229345
8981.181000677954,19.370478628897693,-0.008313929574359946,-0.02566630975411499,3.1205363414100837,3.662231619911715,3.6655736713959155,0.5450373299858318,-4.821042449607368,-4.034305239836257,-4.036376131243062,0.7846663183643052,-0.787701782573051,-1.5033409015520647,-1.4816460311189514,-0.6939442485459004
9104.17268933548,19.44892139419264,-0.019213011891402232,0.035015683478466286,3.0367292571977917,3.5768899860349563,3.5802320375191568,0.543502780321365,-4.953057459806362,-4.151810145958329,-4.153881037365134,0.7991764224412279,-0.6826734404861183,-1.3789605193156724,-1.3572656488825592,-0.6745922083964409
9228.848672684058,19.45455229942762,-0.057885264803804404,0.0666588839720994,2.9551194335869906,3.4780489256347735,3.481390977118974,0.5262715435319834,-5.088619703824316,-4.2936870232279425,-4.2957579146347475,0.7928617891895682,-0.5781979661537358,-1.2273959596313695,-1.2057010891982562,-0.6275031230445205
9355.23201609207,19.486588526488468,-0.049381859390052796,0.08685864424164436,2.875650416456084,3.4315467396135517,3.434888791097752,0.559238374641668,-5.227809726305697,-4.376996436130241,-4.379067327537046,0.8487423987686507,-0.4741847261242715,-1.1419283683470134,-1.1202334979139001,-0.6460487717896286
9483.346100793764,19.473949070883336,-0.020044983800492133,0.05183538208028082,2.7982670871112396,3.304229991099003,3.3075720425832036,0.509304955471964,-5.370706942940545,-4.501407602505498,-4.503478493912303,0.867228449028242,-0.37054292213519346,-1.0119573503859556,-0.9902624799528423,-0.6197195578176489
9613.214628214862,19.36340999681931,0.0015119785574384537,0.093854765983437,2.7229156476264476,3.321347594427305,3.3246896459115054,0.6017739982850578,-5.517388992561207,-4.546010403446733,-4.548081294853538,0.9693076977076691,-0.26718157526284614,-0.952544297699152,-0.9308494272660388,-0.6636678520031927
9744.861624357365,19.31657222037189,7.66783372405655e-05,0.04455403392416457,2.649543603535116,3.2302702518302624,3.233612303314463,0.5840686997793467,-5.667930961297554,-4.726749718252762,-4.728820609659567,0.9391103516379866,-0.1640095043600901,-0.84410096864978,-0.8224060982166668,-0.6583965938565767
9878.311444244433,19.32711089510526,-0.0006853457618731795,0.02758339830255352,2.578099744388009,3.0687704711869372,3.0721125226711377,0.49401277828312873,-5.822404455968134,-4.854233032067077,-4.856303923473882,0.9661005324942522,-0.060935299895939626,-0.7961482634705099,-0.7744533930373967,-0.7135180931414571
10013.588776426132,19.317931385869617,-0.03251677753987536,0.00390671946906096,2.5085341226159126,2.9555381529613634,2.9588802044455638,0.4503460818296512,-5.980876499997181,-5.032948995813815,-5.03501988722062,0.9458566127765611,0.042132705744018936,-0.5993871643862114,-0.5776922939530982,-0.6198249996971171
10150.718647546817,19.342845711427586,-0.046529983326148994,-0.03749145477863536,2.440798031068182,2.9033192878457044,2.906661339329905,0.46586330826172295,-6.143408220668098,-5.158550025612614,-5.160620917019419,0.9827873036486787,0.1452864704740976,-0.5523140763508607,-0.5306192059177475,-0.6759056763918451
10289.726426975265,19.33108052701376,-0.029155660608129352,-0.05112624424792145,2.3748439795408682,2.794906816813654,2.7982488682978546,0.42340488875698634,-6.310053291400171,-5.297903655442656,-5.2999745468494615,1.0100787445507091,0.24861827623942373,-0.4724061651631217,-0.4507112947300085,-0.6993295709694323
10430.637831497914,19.355244153586803,0.04787856086156239,-0.07287060574551774,2.3106256705604444,2.6961890039123944,2.6995310553965948,0.38890538483615034,-6.480856086920923,-5.434286916308817,-5.4363578077156225,1.0444982792053006,0.35222076325909213,-0.3960061696285635,-0.37431129919545025,-0.7265320624545424
10573.478930076615,19.293920063809963,0.0573978500875576,-0.0036888137427943946,2.2480979746465515,2.654487940434443,2.657829991918643,0.40973201727209174,-6.6558495026894,-5.569622778895045,-5.57169367030185,1.08415583238755,0.4561869637632727,-0.31542430369472285,-0.2937294332616096,-0.7499163970248823
10718.276148671444,19.328861364135545,0.07835329576108307,-0.03397808469986785,2.187216905242205,2.5633379705229835,2.566680022007184,0.3794631167649789,-6.835052382723774,-5.796037750934145,-5.79810864234095,1.0369437403828234,0.5606103341698119,-0.20628731409862766,-0.18459244366551444,-0.7452027778353263
10865.056275129564,19.329686719500337,0.004259597049571795,-0.02884774471031548,2.1279395934688945,2.538608431656783,2.5419504831409836,0.4140108896720891,-7.01846649219569,-5.919931623755817,-5.922002515162622,1.0964639770330677,0.6655847845917783,-0.08025988756308067,-0.05856501712996745,-0.7241498017217457
11013.84646414105,19.272326201331452,0.004633483479722145,-0.0403937633210667,2.0702242628388023,2.476431830220175,2.4797738817043755,0.4095496188655732,-7.206072962963926,-6.110679269810822,-6.112750161217627,1.0933228017462993,0.7712047044905924,0.009542667423993123,0.03123753785710634,-0.739967166633486
11164.674242262565,19.255687779617347,-0.04675702112209024,0.030375637789262555,2.0140302040335083,2.405412815921565,2.4087548674057655,0.3947246633722572,-7.3978281319761185,-6.216917235819656,-6.218988127226461,1.1788400047496577,0.877564983192193,0.1806663523721852,0.20236122280529842,-0.6752037603868946
11317.567513009853,19.162375585445556,-0.023149014260383183,0.026848038584248002,1.9593177498398568,2.3292011830456083,2.3325432345298087,0.37322548468995187,-7.593658684734304,-6.4068060855834865,-6.408876976990292,1.1847817077440128,0.9847610238599656,0.2565177708828976,0.27821264131601087,-0.7065483825439547
11472.55456201995,19.065679943290903,0.037742785102704346,0.006782515398619182,1.9060482503177487,2.242252328375752,2.2455943798599525,0.33954612954220376,-7.793456009669906,-6.559087050375608,-6.561157941782413,1.232298067887493,1.0928887493688544,0.36444964690757686,0.3861445173406901,-0.7067442320281643
11629.664062284106,19.058207477495017,0.03022955464021493,0.04689317967547524,1.8541840482606566,2.1362074495705983,2.1395495010547987,0.28536545279414205,-7.9970696656071905,-6.756987626711233,-6.759058518118038,1.2380111474891526,1.2020445983437171,0.4970216049945648,0.5187164754276781,-0.6833281229160391
11788.925079452323,19.072441658898725,0.01902434766850547,0.0343731698107419,1.803688454997947,2.1257170730884525,2.129059124572653,0.32537066957470584,-8.204299865387139,-6.92673275828561,-6.928803649692415,1.2754962156947238,1.3123255094111665,0.6562673749921082,0.6779622454252214,-0.6343632639859451
11950.367077210709,19.029314690894665,-0.010733009600045307,0.00303850450540466,1.7545257265785765,2.0609710380905,2.0643130895747004,0.30978736299612386,-8.414888886800231,-7.0948694714909575,-7.0969403628977625,1.3179485239024684,1.4238288914601547,0.7642701394433971,0.7859650098765103,-0.6378638815836444
12114.019922732059,19.09867641358146,-0.013310437673546005,-0.019056999324948976,1.7066610403667988,2.006772346982139,2.010114398466339,0.30345335809954044,-8.628511340815896,-7.306012738902147,-7.3080836303089525,1.3204277105069435,1.5366525774092563,0.8211957880960874,0.8428906585292006,-0.6937619188800557
12279.913892201717,18.97981395730094,0.01677340404273764,0.003980938370890641,1.6600604720737187,1.9403620408699247,1.9437040923541253,0.2836436202804067,-8.844763261421306,-7.494740650311165,-7.49681154171797,1.3479517197033362,1.6508947586324725,0.937600443893924,0.9592953143270373,-0.6915994443054352
12448.079676418365,18.83428171331455,-0.009401236460611528,-0.04273356807066264,1.614690973242626,1.8727853187168897,1.8761273702010903,0.2614363969584643,-9.063150037205647,-7.694510011259656,-7.696580902666461,1.3665691345391862,1.766653896789383,1.0305740488303634,1.0522689192634767,-0.7143849775259064
12618.548386472286,18.82790257826285,0.03263810059107186,-0.06996150422285652,1.570520349200557,1.8249289191671032,1.8282709706513038,0.2577506214507468,-9.283073289489527,-7.9363753064103655,-7.9384461978171705,1.3446270916723568,1.884028609338486,1.1414254140509144,1.1631202844840276,-0.7209083248544583
12791.351559500592,18.88836030912499,0.00013597776476714785,-0.053420370851455345,1.527517237484861,1.7586418564727921,1.7619839079569928,0.23446667047213188,-9.503816923679707,-8.140503486155236,-8.14257437756204,1.3612425461176674,2.003117524466838,1.22485127010874,1.2465461405418532,-0.7565713839249848
12966.521164522084,18.972742829140344,0.015702646627349992,0.004724312544286846,1.4856510867492787,1.7306877053300305,1.734029756814231,0.2483786700649524,-9.724532748374648,-8.427735770007107,-8.429806661413911,1.2947260869607362,2.1240191005429185,1.328538071640807,1.3502329420739203,-0.7737861584689982
13144.089608351185,19.05321593130686,0.004913877885712736,0.01331622109653452,1.4448921361519893,1.6617079807830208,1.6650500322672215,0.22015789611523218,-9.944226278135492,-8.643010504161246,-8.64508139556805,1.2991448825674414,2.246831404472615,1.435365558560509,1.4570604289936222,-0.789770975478993
13324.089741593702,19.178521948411046,0.01437554639067784,0.023867779912887244,1.4052113952245389,1.6097904565769667,1.6131325080611674,0.2079211128366285,-10.161743614681884,-8.862301219182918,-8.864372110589722,1.2973715040921618,2.3716518425055813,1.5805410175614725,1.6022358879945857,-0.7694159545109955
13506.554864723841,19.18811909297076,0.013612499681912027,0.03240588185627402,1.366580624219649,1.6052721380466188,1.6086141895308195,0.24203356531117048,-10.37576063379471,-9.024708317621153,-9.026779209027957,1.3489814247667535,2.4985768360777163,1.6643502219916186,1.6860450924247319,-0.8125317436529844
13691.518734245317,19.182888838915105,-0.00035024751485579486,0.0639841162087933,1.3289723149331836,1.5462334653152077,1.5495755167994083,0.22060320186622473,-10.584776074502331,-9.24821001345928,-9.250280904866084,1.3344951696362468,2.627701434177801,1.8291053771183599,1.850800247551473,-0.7769011866263278
13879.015568935945,19.26658173410536,0.06268495501538851,0.048293360680755626,1.2923596719952082,1.4844882452136865,1.4878302966978871,0.19547062470267895,-10.78711049642845,-9.458606163988362,-9.460677055395166,1.3264334410332843,2.7591188524670556,1.937295476147444,1.9589903465805572,-0.8001285058864984
14069.080056178622,19.171007173710805,0.08394635064125566,0.0622320667785452,1.2567165946230214,1.4568630483114795,1.4602050997956801,0.2034885051726587,-10.98091337732952,-9.641502019303616,-9.64357291071042,1.3373404666191,2.8929199279495825,2.079397352086737,2.10109222251985,-0.7918277054297325
14261.747358378267,19.034398513477086,0.0945474047284165,0.08189684566692534,1.2220176588290497,1.4396267171656731,1.4429687686498738,0.2209511098208241,-11.164180772369395,-9.872473381642987,-9.874544273049791,1.2896364993196041,3.029192476363889,2.2477260312448557,2.269420901677969,-0.7597715746859199
14457.053119467097,19.064262649778502,0.052107978663492815,0.07440519924119116,1.18823810007517,1.470733751810954,1.4740758032951546,0.2858377032199846,-11.334785828954718,-10.087969720220386,-10.09004061162719,1.2447452173275284,3.168020537631237,2.3398562775084244,2.3615511479415376,-0.8064693896896995
14655.033471498815,18.957191175386733,0.05146652787977146,0.03435245945867749,1.1553537963648632,1.360546380288298,1.3638884317724986,0.2085346354076354,-11.490523913669206,-10.309887021055546,-10.31195791246235,1.178566001206855,3.309483492634228,2.4298374793671584,2.4515323498002717,-0.8579511428339561
14855.725041333131,18.98575348594317,0.06269339347785419,0.08710452829939186,1.12334125176417,1.3528072872377273,1.3561493387219279,0.2328080869577578,-11.629173049505386,-10.515983429262949,-10.518054320669753,1.111118728835633,3.4536550323046082,2.579106206025532,2.6008010764586453,-0.8528539558459629
15059.164957411822,18.99325518408918,0.04089099690012077,0.06475948219676297,1.0921775803420037,1.2899627634856863,1.293304814969887,0.20112723462788318,-11.748568741140815,-10.693262227127441,-10.695333118534245,1.0532356226065698,3.600601957466915,2.7117150278615973,2.7334098982947106,-0.8671920591722042
15265.390856627582,18.99253944766675,0.030100551325208613,0.05322647702422856,1.0618404905205046,1.254368554220541,1.2577106057047416,0.19587011518423703,-11.846690170740528,-10.887280273584686,-10.88935116499149,0.9573390057490379,3.750382785126933,2.9220891959220197,2.943784066355133,-0.8065987187718
15474.44089128695,18.908957959324724,0.09810374319727444,0.030805967083718855,1.0323082698256227,1.181539006036168,1.1848810575203685,0.1525727876947458,-11.921752437273135,-11.068754637548219,-11.070825528955023,0.8509269083181117,3.903046133940582,3.014996220093355,3.0366910905264684,-0.8663550434141136
15686.353736168572,18.87963379828536,0.07364006176716487,-0.005208702840572954,1.0035597700285739,1.138373480328795,1.1417155318129957,0.1381557617844218,-11.972297423843951,-11.320799071818891,-11.322869963225695,0.6494274606182557,4.058628858504712,3.118542233036262,3.1402371034693752,-0.9183917550353371
15901.168595678142,18.875401349409454,0.09582967505484419,-0.0050189143506926825,0.9755743926683789,1.1094634163491541,1.1128054678333548,0.1372310751649759,-11.997274550074241,-11.513375030177663,-11.515445921584467,0.48182862848977415,4.21715389897419,3.3240129685307522,3.3457078389638655,-0.8714460600103244
16118.925211101276,19.08240289744158,0.07407156869433607,-0.03955693048284559,0.9483320749460904,1.09663135198997,1.0999734034741706,0.1516413285280802,-11.996102599397718,-11.618763959765346,-11.62083485117215,0.37526774822556774,4.378627809477956,3.3879029582186,3.4095978286517132,-0.9690299808262424
16339.66386795591,19.258281531650663,0.1324497136933971,-0.027858157652836724,0.9218132759812794,1.0476038388613382,1.0509458903455389,0.1291326143642595,-11.968705278167262,-11.767350494296519,-11.769421385703323,0.19928389246393863,4.5430379261040255,3.5326773490408137,3.554372219473927,-0.9886657066300986
16563.425403444868,19.541062960530333,0.023925290457768256,-0.04547951563324659,0.8959989634215879,1.0275741116920614,1.030916163176262,0.1349171997546741,-11.91551606368451,-11.91231990788956,-11.914390799296363,0.0011252643881469737,4.710349133171655,3.655260195412481,3.6769550658455943,-1.0333940673260607
16790.251214011336,19.75882786105461,-0.00278764488350447,-0.022338349793940893,0.8708706003960919,0.9459457491295318,0.9492878006137324,0.07841720021764054,-11.837451723126843,-11.941510400003361,-11.943581291410165,-0.10612956828332187,4.880500185563189,3.8270042504900097,3.848699120923123,-1.0318010646400664
17020.18326299678,19.79661644307447,-0.0425586027242133,-0.02292220865289707,0.8464101328037293,0.9374025830612318,0.9407446345454324,0.0943345017417031,-11.735857841981876,-11.97071452985166,-11.972785421258465,-0.23692757927658903,5.053399545662884,3.9574032282845764,3.9790980987176896,-1.0743014469451948
17253.264088404798,19.761495470852683,-0.058156031397565755,-0.03198932405854649,0.8225999769279195,0.9237707887911846,0.9271128402753852,0.10451286334746568,-11.61243295444507,-12.018063585816655,-12.02013447722346,-0.4077015227783889,5.228920696786499,4.095605499975562,4.1173003704086755,-1.1116203263778237
17489.536810770223,19.614694602918796,-0.0023281915549375753,0.00658057630269937,0.7994230073689672,0.8922524912931102,0.8955945427773109,0.09617153540834367,-11.469139803768593,-12.002048343104235,-12.00411923451104,-0.534979430742446,5.406896901963551,4.317040146692499,4.338735017125612,-1.0681618848379388
17729.04514113708,19.491629508096047,0.07418370452132805,0.03932407223257073,0.776862545285767,0.8769151242520721,0.8802571757362727,0.10339463045050568,-11.30811264857314,-11.951849920917208,-11.953920812324013,-0.645808163750873,5.58711538896231,4.490980755154496,4.512675625587609,-1.0744397633747012
17971.833389144667,19.218110843578025,0.05401507114149595,0.05613906647591094,0.7549023469388412,0.8191409243595373,0.822482975843738,0.0675806289048968,-11.13156854279401,-11.905063744947384,-11.907134636354188,-0.7755660935601778,5.769310961253023,4.650643138322135,4.672338008755248,-1.096972952497775
18217.94647122553,18.916687748795006,0.07825727537274574,0.028972996089343894,0.7335265925266405,0.8395932071535412,0.8429352586377419,0.10940866611110134,-10.941728602266716,-11.775930565759252,-11.778001457166056,-0.8362728548993399,5.953159062294622,4.859941249053218,4.881636119486331,-1.0715229428082909
18467.42991891453,18.47040002811197,0.008555532872691174,-0.00540277325682581,0.7127198753076198,0.7596906449358265,0.7630326964200271,0.05031282111240731,-10.740752975909409,-11.777657801803393,-11.779728693210197,-1.0389757173007883,6.138268359506796,4.988536688339028,5.0102315587721415,-1.1280368007346544
18720.329887272852,17.820780772829693,-0.027038994405110373,0.00295623421695268,0.6924671910003326,0.7769171508862627,0.7802592023704633,0.08779201137013071,-10.530691042431359,-11.576075942164369,-11.578146833571173,-1.0474557911398144,6.324172967184422,5.196314638902091,5.218009509335205,-1.1061634578492177
18976.693163426382,17.13775141639185,-0.008929282649575043,0.012717809877315744,0.6727539274544965,0.7367082765066257,0.7400503279908264,0.0672964005363299,-10.313446571214664,-11.445488968170592,-11.447559859577396,-1.134113288362732,6.510324496990799,5.366027840750441,5.387722711183554,-1.1226017858072455
19236.56717522164,16.45247166761815,0.04504300354114221,-0.02551857434680116,0.653565854585825,0.7252723226896336,0.7286143741738342,0.07504851958800929,-10.090756355352408,-11.283307279324799,-11.285378170731603,-1.194621815379195,6.696084212647674,5.522417904955535,5.5441127753886486,-1.151971437259025
19500.0,15.839048167844883,0.0573228867001081,0.010589687691773264,0.6348891145677846,0.6900081772155708,0.6933502286997715,0.05846111413198685,-9.864180137906352,-11.168273497134301,-11.170344388541105,-1.3061642506347528,6.880715672965519,5.639038404856944,5.660733275290057,-1.2199823976754622
