frequency_hz,44100_common_measured_db,44100_common_fitted_db,44100_bank_measured_db,44100_half0_theory_db,44100_half1_theory_db,48000_common_measured_db,48000_common_fitted_db,48000_bank_measured_db,48000_half0_theory_db,48000_half1_theory_db,88200_common_measured_db,88200_common_fitted_db,88200_bank_measured_db,88200_half0_theory_db,88200_half1_theory_db,96000_common_measured_db,96000_common_fitted_db,96000_bank_measured_db,96000_half0_theory_db,96000_half1_theory_db,176400_common_measured_db,176400_common_fitted_db,176400_bank_measured_db,176400_half0_theory_db,176400_half1_theory_db,192000_common_measured_db,192000_common_fitted_db,192000_bank_measured_db,192000_half0_theory_db,192000_half1_theory_db,352800_common_measured_db,352800_common_fitted_db,352800_bank_measured_db,352800_half0_theory_db,352800_half1_theory_db,384000_common_measured_db,384000_common_fitted_db,384000_bank_measured_db,384000_half0_theory_db,384000_half1_theory_db
22.0,0.02461849654868546,0.0005794913162591036,-0.03753513671916153,0.015996836641323203,-0.0010303540367915726,0.07004590471075228,0.0004993746553839282,0.07348631183481807,0.013503195409335212,-0.0008697244399006903,0.007762712785806217,0.0005790260517332282,-0.038083069355847814,0.015996836641323203,-0.0010303540367915726,-0.015547541219819924,0.0004887814717338839,-0.033693281085522164,0.013503195409335212,-0.0008697244399006903,-0.013076807946024699,0.0005787489210684331,-0.034017557359275766,0.015996836641323203,-0.0010303540367915726,0.052950140263801466,0.0004884682620029789,0.0457571517168428,0.013503195409335212,-0.0008697244399006903,0.011636119117003865,0.0005683195809454326,0.02733125379289536,0.015996836641323203,-0.0010303540367915726,-0.022591850326155127,0.0004879850874754376,0.033029502513130714,0.013503195409335212,-0.0008697244399006903
22.250694392627366,0.02461849654868546,0.0005927734343845583,-0.03753513671916153,0.016363445278339852,-0.0010539698329259646,0.07004590471075228,0.000510820493898648,0.07348631183481807,0.013812661472271344,-0.0008896586160523042,0.007762712785806217,0.0005922975060092013,-0.038083069355847814,0.016363445278339852,-0.0010539698329259646,-0.015547541219819924,0.0004999845134522836,-0.033693281085522164,0.013812661472271344,-0.0008896586160523042,-0.013076807946024699,0.0005920140235026956,-0.034017557359275766,0.016363445278339852,-0.0010539698329259646,0.052950140263801466,0.0004996641249988627,0.0457571517168428,0.013812661472271344,-0.0008896586160523042,0.011636119117003865,0.0005813456422467623,0.02733125379289536,0.016363445278339852,-0.0010539698329259646,-0.022591850326155127,0.0004991698760285046,0.033029502513130714,0.013812661472271344,-0.0008896586160523042
22.50424549791359,0.030684470406570002,0.0006063599794388315,0.016749962380349426,0.016738454693177036,-0.0010781269006956888,0.05653068570816383,0.0005225286718050171,0.05074567825573666,0.014129219160273486,-0.0009100496826985557,-0.009065414193680552,0.0006058731428005449,-0.0020736447305795755,0.016738454693177036,-0.0010781269006956888,0.0001819914350570523,0.0005114443299332348,-0.028188609928091912,0.014129219160273486,-0.0009100496826985557,-0.01422947310879516,0.0006055831628496617,0.016600782926104604,0.016738454693177036,-0.0010781269006956888,-0.0037914725474462087,0.0005111165980938408,0.04573849401702035,0.014129219160273486,-0.0009100496826985557,-0.039058046893323414,0.0005946702616702936,-0.00831558809081745,0.016738454693177036,-0.0010781269006956888,0.010552141950428362,0.0005106110208605624,0.05192162346481951,0.014129219160273486,-0.0009100496826985557
22.760685868669803,0.08734022343931473,0.0006202579288959969,0.09395247987896205,0.017122057341658725,-0.0011028376460161698,0.03322123280960493,0.0005345052022904564,0.010515119748804196,0.014453030949831186,-0.0009309081116074973,-0.0505523167329993,0.0006197599338679004,0.042940936980517604,0.017122057341658725,-0.0011028376460161698,0.05468371154133224,0.0005231668063538511,0.07333930404488442,0.014453030949831186,-0.0009309081116074973,0.004270731777824027,0.0006194633075352412,0.031498963325782545,0.017122057341658725,-0.0011028376460161698,-0.042249456339838835,0.0005228315628621171,0.054116946848769776,0.014453030949831186,-0.0009309081116074973,-0.06820316287826748,0.0006083002821609285,-0.032935486294847216,0.017122057341658725,-0.0011028376460161698,0.040632988307231555,0.000522314397750985,0.07293895175354245,0.014453030949831186,-0.0009309081116074973
23.020048428652906,0.08734022343931473,0.0006344744199973556,0.09395247987896205,0.01751445008724495,-0.0011281147589513548,0.03322123280960493,0.0005467562357153033,0.010515119748804196,0.014784263038917536,-0.0009522446144531704,-0.0505523167329993,0.0006339650109205518,0.042940936980517604,0.01751445008724495,-0.0011281147589513548,0.05468371154133224,0.0005351579628142386,0.07333930404488442,0.014784263038917536,-0.0009522446144531704,0.004270731777824027,0.0006336615858665673,0.031498963325782545,0.01751445008724495,-0.0011281147589513548,-0.042249456339838835,0.0005348150355425401,0.054116946848769776,0.014784263038917536,-0.0009522446144531704,-0.06820316287826748,0.0006222427033869309,-0.032935486294847216,0.01751445008724495,-0.0011281147589513548,0.040632988307231555,0.0005342860170339798,0.07293895175354245,0.014784263038917536,-0.0009522446144531704
23.282366476792625,0.08734022343931473,0.000649016753737657,0.09395247987896205,0.017915834298306555,-0.0011539712202668754,0.03322123280960493,0.0005592880636367148,0.010515119748804196,0.015123085428795957,-0.000974070148766203,-0.0505523167329993,0.0006484956689469565,0.042940936980517604,0.017915834298306555,-0.0011539712202668754,0.05468371154133224,0.000547423957568894,0.07333930404488442,0.015123085428795957,-0.000974070148766203,0.004270731777824027,0.0006481852893567478,0.031498963325782545,0.017915834298306555,-0.0011539712202668754,-0.042249456339838835,0.0005470731703355747,0.054116946848769776,0.015123085428795957,-0.000974070148766203,-0.06820316287826748,0.0006365046855951613,-0.032935486294847216,0.017915834298306555,-0.0011539712202668754,0.040632988307231555,0.0005465320267007865,0.07293895175354245,0.015123085428795957,-0.000974070148766203
23.547673691466596,0.03110695577392734,0.0006638923982648652,0.0009143003894739321,0.018326415960101435,-0.0011804203083309998,0.06637151632105304,0.0005721071219588034,0.057215855544276266,0.015469672018808599,-0.0009963959227738005,-0.05357411721826176,0.000663359370206574,0.013866274350858417,0.018326415960101435,-0.0011804203083309998,0.007263279663057967,0.0005599710898009074,0.02535589146979711,0.015469672018808599,-0.0009963959227738005,-0.0001831278341040965,0.0006630418767764795,0.027074742814757788,0.018326415960101435,-0.0011804203083309998,-0.047819182491391436,0.0005596122624590757,0.02360619809541753,0.015469672018808599,-0.0009963959227738005,-0.0523520637808496,0.0006510935531209292,-0.0379081581204721,0.018326415960101435,-0.0011804203083309998,0.030097832063816055,0.0005590587157601626,0.0428151641650932,0.015469672018808599,-0.0009963959227738005
23.816004134824308,-0.0847621062299609,0.0006791089930839218,-0.03895529574270207,0.018746405770305043,-0.001207475605950622,0.07212550934571144,0.0005852199939765599,0.09922122297930408,0.015824200684231394,-0.0010192334018257008,-0.03732573927137815,0.000678563748013218,0.003016032906902451,0.018746405770305043,-0.001207475605950622,0.005533603149168523,0.0005728058030960857,0.05171995092099935,0.015824200684231394,-0.0010192334018257008,0.03356657771721486,0.000678238977650058,0.046086784399925126,0.018746405770305043,-0.001207475605950622,-0.07450782777730151,0.0005724387515163449,0.04588433261817493,0.015824200684231394,-0.0010192334018257008,-0.03654037738782605,0.0006660167979574412,-0.06401492331734193,0.018746405770305043,-0.001207475605950622,0.016356527206938976,0.0005718725174155235,0.009291071711723907,0.015824200684231394,-0.0010192334018257008
24.08739225716025,-0.0847621062299609,0.0006946743527916734,-0.03895529574270207,0.01917601924785914,-0.0012351510069127662,0.07212550934571144,0.0005986334137937609,0.09922122297930408,0.016186853381226156,-0.001042594314010467,-0.03732573927137815,0.0006941166106570588,0.003016032906902451,0.01917601924785914,-0.0012351510069127662,0.005533603149168523,0.0005859346889304298,0.05171995092099935,0.016186853381226156,-0.001042594314010467,0.03356657771721486,0.0006937843965110164,0.046086784399925126,0.01917601924785914,-0.0012351510069127662,-0.07450782777730151,0.0005855592244416961,0.04588433261817493,0.016186853381226156,-0.001042594314010467,-0.03654037738782605,0.0006812820841562437,-0.06401492331734193,0.01917601924785914,-0.0012351510069127662,0.016356527206938976,0.0005849800122515783,0.009291071711723907,0.016186853381226156,-0.001042594314010467
24.361872901336884,-0.030894898274615185,0.0007105964709022305,0.006313173118017157,0.01961547685203159,-0.0012634607238692936,0.08730781798607029,0.0006123542698814995,0.057177529334209325,0.016557816227214594,-0.0010664906560548353,0.03685743044066682,0.000710025945264702,0.019476785109382673,0.01961547685203159,-0.0012634607238692936,0.05956768004838055,0.0005993644895789009,0.0633726579377234,0.016557816227214594,-0.0010664906560548353,-0.03843966392134321,0.0007096861168335622,0.005390955496927851,0.01961547685203159,-0.0012634607238692936,-0.01745270976335616,0.000598980419419775,0.039029866845157746,0.016557816227214594,-0.0010664906560548353,-0.019258672644560867,0.0006968972511378503,-0.006774122358545576,0.01961547685203159,-0.0012634607238692936,-0.0012879412259719225,0.0005983879316599546,0.019387438785003118,0.016557816227214594,-0.0010664906560548353
24.63948130725805,-0.030894898274615185,0.0007268835242776512,0.006313173118017157,0.02006500408516508,-0.0012924192948344532,0.08730781798607029,0.0006263896087850474,0.057177529334209325,0.016937279603667265,-0.0010909346998649208,0.03685743044066682,0.0007262999221816673,0.019476785109382673,0.02006500408516508,-0.0012924192948344532,0.05956768004838055,0.0006131021019825081,0.0633726579377234,0.016937279603667265,-0.0010909346998649208,-0.03843966392134321,0.0007259523048866517,0.005390955496927851,0.02006500408516508,-0.0012924192948344532,-0.01745270976335616,0.0006127092289561686,0.039029866845157746,0.016937279603667265,-0.0010909346998649208,-0.019258672644560867,0.0007128703180454798,-0.006774122358545576,0.02006500408516508,-0.0012924192948344532,-0.0012879412259719225,0.0006121031613649474,0.019387438785003118,0.016937279603667265,-0.0010909346998649208
24.920253116393344,0.04453369361002617,0.0007435438770666235,0.07740437957270074,0.02052483161361441,-0.0013220415911732678,0.07070580962841905,0.0006407466382751277,0.019214912413710365,0.017325438248542997,-0.0011159389985577613,0.02746178931338618,0.0007429468988493676,-0.0038707812078142487,0.02052483161361441,-0.0013220415911732678,0.049777602530053935,0.0006271545812488076,0.06104923580414856,0.017325438248542997,-0.0011159389985577613,-0.01796176343072106,0.0007425913141162424,0.04151130962779863,0.02052483161361441,-0.0013220415911732678,0.012263579429491809,0.0006267527034299817,0.01939129624135305,0.017325438248542997,-0.0011159389985577613,0.002954343528094164,0.0007292094880657819,0.027212715979808344,0.02052483161361441,-0.0013220415911732678,-0.027180349115921987,0.0006261327447832491,0.022920212698956353,0.017325438248542997,-0.0011159389985577613
25.204224376354002,0.04453369361002617,0.0007605860853487342,0.07740437957270074,0.02099519538659297,-0.0013523428252868862,0.07070580962841905,0.0006554327314536262,0.019214912413710365,0.017722491363338474,-0.0011415163929505525,0.02746178931338618,0.0007599754244455299,-0.0038707812078142487,0.02099519538659297,-0.0013523428252868862,0.049777602530053935,0.0006415291438494529,0.06104923580414856,0.017722491363338474,-0.0011415163929505525,-0.01796176343072106,0.0007596116896333658,0.04151130962779863,0.02099519538659297,-0.0013523428252868862,0.012263579429491809,0.000641118055049298,0.01939129624135305,0.017722491363338474,-0.0011415163929505525,0.002954343528094164,0.0007459231519779296,0.027212715979808344,0.02099519538659297,-0.0013523428252868862,-0.027180349115921987,0.0006404838869408498,0.022920212698956353,0.017722491363338474,-0.0011415163929505525
25.491431545521003,0.04578104060677328,0.0007780189011401489,0.06066197572841758,0.021476336754444863,-0.0013833385576998006,0.04635341834043177,0.0006704554304464078,0.02437835158541162,0.018128642708402875,-0.0011676800179530513,0.015020289723536764,0.0007773942438166031,-0.0022870851488134766,0.021476336754444863,-0.0013833385576998006,0.0528844419891258,0.0006562331721617381,0.06629666512960974,0.018128642708402875,-0.0011676800179530513,-0.018097256866273254,0.0007770221722545367,0.0316530284238377,0.021476336754444863,-0.0013833385576998006,0.02899006460953752,0.0006558126611391943,0.01693419774542726,0.018128642708402875,-0.0011676800179530513,0.015122891734263469,0.0007630198933359033,0.03361248478616918,0.021476336754444863,-0.0013833385576998006,0.015817178960874256,0.0006551639578729126,0.03961560009942574,0.018128642708402875,-0.0011676800179530513
25.781911497725847,0.012080713903508327,0.0007958512769852895,0.022783672106528097,0.02196850258820278,-0.001415044706078792,0.008434402037051314,0.0006858224502135739,0.0075611076308434375,0.018544100711415407,-0.0011944433097861515,-0.03360443158604086,0.0007952123025033533,-0.018881590709473033,0.02196850258820278,-0.001415044706078792,0.08577421444868073,0.0006712742172569327,0.11475439258290288,0.018544100711415407,-0.0011944433097861515,0.004535965181011209,0.0007948317030973016,0.04465788611173575,0.02196850258820278,-0.001415044706078792,0.04946338303869697,0.0006708440682241126,-0.030014417337340116,0.018544100711415407,-0.0011944433097861515,0.01124780263275256,0.0007805084919476561,0.058759482485347014,0.02196850258820278,-0.001415044706078792,0.05636952288861202,0.000670180496542231,0.04764073088836981,0.018544100711415407,-0.0011944433097861515
26.07570152698471,0.012080713903508327,0.0008140923707256488,0.022783672106528097,0.02247194541579859,-0.0014474775525224835,0.008434402037051314,0.0007015416824520823,0.0075611076308434375,0.018969078567274675,-0.0012218200125462277,-0.03360443158604086,0.0008134387510005685,-0.018881590709473033,0.02247194541579859,-0.0014474775525224835,0.08577421444868073,0.0006866600036902113,0.11475439258290288,0.018969078567274675,-0.0012218200125462277,0.004535965181011209,0.0008130494282198622,0.04465788611173575,0.02247194541579859,-0.0014474775525224835,0.04946338303869697,0.0006862199955334086,-0.030014417337340116,0.018969078567274675,-0.0012218200125462277,0.01124780263275256,0.0007983979291436515,0.058759482485347014,0.02247194541579859,-0.0014474775525224835,0.05636952288861202,0.0006855412148326986,0.04764073088836981,0.018969078567274675,-0.0012218200125462277
26.37283935228653,-0.04943003684463994,0.000832751550094751,-0.02003613828402273,0.022986923540909997,-0.0014806537526042833,-0.001548248347119141,0.0007176211999012057,0.0012788297166694204,0.019403794359120097,-0.0012498241852600786,-0.02050186824482013,0.0008320829493925285,0.009658414793411792,0.022986923540909997,-0.0014806537526042833,0.0806089033172225,0.0007023984326588579,0.0804547630416439,0.019403794359120097,-0.0012498241852600786,0.004741077351672646,0.0008316847033414033,0.06058118868838118,0.022986923540909997,-0.0014806537526042833,0.01239502595563908,0.0007019483395750857,0.019190373564519025,0.019403794359120097,-0.0012498241852600786,-0.021423312444516604,0.0008166973921888666,0.002074861269997008,0.022986923540909997,-0.0014806537526042833,0.011607079504411144,0.0007012540012070112,0.00238971177772037,0.019403794359120097,-0.0012498241852600786
26.673363122435635,-0.04943003684463994,0.0008518383975172221,-0.02003613828402273,0.023513701188028202,-0.001514590343236726,-0.001548248347119141,0.000734069260146353,0.0012788297166694204,0.019848471155214674,-0.0012784702089801024,-0.02050186824482013,0.0008511544724471448,0.009658414793411792,0.023513701188028202,-0.001514590343236726,0.0806089033172225,0.0007184975868245514,0.0804547630416439,0.019848471155214674,-0.0012784702089801024,0.004741077351672646,0.0008507470986141834,0.06058118868838118,0.023513701188028202,-0.001514590343236726,0.01239502595563908,0.0007180371776197049,0.019190373564519025,0.019848471155214674,-0.0012784702089801024,-0.021423312444516604,0.0008354162786154379,0.002074861269997008,0.023513701188028202,-0.001514590343236726,0.011607079504411144,0.0007173269249639181,0.00238971177772037,0.019848471155214674,-0.0012784702089801024
26.97731142094965,-0.06182829109303041,0.0008713627148959732,-0.01584920487782171,0.024052548619445682,-0.0015493047522719475,0.03912867907519174,0.0007508943101728373,0.03457060215796808,0.02030333713958475,-0.001307772794779076,0.00950455164044263,0.0008706631143877239,0.0454685029917632,0.024052548619445682,-0.0015493047522719475,0.05668541640628079,0.0007349657339088959,0.04069383818266581,0.02030333713958475,-0.001307772794779076,0.007023445654647548,0.0008702464035360853,0.06369802078241253,0.024052548619445682,-0.0015493047522719475,-0.01263323287020062,0.0007344947720518945,0.018521961649283658,0.02030333713958475,-0.001307772794779076,-0.06358465586486488,0.0008545642014864516,-0.06231338877045811,0.024052548619445682,-0.0015493047522719475,-0.005522345565174336,0.0007337682404335323,-0.047727080107998456,0.02030333713958475,-0.001307772794779076
27.28472327101303,-0.004029846565934376,0.0008913345291087204,0.03421432120411161,0.024603742289260478,-0.0015848148067442475,0.06314533816554518,0.0007681049903736326,0.008433476903066221,0.020768625715593285,-0.0013377469906230516,-0.016735227633001712,0.0008906188936721136,0.027548434560658704,0.024603742289260478,-0.0015848148067442475,-0.001426541378529142,0.0007518113311141101,0.05068834399411615,0.020768625715593285,-0.0013377469906230516,0.004708364416835226,0.0008901926318666878,0.03551143944915207,0.024603742289260478,-0.0015848148067442475,-0.01694770220364466,0.0007513295747717612,0.02133057345203071,0.020768625715593285,-0.0013377469906230516,-0.03000378210344727,0.0008741509943219279,0.015573806323845751,0.024603742289260478,-0.0015848148067442475,-0.0318754140153748,0.00075058639103548,-0.018262632769221833,0.020768625715593285,-0.0013377469906230516
27.59563814048723,-0.004029846565934376,0.0009117640963972181,0.03421432120411161,0.025167564983704684,-0.0016211387418593088,0.06314533816554518,0.0007857101395095438,0.008433476903066221,0.02124457562920849,-0.0013684081894622024,-0.016735227633001712,0.0009110320587029432,0.027548434560658704,0.025167564983704684,-0.0016211387418593088,-0.001426541378529142,0.0007690430294509006,0.05068834399411615,0.02124457562920849,-0.0013684081894622024,0.004708364416835226,0.000910596027038605,0.03551143944915207,0.025167564983704684,-0.0016211387418593088,-0.01694770220364466,0.0007685502312971357,0.02133057345203071,0.02124457562920849,-0.0013684081894622024,-0.03000378210344727,0.0008941867157467682,0.015573806323845751,0.025167564983704684,-0.0016211387418593088,-0.0318754140153748,0.000767790013755285,-0.018262632769221833,0.02124457562920849,-0.0013684081894622024
27.910095946977876,-0.011698359481547255,0.0009326619085823758,0.04503893446296814,0.02574430595021084,-0.001658295211478597,0.12388108835591122,0.0008037187984078717,0.010838135389411079,0.021731431093385656,-0.0013997721368450766,-0.019495326433164747,0.0009319130925964113,0.07249211289950863,0.02574430595021084,-0.001658295211478597,-0.03586697397796455,0.0007866696783187032,-0.01641128076479581,0.021731431093385656,-0.0013997721368450766,0.009137571706217346,0.0009314670670400592,0.008885626775109222,0.02574430595021084,-0.001658295211478597,0.01720952088540168,0.0007861655852589698,0.009305448823380691,0.021731431093385656,-0.0013997721368450766,-0.012370722805470954,0.0009146816550987268,0.028436060059665813,0.02574430595021084,-0.001658295211478597,-0.03939522639774623,0.0007853879435317819,0.019472946519247435,0.021731431093385656,-0.0013997721368450766
28.228137062959657,0.014310166511219451,0.000954038697419959,0.06023779094572468,0.026334261064368644,-0.001696303296398186,0.11200524924039473,0.0008221402157069169,0.03317513439463376,0.022229441912162275,-0.0014318549393573835,-0.017915669749440907,0.0009532727186468608,0.03591542819784067,0.026334261064368644,-0.001696303296398186,-0.04909138699070957,0.0008047003299410162,-0.01659267143660137,0.022229441912162275,-0.0014318549393573835,0.010432601275040115,0.0009528164702169447,0.03750939223774967,0.026334261064368644,-0.001696303296398186,0.006808830779844352,0.0008041846830468815,0.028060110043852338,0.022229441912162275,-0.0014318549393573835,-0.019390798195137712,0.0009356463374921833,0.03926745722274294,0.026334261064368644,-0.001696303296398186,0.0011456572150793654,0.0008033892178158919,0.056011614675716435,0.022229441912162275,-0.0014318549393573835
28.54980232095968,0.014310166511219451,0.0009759054410559731,0.06023779094572468,0.026937732974936703,-0.0017351825151288567,0.11200524924039473,0.0008409838515617779,0.03317513439463376,0.022738863609022587,-0.001464673072570765,-0.017915669749440907,0.0009751219060590102,0.03591542819784067,0.026937732974936703,-0.0017351825151288567,-0.04909138699070957,0.0008231442438795154,-0.01659267143660137,0.022738863609022587,-0.001464673072570765,0.010432601275040115,0.0009746552004361726,0.03750939223774967,0.026937732974936703,-0.0017351825151288567,0.006808830779844352,0.0008226167783888475,0.028060110043852338,0.022738863609022587,-0.001464673072570765,-0.019390798195137712,0.0009570915292749367,0.03926745722274294,0.026937732974936703,-0.0017351825151288567,0.0011456572150793654,0.0008218030810905443,0.056011614675716435,0.022738863609022587,-0.001464673072570765
28.875133018799882,0.001450946462313512,0.000998273368942724,0.05579295008036389,0.02755503124776828,-0.0017749528330291712,0.10467210192297866,0.000860259383066185,0.033592710277216824,0.023259957550284,-0.001498243389932883,-0.04834293112831277,0.0009974718754020633,0.02380643700710628,0.02755503124776828,-0.0017749528330291712,-0.023398921863898456,0.0008420108920897721,0.003382345090541472,0.023259957550284,-0.001498243389932883,0.019097195556961127,0.0009969944729428383,0.06013233271383438,0.02755503124776828,-0.0017749528330291712,-0.005295567307317886,0.0008414713369942351,0.04748883570392792,0.023259957550284,-0.001498243389932883,-0.025510366416724814,0.0009790282435655872,-0.031479963670862254,0.02755503124776828,-0.0017749528330291712,0.020156667331656164,0.0008406389898145659,0.07134486448364372,0.023259957550284,-0.001498243389932883
29.204170924899092,0.006107640941986164,0.0010211539680580672,0.06867969005599128,0.028186472544304807,-0.0018156346734885746,0.06162744269304038,0.0008799767091976719,-0.004368904476056486,0.023792991096468492,-0.0015325831308550832,-0.0510131022652771,0.001020334104350723,0.00956596617852213,0.028186472544304807,-0.0018156346734885746,-0.013261620204507371,0.0008613099632804802,0.006981792265041031,0.023792991096468492,-0.0015325831308550832,0.034645993199335395,0.001019845759852473,0.051405160239484535,0.028186472544304807,-0.0018156346734885746,-0.033348347290889584,0.0008607580416670711,-0.007064541301398886,0.023792991096468492,-0.0015325831308550832,-0.02347090451947202,0.001001467745938987,-0.03942159444643689,0.028186472544304807,-0.0018156346734885746,0.052891635459487885,0.0008599066171136257,0.06366692109069669,0.023792991096468492,-0.0015325831308550832
29.536958283635613,0.006107640941986164,0.0010445589887481488,0.06867969005599128,0.02883238076294921,-0.001857248927823352,0.06162744269304038,0.0009001459558472555,-0.004368904476056486,0.024338237717594288,-0.0015677099299594415,-0.0510131022652771,0.0010437203338268558,0.00956596617852213,0.02883238076294921,-0.001857248927823352,-0.013261620204507371,0.0008810513687649889,0.006981792265041031,0.024338237717594288,-0.0015677099299594415,0.034645993199335395,0.0010432207964778497,0.051405160239484535,0.02883238076294921,-0.001857248927823352,-0.033348347290889584,0.0008804867971065682,-0.007064541301398886,0.024338237717594288,-0.0015677099299594415,-0.02347090451947202,0.0010244215599878263,-0.03942159444643689,0.02883238076294921,-0.001857248927823352,0.052891635459487885,0.0008796158578719779,0.06366692109069669,0.024338237717594288,-0.0015677099299594415
29.873537820770885,0.00977865354273037,0.0010685004503826084,0.04172180496394595,0.029493087220136924,-0.0018998169657065175,0.03955289655067179,0.0009207774807041291,-0.029119711468263816,0.02489597714741839,-0.001603641826076136,-0.04775378191282152,0.0010676425735717896,0.028358059807995557,0.029493087220136924,-0.0018998169657065175,0.016640378114929258,0.00090124524649395,0.04228430468526789,0.02489597714741839,-0.001603641826076136,0.019098268601339813,0.001067131586941787,0.039218491129847696,0.029493087220136924,-0.0018998169657065175,-0.04999456477293412,0.0009006677348615897,-0.03527874712051726,0.02489597714741839,-0.001603641826076136,-0.041462517634012805,0.0010479014734950734,-0.04888258869853157,0.029493087220136924,-0.0018998169657065175,0.013479700993455024,0.0008997768338007182,0.0444465614739756,0.02489597714741839,-0.001603641826076136
30.213952748934926,0.023579249488891934,0.0010929906480332727,0.026699863031880322,0.030168930811500773,-0.0019433606472409343,0.02112989968237794,0.0009418818790598528,-0.0011404981351524415,0.02546649552204793,-0.0016403972713432192,0.0038536464036973556,0.0010921131087112492,0.06263581459126555,0.030168930811500773,-0.0019433606472409343,-0.002316942485932491,0.0009219019670488539,0.0007045751613790063,0.02546649552204793,-0.0016403972713432192,0.006321217065135359,0.0010915904103043445,0.02894603203057304,0.030168930811500773,-0.0019433606472409343,-0.021022630822503934,0.0009213112188710066,0.012518640772394396,0.02546649552204793,-0.0016403972713432192,-0.02950321159279816,0.0010719195446194218,0.020393874798066314,0.030168930811500773,-0.0019433606472409343,-0.0032619125229947366,0.000920399898436261,0.01745964471398239,0.02546649552204793,-0.0016403972713432192
30.558246773174304,0.023579249488891934,0.0011180421584098782,0.026699863031880322,0.03086025818790122,-0.0019879023332014896,0.02112989968237794,0.0009634699891956022,-0.0011404981351524415,0.026050085528084247,-0.0016779951409026802,0.0038536464036973556,0.0011171445060517106,0.06263581459126555,0.03086025818790122,-0.0019879023332014896,-0.002316942485932491,0.0009430321386246773,0.0007045751613790063,0.026050085528084247,-0.0016779951409026802,0.006321217065135359,0.0011166098274550695,0.02894603203057304,0.03086025818790122,-0.0019879023332014896,-0.021022630822503934,0.0009424278506122025,0.012518640772394396,0.026050085528084247,-0.0016779951409026802,-0.02950321159279816,0.0010964881075287076,0.020393874798066314,0.03086025818790122,-0.0019879023332014896,-0.0032619125229947366,0.0009414956426552683,0.01745964471398239,0.026050085528084247,-0.0016779951409026802
30.906464096563298,0.03569979476044731,0.0011436678466244603,-0.009576393234614788,0.03156742392896552,-0.002033464896598487,0.035521541465944495,0.0009855528973756096,0.0009556060295296473,0.02664704654458408,-0.0017164547422784922,0.0601776300919188,0.0011427496201795086,0.038113447644118066,0.03156742392896552,-0.002033464896598487,-0.02344966986399398,0.000964646612590672,-0.02112357204772919,0.02664704654458408,-0.0017164547422784922,0.00029069312158816474,0.0011422026867917222,0.029222435163390334,0.03156742392896552,-0.002033464896598487,0.0019316320986177502,0.0009640284742916136,0.03258856987013836,0.02664704654458408,-0.0017164547422784922,0.014750517202103033,0.0011216197793788283,0.08784491517080983,0.03156742392896552,-0.002033464896598487,-0.011766527974258312,0.000963074900183401,0.0037566479174327636,0.02664704654458408,-0.0017164547422784922
31.258649425879092,0.025537190900010758,0.0011698808725405564,0.034145973622220605,0.03229079073300191,-0.0020800717350270516,-0.017824304818811754,0.0010081419442807217,-0.004726292221225066,0.027257684810201424,-0.001755795825724335,0.03349476854960655,0.0011689416004483655,0.03308126957474023,0.03229079073300191,-0.0020800717350270516,0.031842538627178466,0.00098675648894661,0.060184453451025854,0.027257684810201424,-0.001755795825724335,-0.031179798856396074,0.0011683821313813732,0.02885602152246118,0.03229079073300191,-0.0020800717350270516,-0.007747309794950799,0.000986124182968227,0.021011879901212116,0.027257684810201424,-0.001755795825724335,0.014993076853791656,0.001147327466258478,0.06665879914636275,0.03229079073300191,-0.0020800717350270516,-0.027864530651923902,0.000985148752987953,0.010196108230795607,0.027257684810201424,-0.001755795825724335
31.614847977341487,0.025537190900010758,0.001196694697590408,0.034145973622220605,0.03303072959096322,-0.00212774678218025,-0.017824304818811754,0.0010312487304310048,-0.004726292221225066,0.027882313568879883,-0.001796038593982393,0.03349476854960655,0.0011957338975266366,0.03308126957474023,0.03303072959096322,-0.00212774678218025,0.031842538627178466,0.0010093731221064324,0.060184453451025854,0.027882313568879883,-0.001796038593982393,-0.031179798856396074,0.0011951616054922353,0.02885602152246118,0.03303072959096322,-0.00212774678218025,-0.007747309794950799,0.001008726323725925,0.021011879901212116,0.027882313568879883,-0.001796038593982393,0.014993076853791656,0.001173624370188141,0.06665879914636275,0.03303072959096322,-0.00212774678218025,-0.027864530651923902,0.0010077285369323266,0.010196108230795607,0.027882313568879883,-0.001796038593982393
31.975105482418133,-0.03427719829659599,0.0012241230918152244,0.015437177817544945,0.033787619982951864,-0.002176514519940039,-0.04694764433606363,0.001054885122130487,-0.02594452077494786,0.028521253231370128,-0.001837203712862452,0.028517223126159466,0.0012231402703257502,0.03598930804499268,0.033787619982951864,-0.002176514519940039,0.04019657829463065,0.0010325081267238741,0.07131408530307959,0.028521253231370128,-0.001837203712862452,-0.019905145922146955,0.0012225548615105459,0.04501405042241817,0.033787619982951864,-0.002176514519940039,-0.0035187482979246922,0.0010318465036900388,0.06932384513702872,0.028521253231370128,-0.001837203712862452,-0.009525052410729692,0.0012005239956383034,0.029947625623894858,0.033787619982951864,-0.002176514519940039,-0.01209632805826516,0.0010308258478331034,0.037072470870910555,0.028521253231370128,-0.001837203712862452
32.3394681936959,0.003441192697588507,0.0012521801408662148,0.002080980444268188,0.03456185007121825,-0.002226399991812976,-0.007137528544540472,0.0010790632578240938,0.024692851897947392,0.029174831543615807,-0.001879312321861067,0.0037408786623338713,0.0012511747932211009,0.04906231785054494,0.03456185007121825,-0.002226399991812976,-0.005159098469467258,0.0010561733837027463,0.026776614974542534,0.029174831543615807,-0.001879312321861067,0.03739296895465208,0.0012505759669050004,0.10917444577623829,0.03456185007121825,-0.002226399991812976,-0.03462997694689212,0.0010554965964194747,0.010405279318589256,0.029174831543615807,-0.001879312321861067,-0.06122549137417159,0.001228040156853098,0.03773331139384073,0.03456185007121825,-0.002226399991812976,-0.004450336703723468,0.0010544525470981736,0.022495216214531842,0.029174831543615807,-0.001879312321861067
32.7079828908191,0.003441192697588507,0.0012808802530165006,0.002080980444268188,0.03535381689914531,-0.0022774288146810958,-0.007137528544540472,0.0011037955539256788,0.024692851897947392,0.029843383746205248,-0.001922386044624105,0.0037408786623338713,0.0012798518629656384,0.04906231785054494,0.03535381689914531,-0.0022774288146810958,-0.005159098469467258,0.0010803810461546596,0.026776614974542534,0.029843383746205248,-0.001922386044624105,0.03739296895465208,0.0012792393116783738,0.10917444577623829,0.03535381689914531,-0.0022774288146810958,-0.03462997694689212,0.0010796887469503753,0.010405279318589256,0.029843383746205248,-0.001922386044624105,-0.06122549137417159,0.0012561869844212102,0.03773331139384073,0.03535381689914531,-0.0022774288146810958,-0.004450336703723468,0.0010786207682109566,0.022495216214531842,0.029843383746205248,-0.001922386044624105
33.080696886495474,0.063351128620511,0.0013102381670555,0.06133875301965552,0.03616392658835668,-0.0023296271928845065,0.02927371301092957,0.0011290947116193708,-0.00403667534294911,0.030527252757826754,-0.001966447000814315,-0.006968746365528786,0.0013091862064782181,0.03866945489531282,0.03616392658835668,-0.0023296271928845065,-0.03448416304697864,0.001105143545857622,0.04457934119918172,0.030527252757826754,-0.001966447000814315,0.024809226461131845,0.0013085596156313687,0.0861310902771562,0.03616392658835668,-0.0023296271928845065,0.015843041332503867,0.0011044353791880923,0.02408155109913246,0.030527252757826754,-0.001966447000814315,-0.07362397405890746,0.001284978932760146,-0.016782558244302415,0.03616392658835668,-0.0023296271928845065,0.017733652578081516,0.0011033429224909476,0.028974356420617374,0.030527252757826754,-0.001966447000814315
33.457658032570485,0.063351128620511,0.0013402689592955015,0.06133875301965552,0.036992594552810565,-0.0023830219311643274,0.02927371301092957,0.0011549737229969814,-0.00403667534294911,0.03122678933765043,-0.002011517816784579,-0.006968746365528786,0.0013391928880179703,0.03866945489531282,0.036992594552810565,-0.0023830219311643274,-0.03448416304697864,0.001130473599345769,0.04457934119918172,0.03122678933765043,-0.002011517816784579,0.024809226461131845,0.0013385519357471932,0.0861310902771562,0.036992594552810565,-0.0023830219311643274,0.015843041332503867,0.0011297492016594543,0.02408155109913246,0.03122678933765043,-0.002011517816784579,-0.07362397405890746,0.0013144307878716669,-0.016782558244302415,0.036992594552810565,-0.0023830219311643274,0.017733652578081516,0.0011286317058873591,0.028974356420617374,0.03122678933765043,-0.002011517816784579
33.83891472617091,0.063351128620511,0.001370988051830885,0.06133875301965552,0.037840245709674744,-0.002437640448441526,0.02927371301092957,0.0011814458781223883,-0.00403667534294911,0.03194235227495458,-0.0020576216374007523,-0.006968746365528786,0.001369887317142725,0.03866945489531282,0.037840245709674744,-0.002437640448441526,-0.03448416304697864,0.0011563842147024011,0.04457934119918172,0.03194235227495458,-0.0020576216374007523,0.024809226461131845,0.0013692316744141895,0.0861310902771562,0.037840245709674744,-0.002437640448441526,0.015843041332503867,0.001155643213835292,0.02408155109913246,0.03194235227495458,-0.0020576216374007523,-0.07362397405890746,0.0013445576741824147,-0.016782558244302415,0.037840245709674744,-0.002437640448441526,0.017733652578081516,0.0011545001053093816,0.028974356420617374,0.03194235227495458,-0.0020576216374007523
34.224515915918495,0.07991558773699874,0.001402411219932604,0.11595969952528307,0.03870731469347427,-0.00249351079221861,0.10581626518881865,0.0012085247715611321,0.05081383312285908,0.03267430856419548,-0.002104782137958961,-0.020536266852949167,0.001401285256680106,0.015946106105692477,0.03870731469347427,-0.00249351079221861,-0.015485670229089185,0.0011828886980901653,0.022912946466480344,0.03267430856419548,-0.002104782137958961,0.053970043934272655,0.0014006145867123743,0.04898331687262018,0.03870731469347427,-0.00249351079221861,0.027013279342355596,0.0011821307136094116,0.02674027614818464,0.03267430856419548,-0.002104782137958961,-0.00911153964835669,0.0013753750632561825,0.00438599184687849,0.03870731469347427,-0.00249351079221861,0.01456970505719063,0.001180961405198833,0.029470495503082082,0.03267430856419548,-0.002104782137958961
34.614511108214266,0.07991558773699874,0.0014345546006778796,0.11595969952528307,0.039594246079616695,-0.002550661652605942,0.10581626518881865,0.0012362243094281126,0.05081383312285908,0.03342303359630541,-0.0021530235365900406,-0.020536266852949167,0.001433402830547342,0.015946106105692477,0.039594246079616695,-0.002550661652605942,-0.015485670229089185,0.0012100006608012877,0.022912946466480344,0.03342303359630541,-0.0021530235365900406,0.053970043934272655,0.0014327167889544809,0.04898331687262018,0.039594246079616695,-0.002550661652605942,0.027013279342355596,0.0012092253034598512,0.02674027614818464,0.03342303359630541,-0.0021530235365900406,-0.00911153964835669,0.0014068987807698246,0.00438599184687849,0.039594246079616695,-0.002550661652605942,0.01456970505719063,0.0012080291945399417,0.029470495503082082,0.03342303359630541,-0.0021530235365900406
35.00895037359459,-0.01249051960414212,0.0014674347007247203,0.03312129688213161,0.04050149460676159,-0.0026091223770946213,0.1420060950624074,0.0012645587164191775,0.030405797274860973,0.03418891135458632,-0.0022023706060631566,-0.019043098047323723,0.0014662565323183764,0.041378985435922784,0.04050149460676159,-0.0026091223770946213,-0.0020474953138861357,0.001237734025765281,0.010369628209744741,0.03418891135458632,-0.0022023706060631566,0.047702465679767686,0.001465554766834629,0.020245781034022234,0.04050149460676159,-0.0026091223770946213,0.001830665082536551,0.0012369408973114343,-0.006247279554973839,0.03418891135458632,-0.0022023706060631566,-0.011751488975576471,0.0014391450154860688,0.008237776140306075,0.04050149460676159,-0.0026091223770946213,0.0026858274341078903,0.0012357173738222012,0.006633665434852963,0.03418891135458632,-0.0022023706060631566
35.40788435315959,-0.01249051960414212,0.0015010684052907098,0.03312129688213161,0.0414295254196998,-0.0026689229861021377,0.1420060950624074,0.0012935425435863638,0.030405797274860973,0.03497233459892812,-0.0022528486870191204,-0.019043098047323723,0.001499863233502699,0.041378985435922784,0.0414295254196998,-0.0026689229861021377,-0.0020474953138861357,0.0012661030352766477,0.010369628209744741,0.03497233459892812,-0.0022528486870191204,0.047702465679767686,0.0014991453837110372,0.020245781034022234,0.0414295254196998,-0.0026689229861021377,0.001830665082536551,0.0012652917284544,-0.006247279554973839,0.03497233459892812,-0.0022528486870191204,-0.011751488975576471,0.001472130326858213,0.008237776140306075,0.0414295254196998,-0.0026689229861021377,0.0026858274341078903,0.0012640401619427716,0.006633665434852963,0.03497233459892812,-0.0022528486870191204
35.81136426507482,-0.01249051960414212,0.0015354729863768172,0.03312129688213161,0.04237881429719183,-0.0027300941878102463,0.1420060950624074,0.0013231906751173545,0.030405797274860973,0.0357737050842638,-0.002304483700962878,-0.019043098047323723,0.001534240192411326,0.041378985435922784,0.04237881429719183,-0.0027300941878102463,-0.0020474953138861357,0.0012951222579678703,0.010369628209744741,0.0357737050842638,-0.002304483700962878,0.047702465679767686,0.0015335058896224375,0.020245781034022234,0.04237881429719183,-0.0027300941878102463,0.001830665082536551,0.0012942923561336688,-0.006247279554973839,0.0357737050842638,-0.002304483700962878,-0.011751488975576471,0.001505871654101334,0.008237776140306075,0.04237881429719183,-0.0027300941878102463,0.0026858274341078903,0.0012930121039123115,0.006633665434852963,0.0357737050842638,-0.002304483700962878
36.219441911147115,-0.03226045971133436,0.0015706661119755415,0.04292315927408985,0.04334984789600793,-0.0027926673940112485,0.06927895216910979,0.0013535183364794534,-0.007393945413462007,0.03659343374589182,-0.00235730216339049,-0.08745278274615374,0.0015694050626071545,0.01716047129833221,0.04334984789600793,-0.0027926673940112485,0.061901693270613914,0.0013248065962753355,0.08461797949526706,0.03659343374589182,-0.00235730216339049,0.009360824880731672,0.0015686539298734273,0.053375579816790794,0.04334984789600793,-0.0027926673940112485,-0.021412531577576437,0.0013239576731883399,0.043025461745938576,0.03659343374589182,-0.00235730216339049,0.014739548781268333,0.0015403863244892327,-0.003413097258566644,0.04334984789600793,-0.0027926673940112485,0.008640892667876654,0.0013226480778774242,0.01621173594534405,0.03659343374589182,-0.00235730216339049
36.63216968347517,-0.03226045971133436,0.0016066658548479535,0.04292315927408985,0.04434312400035333,-0.002856674736515282,0.06927895216910979,0.00138454110220407,-0.007393945413462007,0.0374319409239228,-0.002411331197316923,-0.08745278274615374,0.0016053759026326995,0.01716047129833221,0.04434312400035333,-0.002856674736515282,0.061901693270613914,0.0013551712942824362,0.08461797949526706,0.0374319409239228,-0.002411331197316923,0.009360824880731672,0.0016046075540564737,0.053375579816790794,0.04434312400035333,-0.002856674736515282,-0.021412531577576437,0.0013543029140818663,0.043025461745938576,0.0374319409239228,-0.002411331197316923,0.014739548781268333,0.0015756920625045747,-0.003413097258566644,0.04434312400035333,-0.002856674736515282,0.008640892667876654,0.0013529633030158876,0.01621173594534405,0.0374319409239228,-0.002411331197316923
37.04960057117615,0.003889353181433835,0.0016434907021576914,0.04799820016172418,0.04535915177841969,-0.002922149083419399,0.05687176892248519,0.0014162749034813801,0.03585923181913991,0.03828965657177122,-0.0024665985475433604,-0.038467298750932896,0.0016421711845122167,0.020842876921203908,0.04535915177841969,-0.002922149083419399,0.028671496567475155,0.0013862319454731582,0.06960576618873682,0.03828965657177122,-0.0024665985475433604,-0.011339198546711143,0.0016413852256339104,0.06877325327314647,0.04535915177841969,-0.002922149083419399,-0.02569390408190491,0.0013853436621350107,0.03326952790612403,0.03828965657177122,-0.0024665985475433604,0.02246164200049912,0.0016118069988722429,0.017529052997425687,0.04535915177841969,-0.002922149083419399,0.02958137811806466,0.0013839733474484246,0.041640001096691824,0.03828965657177122,-0.0024665985475433604
37.47178816718877,0.010499819868654486,0.001681159564486711,0.06788283645067217,0.0463984520365661,-0.002989124055885888,0.05699721179327116,0.001448736036961252,0.032359479176557286,0.039167020474444626,-0.002523132594654213,-0.01999945376136901,0.0016798098039533995,-0.00541258697258961,0.0463984520365661,-0.002989124055885888,0.02337376581401153,0.0014180045005253183,0.0658479905284326,0.039167020474444626,-0.002523132594654213,-0.02031190344938069,0.0016790058311215157,0.03447137951374461,0.0463984520365661,-0.002989124055885888,-0.020794455903537616,0.0014170958579516058,0.04431106288594322,0.039167020474444626,-0.002523132594654213,0.00110030535306678,0.001648749679695664,0.006214150570614585,0.0463984520365661,-0.002989124055885888,0.033244772131058864,0.0014156941359355843,0.04240779142574177,0.039167020474444626,-0.002523132594654213
37.89878667515397,0.02472096353845858,0.0017196917860954634,0.052573686310689705,0.047461557492171666,-0.003057634046111052,0.03604470486678696,0.0014819411723287418,-0.02099689165049263,0.04006448247776352,-0.002580962369636213,0.02890490828463156,0.0017183110894062755,0.0060638157342400925,0.047461557492171666,-0.003057634046111052,0.012466401144583097,0.001450505275893535,0.0753849683402168,0.04006448247776352,-0.002580962369636213,0.013206639572812678,0.0017174886897509956,0.07028688721411828,0.047461557492171666,-0.003057634046111052,-0.026780584574691395,0.0014495758074095481,0.053126393757405244,0.04006448247776352,-0.002580962369636213,-0.001059854691165249,0.001686539076280344,0.03778281751644652,0.047461557492171666,-0.003057634046111052,0.011166480194498118,0.0014481419582756578,0.06119232913009228,0.04006448247776352,-0.002580962369636213
38.33065091637406,0.0539154331519857,0.0017591071542793278,0.05317489527341912,0.048549013034767816,-0.003127714233701608,0.05698196224287361,0.0015159073618166029,0.02831434156628248,0.04098250271641835,-0.0026401175683972208,0.005311251706344736,0.0017576948125477341,0.005914874270015032,0.048549013034767816,-0.003127714233701608,-0.007857451152264536,0.0014837509619226794,0.03781849097877932,0.04098250271641835,-0.0026401175683972208,-0.021023792530842383,0.0017568535637539954,0.016070368440912294,0.048549013034767816,-0.003127714233701608,0.0178567772524953,0.0014828001902274384,0.05383239770441961,0.04098250271641835,-0.0026401175683972208,-0.030641833271578697,0.00172519459463026,0.03138080060531312,0.048549013034767816,-0.003127714233701608,-0.00136767777319996,0.001481333477570538,0.04191042555525478,0.04098250271641835,-0.0026401175683972208
38.76743633685098,0.0539154331519857,0.0017994259102103818,0.05317489527341912,0.04966137600918443,-0.0031994006048490435,0.05698196224287361,0.0015506520482570245,0.02831434156628248,0.04192155184236605,-0.0027006285679945117,0.005311251706344736,0.0017979811979683077,0.005914874270015032,0.04966137600918443,-0.0031994006048490435,-0.007857451152264536,0.0015177586313923066,0.03781849097877932,0.04192155184236605,-0.0027006285679945117,-0.021023792530842383,0.0017971206680084172,0.016070368440912294,0.04966137600918443,-0.0031994006048490435,0.0178567772524953,0.0015167860682352148,0.05383239770441961,0.04192155184236605,-0.0027006285679945117,-0.030641833271578697,0.0017647360855677064,0.03138080060531312,0.04966137600918443,-0.0031994006048490435,-0.00136767777319996,0.0015152857388569959,0.04191042555525478,0.04192155184236605,-0.0027006285679945117
39.20919901440494,-0.036342336089469976,0.0018406687585262901,0.03403202094548419,0.05079921650922026,-0.0032727299705457773,0.07453733536839141,0.0015861930739962118,0.03701780894526479,0.0428821112741502,-0.002762526441328693,-0.007361004003714852,0.0018391909339238613,0.012126882247276212,0.05079921650922026,-0.0032727299705457773,-0.0026681124218966706,0.001552545748362817,0.020682558623365432,0.0428821112741502,-0.002762526441328693,-0.03286253601225128,0.0018383106809617559,0.03077473234651311,0.05079921650922026,-0.0032727299705457773,0.006513164650877765,0.0015515508943129033,0.04968849842372436,0.0428821112741502,-0.002762526441328693,-0.023646806639859783,0.00180518385468786,0.01875762690423155,0.05079921650922026,-0.0032727299705457773,0.03856211708181462,0.001550016177763939,0.10522964726115633,0.0428821112741502,-0.002762526441328693
39.655995665874116,-0.036342336089469976,0.001882856878583724,0.03403202094548419,0.05196311764824661,-0.0033477399850867446,0.07453733536839141,0.0016225486907122232,0.03701780894526479,0.04386467343751141,-0.0028258429733891838,-0.007361004003714852,0.0018813451828582478,0.012126882247276212,0.05196311764824661,-0.0033477399850867446,-0.0026681124218966706,0.001588130177296298,0.020682558623365432,0.04386467343751141,-0.0028258429733891838,-0.03286253601225128,0.0018804447547970582,0.03077473234651311,0.05196311764824661,-0.0033477399850867446,0.006513164650877765,0.001587112521457499,0.04968849842372436,0.04386467343751141,-0.0028258429733891838,-0.023646806639859783,0.0018465586731294923,0.01875762690423155,0.05196311764824661,-0.0033477399850867446,0.03856211708181462,0.0015855426296140492,0.10522964726115633,0.04386467343751141,-0.0028258429733891838
40.10788365439638,-0.08014714324426782,0.0019260119351934297,0.04568536288550262,0.05315367587045767,-0.003424469165540605,0.04968017153338283,0.0016597375681382952,0.03297894823551111,0.04486974201617305,-0.0028906106775948666,0.014776552800069412,0.0019244655919205482,0.040525496444075555,0.05315367587045767,-0.003424469165540605,-0.003465855925424241,0.0016245301919062905,0.005914680181915211,0.04486974201617305,-0.0028906106775948666,-0.05698169295877706,0.0019235445264457597,0.03632822747638702,0.05315367587045767,-0.003424469165540605,-0.025309587149429595,0.0016234892116250526,0.05662175638364453,0.04486974201617305,-0.0028906106775948666,-0.0029256393725806545,0.0018888817879990142,0.01941440315053189,0.05315367587045767,-0.003424469165540605,0.04743190801516789,0.0016218833382852038,0.06263407585602473,0.04486974201617305,-0.0028906106775948666
40.56492099677403,-0.030989690651482233,0.001970156089598553,0.1005210191081457,0.0543715012499866,-0.003502956911921675,0.061621586171982046,0.0016977788039400081,0.0623031067267889,0.045897832211035466,-0.0029568628123805485,-0.013980809633006727,0.001968574304751387,0.03940241283193636,0.0543715012499866,-0.003502956911921675,0.0016731474238643879,0.0016617644847796435,0.03661596400723455,0.045897832211035466,-0.0029568628123805485,-0.061061662681169165,0.00196763212866637,0.04756650327956517,0.0543715012499866,-0.003502956911921675,-0.005983060400632614,0.001660699645576237,0.0438387247197457,0.045897832211035466,-0.0029568628123805485,-0.02242461773159092,0.0019321749333039342,-0.0007847391194983899,0.0543715012499866,-0.003502956911921675,0.036858340078456064,0.0016590569660213867,0.0681724038125858,0.045897832211035466,-0.0029568628123805485
41.027166370922366,-0.013879940688589072,0.0020153120107886894,0.06592976810057649,0.0556172178045731,-0.003583243527039279,0.06991860455773252,0.0017366919334735453,0.10421614378729566,0.046949471000968,-0.0030246333985724993,-0.004982405375048002,0.002013693972070101,0.044831371309942865,0.0556172178045731,-0.003583243527039279,0.011072721636446028,0.001699852176894944,0.011490591699393926,0.046949471000968,-0.0030246333985724993,-0.02228207994454054,0.002012730201788615,0.06873297366056068,0.0556172178045731,-0.003583243527039279,-0.06404513456003617,0.001698762931866465,-0.028476966336275278,0.046949471000968,-0.0030246333985724993,-0.015518749493148284,0.001976460341254888,-0.01707113448844222,0.0556172178045731,-0.003583243527039279,0.021429289655566064,0.0016970826026619626,0.06919480675781217,0.046949471000968,-0.0030246333985724993
41.49467912340327,0.01670482427301893,0.002061502887589216,0.10349457080131053,0.05689146380836064,-0.0036653702371987965,0.040433135179456514,0.0017764969396853213,0.08442597870981644,0.04802519741503619,-0.0030939572362509663,0.033716905211151685,0.0020598477640610805,0.06986013649480305,0.05689146380836064,-0.0036653702371987965,0.01026003626692508,0.001738812827403851,0.051000456477757306,0.04802519741503619,-0.0030939572362509663,0.012510920041742951,0.002058861904493607,0.08125161493354387,0.05689146380836064,-0.0036653702371987965,-0.09048082930802619,0.001737698617273232,-0.011570974469672701,0.04802519741503619,-0.0030939572362509663,-0.03609274231196628,0.002021760753494598,0.012571366386247895,0.05689146380836064,-0.0036653702371987965,0.010821906841692763,0.001735979775405751,0.04968910746999996,0.04802519741503619,-0.0030939572362509663
41.9675192770446,0.043573347683804206,0.002108752439898394,0.09632434565286274,0.05819489212116906,-0.003749379213685247,0.04269976881942422,0.0018172142637043857,0.08401009098779227,0.04912556279565738,-0.003164869923504754,-0.01746308044988497,0.0021070593816668605,0.03214260514812018,0.05819489212116906,-0.003749379213685247,0.037012808856398474,0.0017786664439471502,0.020098066204287557,0.04912556279565738,-0.003164869923504754,-0.012741805012265045,0.0021060509266418426,0.07336278626854113,0.05819489212116906,-0.003749379213685247,-0.048047263054270366,0.0017775266963852537,-0.014534752562901043,0.04912556279565738,-0.003164869923504754,-0.03065923496534466,0.002068099432697177,0.010415281252748265,0.05819489212116906,-0.003749379213685247,-0.023872462047096976,0.0017757684591696067,0.03136912429104662,0.04912556279565738,-0.003164869923504754
42.44574753864624,0.015545721000549777,0.0021570849315094343,0.09640386213376828,0.05952817051526816,-0.0038353135935632757,0.08052239046437154,0.0018588648150380796,0.0885510772962374,0.05025113110022589,-0.003237407873718135,-0.0015999902052736686,0.0021553530690843893,0.05602727001846986,0.05952817051526816,-0.0038353135935632757,0.0726832107006662,0.0018194334921981103,0.08702308816957527,0.05025113110022589,-0.003237407873718135,0.007362440160750966,0.0021543215007109174,0.05967235667366726,0.05952817051526816,-0.0038353135935632757,-0.03574175117634231,0.0018182676220386462,-0.012427999365619224,0.05025113110022589,-0.003237407873718135,-0.051855282844620085,0.0021155001750621564,0.02243215356202466,0.05952817051526816,-0.0038353135935632757,-0.0442317044906369,0.0018164690867064942,0.03763527932291496,0.05025113110022589,-0.003237407873718135
42.92942530677422,0.07863336725341023,0.0022065251820666603,0.13631605346675435,0.060891982022584716,-0.003923217502938883,0.08957224357504973,0.001901469982230874,0.08365020171341059,0.05140247916248822,-0.003311608334970195,0.02533195362925446,0.0022047536261551115,0.09077411676914315,0.060891982022584716,-0.003923217502938883,0.047935048977014186,0.0018611349074868974,0.06282944145091585,0.05140247916248822,-0.003311608334970195,0.023697597530885434,0.0022036984147602635,0.05773713666950346,0.060891982022584716,-0.003923217502938883,-0.05044235925252854,0.0018599423159888233,0.019358992129720254,0.05140247916248822,-0.003311608334970195,-0.0430565341994044,0.0021639873217209607,0.028891624004374172,0.060891982022584716,-0.003923217502938883,-0.020794048668282772,0.0018581025587452527,0.06760943113461879,0.05140247916248822,-0.003311608334970195
43.41861467964346,0.050703795953481665,0.002257098580284418,0.11484291406899672,0.06228702527625561,-0.004013136079037464,0.053285315828904445,0.00194505164432762,0.06295067124507775,0.05258019701295967,-0.003387509408765664,0.03641704264373159,0.0022552864211423987,0.1067544966060614,0.06228702527625561,-0.004013136079037464,0.05797983934077856,0.0019037921044084312,0.0670273851101657,0.05258019701295967,-0.003387509408765664,-0.022117776757989288,0.0022542070247227246,0.027385137340011842,0.06228702527625561,-0.004013136079037464,-0.006922715453791686,0.0019025721791547212,0.07116203469005733,0.05258019701295967,-0.003387509408765664,-0.021523564140689608,0.002213585771944176,0.07668851266473009,0.06228702527625561,-0.004013136079037464,-0.011659147383011048,0.001900690255341707,0.08243236530215733,0.05258019701295967,-0.003387509408765664
43.91337846309051,0.07253446137488455,0.0023088310963673983,0.12965905485717577,0.06371401486694507,-0.004105115493187113,0.08879068144056507,0.0019896321815001962,0.057925092507685676,0.053784888161019166,-0.0034651500700162313,-0.008799250350723695,0.0023069774034276853,0.08467268479744106,0.06371401486694507,-0.004105115493187113,0.046248674400035564,0.0019474269886557692,0.08394008885692217,0.053784888161019166,-0.0034651500700162313,-0.007999430702158333,0.002305873267771739,0.0289782170640807,0.06371401486694507,-0.004105115493187113,0.006976648713221631,0.0019461791031514242,0.04219122437025391,0.053784888161019166,-0.0034651500700162313,-0.04091684514611031,0.0022643209954693252,0.031086493752067845,0.06371401486694507,-0.004105115493187113,-0.00016482718801086316,0.0019442540464086728,0.07542319523050808,0.053784888161019166,-0.0034651500700162313
44.413780178636884,0.061455253205780755,0.0023617492959557085,0.08562969284663324,0.06517368170759966,-0.004199202974850342,0.06740952898957292,0.0020352344869546866,0.06773023025837482,0.055017169903777384,-0.0035445701864618337,-0.049052153999901135,0.0023598531173649974,0.02161467261472417,0.06517368170759966,-0.004199202974850342,0.021339892176585176,0.001992061967764288,0.06244442819325635,0.055017169903777384,-0.0035445701864618337,-0.012177607478177505,0.0023587236754856423,0.03113991082703986,0.06517368170759966,-0.004199202974850342,0.007132547243742191,0.0019907854812657782,0.08646426205790647,0.055017169903777384,-0.0035445701864618337,-0.039348812900152616,0.0023162190458155376,0.04801179864492777,0.06517368170759966,-0.004199202974850342,0.018652047924740456,0.001988816302909541,0.12696065263899045,0.055017169903777384,-0.0035445701864618337
44.91988407164457,0.04100325498371264,0.002415880353409975,0.10033046899538867,0.06666677340414472,-0.004295446835816015,0.07048409472377887,0.0020818819786323287,0.0580007911127624,0.05627767365105657,-0.003625810539726872,-0.0409274163340345,0.0024139407153444164,-0.00733734162168375,0.06666677340414472,-0.004295446835816015,-0.0065524892420675135,0.002037719963049609,0.021150516525070495,0.05627767365105657,-0.003625810539726872,0.014152650388943672,0.0024127853872370373,0.09292573486904825,0.06666677340414472,-0.004295446835816015,-0.022918058619602326,0.0020364142199296715,0.037452299270424594,0.05627767365105657,-0.003625810539726872,-0.03817192318547995,0.002369306573437731,0.018744807284844178,0.06666677340414472,-0.004295446835816015,-0.007719610194162174,0.0020343999088406847,0.05770770764461027,0.05627767365105657,-0.003625810539726872
45.43175511956424,0.011652034939194793,0.00247125206579379,0.060458318803239375,0.06819405463513083,-0.0043938964946898034,0.0032760686447351195,0.0021295986110030354,0.056399823552879695,0.05756704523402579,-0.0037089128458053294,-0.05370796283686262,0.0024692679723009913,-0.015255017414347309,0.06819405463513083,-0.0043938964946898034,-0.00206655306742852,0.002084424420776266,0.013484055702768893,0.05756704523402579,-0.0037089128458053294,0.019171927310356468,0.002468086164721047,0.0775575054846465,0.06819405463513083,-0.0043938964946898034,0.061532949514679865,0.0020830887505077075,0.06908319577703737,0.05756704523402579,-0.0037089128458053294,-0.022052587921595965,0.002423610839699714,-0.002089028571105267,0.06819405463513083,-0.0043938964946898034,0.021298382335495913,0.002081028272269139,0.06195539109094569,0.05756704523402579,-0.0037089128458053294
45.949459040277624,0.02928752691682172,0.0025278928674492412,0.07983496288457104,0.0697563075389901,-0.004494602502683093,0.08226195632795569,0.0021784088875260016,0.08530806698453802,0.05888594524753255,-0.0037939197763217918,-0.0002007529617180509,0.0025258632996463756,0.030197472467536242,0.0697563075389901,-0.004494602502683093,-0.034048011349621196,0.0021321993247937466,0.0073468089796018266,0.05888594524753255,-0.0037939197763217918,0.06862477983031737,0.002524654405615145,0.11603411533674705,0.0697563075389901,-0.004494602502683093,-0.004791257987534483,0.0021308330416402125,-0.0022719583373430607,0.05888594524753255,-0.0037939197763217918,0.005497379247590153,0.002479159730686573,0.08326937785222999,0.0697563075389901,-0.004494602502683093,-0.0367884946711024,0.0021287253380555524,0.05481370938235671,0.05888594524753255,-0.0037939197763217918
46.473062300534835,0.014598313643434595,0.0025858318439314237,0.029318440587483674,0.07135433211828844,-0.0045976165693751,0.058155552553448786,0.0022283378734302087,0.13419486630124106,0.06023504936843352,-0.0038808749814649196,-0.008382802723672297,0.0025837557596546205,0.032047274785520725,0.07135433211828844,-0.0045976165693751,-0.021119838875635386,0.0021810692085997715,0.025141240354008554,0.06023504936843352,-0.0038808749814649196,0.04405132143672566,0.0025825191585222285,0.08265930111198454,0.07135433211828844,-0.0045976165693751,-0.021030880478461404,0.0021796716107782524,0.03114438654678431,0.06023504936843352,-0.0038808749814649196,-0.034256260793456825,0.002535981771581226,0.014462643274721465,0.07135433211828844,-0.0045976165693751,0.009257854423068534,0.0021775155995666855,0.03238177661351579,0.06023504936843352,-0.0038808749814649196
47.00263212448785,0.03129671144366457,0.002645098747756261,0.08667637413174922,0.07298894663361233,-0.004702991589241677,0.06334563165686663,0.0022794112080319166,0.05528762962444638,0.061615048715690415,-0.003969823111168846,0.0012551273162071525,0.0026429750808495494,0.07488601433992748,0.07298894663361233,-0.004702991589241677,-0.04782662857033691,0.0022310591677234884,0.045001262838653355,0.061615048715690415,-0.003969823111168846,0.040715266288298496,0.0026417101375424746,0.11268891425562781,0.07298894663361233,-0.004702991589241677,-0.0406433049724289,0.002229629537660168,0.05118244562600538,0.061615048715690415,-0.003969823111168846,-0.03804897810980072,0.0025941061410651185,0.03379268776271349,0.07298894663361233,-0.004702991589241677,-0.0001641398591397114,0.002227424111725907,0.04879751243396776,0.061615048715690415,-0.003969823111168846
47.53823650232132,0.01747605700770231,0.002705724013069361,0.04922683666238015,0.07466098803196768,-0.004810781668542173,0.06223564220678607,0.0023316551185653886,0.028870132449511914,0.06302665019645262,-0.004060809838418151,-0.007929065303376545,0.0027035516729532983,0.10589090660869771,0.07466098803196768,-0.004810781668542173,-0.042097544433331455,0.0022821948731110435,0.06635909265384599,0.06302665019645262,-0.004060809838418151,0.017953528743740593,0.002702257738037526,0.058920914587899095,0.07466098803196768,-0.004810781668542173,-0.05334954453585899,0.0022807324765981487,0.051829314852955055,0.06302665019645262,-0.004060809838418151,-0.04025929229279128,0.0026535626867995486,0.04689354810223012,0.07466098803196768,-0.004810781668542173,0.008321271014421538,0.0022784765033904957,0.0714518195425243,0.06302665019645262,-0.004060809838418151
48.07994419898155,0.02026120843646632,0.0027677387714280027,0.07217165803142833,0.07637131235858118,-0.004921042153632872,0.05970349551872306,0.002385096433097273,0.04416824721829265,0.06447057685950706,-0.004153881883485349,-0.025140495168762142,0.002765516642695409,0.0835677005577844,0.07637131235858118,-0.004921042153632872,-0.017445149984491967,0.002334502583860987,0.0534294163326694,0.06447057685950706,-0.004153881883485349,-0.031439376153391846,0.0027641930515006855,0.08318360368915183,0.07637131235858118,-0.004921042153632872,-0.05555810817494771,0.0023330066699406215,0.027166406703062695,0.06447057685950706,-0.004153881883485349,-0.04496072304266867,0.0027143819403158006,0.019805398529062934,0.07637131235858118,-0.004921042153632872,-0.03430849355649507,0.002330698990893187,0.058152311377272246,0.06447057685950706,-0.004153881883485349
48.62782476300526,0.006699980627262663,0.002831174867942203,0.14625304629681224,0.07812079520562804,-0.005033829658999735,0.029423095989313197,0.002439762594599216,0.03593801369946597,0.06594756827108596,-0.004249087036245454,-0.05037207401339104,0.0028289018094777895,0.03396755502735061,0.07812079520562804,-0.005033829658999735,0.034108370521375955,0.0023880091608461523,0.05784359141759077,0.06594756827108596,-0.004249087036245454,-0.041135539631794144,0.0028275478824173464,0.08571052897025826,0.07812079520562804,-0.005033829658999735,0.005784828722127553,0.0023864789613548473,0.07894767343584086,0.06594756827108596,-0.004249087036245454,-0.03748925964075382,0.0027765951328969207,0.03531377628997756,0.07812079520562804,-0.005033829658999735,0.009367838321515831,0.0023841183915253986,0.0749515380992439,0.06594756827108596,-0.004249087036245454
49.18194853544852,0.006699980627262663,0.0028960648774546665,0.14625304629681224,0.07991033214122896,-0.005149202096341454,0.029423095989313197,0.002495681675010125,0.03593801369946597,0.06745838088490237,-0.004346474182491724,-0.05037207401339104,0.002893739722050301,0.03396755502735061,0.07991033214122896,-0.005149202096341454,0.034108370521375955,0.002442742080521975,0.05784359141759077,0.06745838088490237,-0.004346474182491724,-0.041135539631794144,0.002892354763970841,0.08571052897025826,0.07991033214122896,-0.005149202096341454,0.005784828722127553,0.0024411768096796577,0.07894767343584086,0.06745838088490237,-0.004346474182491724,-0.03748925964075382,0.002840234211323049,0.03531377628997756,0.07991033214122896,-0.005149202096341454,0.009367838321515831,0.0024387621367904337,0.0749515380992439,0.06745838088490237,-0.004346474182491724
49.74238665891783,0.010315247694752488,0.002962442121341706,0.1192567359864477,0.0817408391777914,-0.005267218704127322,0.0036256215211552534,0.00255288238942102,0.059799348155411707,0.06900378843380886,-0.004446093327941379,-0.0836839663313451,0.0029600636749435617,0.0010354227648326012,0.0817408391777914,-0.005267218704127322,0.037696802139010624,0.0024987294490560986,0.057489211551683406,0.06900378843380886,-0.004446093327941379,-0.037347761850979294,0.002958646974573661,0.0926946767096533,0.0817408391777914,-0.005267218704127322,0.00271373155819705,0.0024971283030454997,0.06493021326040627,0.06900378843380886,-0.004446093327941379,-0.05115057565395424,0.00290533185487991,0.03799880406734513,0.0817408391777914,-0.005267218704127322,-0.00593505329699312,0.0024946582872254794,0.1109904640663811,0.06900378843380886,-0.004446093327941379
50.30921108670386,0.010315247694752488,0.003030340684516591,0.1192567359864477,0.08361325322858965,-0.0053879400787912556,0.0036256215211552534,0.002611394111292387,0.059799348155411707,0.07058458231072956,-0.004547995623955749,-0.0836839663313451,0.0030279077258503215,0.0010354227648326012,0.08361325322858965,-0.0053879400787912556,0.037696802139010624,0.0025560000168196395,0.057489211551683406,0.07058458231072956,-0.004547995623955749,-0.037347761850979294,0.003026458555754059,0.0926946767096533,0.08361325322858965,-0.0053879400787912556,0.00271373155819705,0.0025543621734139803,0.06493021326040627,0.07058458231072956,-0.004547995623955749,-0.05115057565395424,0.0029719214913552124,0.03799880406734513,0.08361325322858965,-0.0053879400787912556,-0.00593505329699312,0.002551835546270285,0.1109904640663811,0.07058458231072956,-0.004547995623955749
50.88249459201947,-0.037858259547501286,0.0030997954330689356,0.07354010717048609,0.08552853257923639,-0.00551142820448449,0.0328521764029131,0.0026712468868336607,0.05867586355691195,0.07220157198388673,-0.004652233394474631,-0.06992676550593367,0.003097306712781068,0.010880467009503077,0.08552853257923639,-0.00551142820448449,0.07440973257096929,0.0026145831928042224,0.11300861398193462,0.07220157198388673,-0.004652233394474631,-0.03057710463530769,0.003095824328806597,0.09768565145310841,0.08552853257923639,-0.00551142820448449,0.009528386695489341,0.002612907811058611,0.048263794745449506,0.07220157198388673,-0.004652233394474631,0.00655035888693363,0.0030400373148955478,0.09270061249212613,0.08552853257923639,-0.00551142820448449,0.029792650393570097,0.0026103232750411196,0.09442009387493941,0.07220157198388673,-0.004652233394474631
51.46231077734273,-0.037858259547501286,0.0031708420320829918,0.07354010717048609,0.08748765738371608,-0.005637746486096301,0.0328521764029131,0.0027324714512382293,0.05867586355691195,0.07385558539965974,-0.004758860161957713,-0.06992676550593367,0.0031682962722256627,0.010880467009503077,0.08748765738371608,-0.005637746486096301,0.07440973257096929,0.002674509060187074,0.11300861398193462,0.07385558539965974,-0.004758860161957713,-0.03057710463530769,0.003166779913150534,0.09768565145310841,0.08748765738371608,-0.005637746486096301,0.009528386695489341,0.0026727952796846057,0.048263794745449506,0.07385558539965974,-0.004758860161957713,0.00655035888693363,0.0031097143030031586,0.09270061249212613,0.08748765738371608,-0.005637746486096301,0.029792650393570097,0.0026701515076762786,0.09442009387493941,0.07385558539965974,-0.004758860161957713
52.04873408386668,-0.004618953984278546,0.003243516963927721,0.06628673483206604,0.08949163015366988,-0.00576695978131612,0.07573528596496831,0.002795099243746716,0.0694389471973566,0.07554746940191612,-0.004867930675437384,0.019087611560336684,0.0032409128573298142,0.07056143212074217,0.08949163015366988,-0.00576695978131612,0.08095453324044834,0.0027358083915285407,0.15891951949681649,0.07554746940191612,-0.004867930675437384,-0.02693063137696336,0.003239361744400359,0.11324793321679198,0.08949163015366988,-0.00576695978131612,-0.026589994974228807,0.0027340553323552974,0.050370171251004625,0.07554746940191612,-0.004867930675437384,-0.029475316742569355,0.0031809882349262434,0.06626640351595814,0.08949163015366988,-0.00576695978131612,0.0008545159365342392,0.0027313509666880816,0.10603414650200102,0.07554746940191612,-0.004867930675437384
52.641839801056605,0.027201862962428807,0.003317857547028058,0.08683599072624737,0.09154147626397031,-0.005899134433596065,0.06250008362133325,0.002859162424177936,0.044012578545135454,0.07727809017214861,-0.0049795009384941994,0.042064195875158875,0.0033151937563792497,0.0953157400524629,0.09154147626397031,-0.005899134433596065,0.013887684419860671,0.002798512664621848,0.13968764458853244,0.07727809017214861,-0.0049795009384941994,-0.0608137439702042,0.003313607093303126,0.06392425741225498,0.09154147626397031,-0.005899134433596065,-0.027632728973715763,0.002796719426366398,0.07389726314572898,0.07727809017214861,-0.0049795009384941994,0.0027763596060881995,0.0032538957097266595,0.061455754748588554,0.09154147626397031,-0.005899134433596065,-0.0013904841001833312,0.0027939530784426856,0.16073517229765608,0.07727809017214861,-0.0049795009384941994
53.241704076316296,0.027201862962428807,0.003393901954949421,0.08683599072624737,0.09363824448276027,-0.006034338306593637,0.06250008362133325,0.002924693889452371,0.044012578545135454,0.07904833365331308,-0.00509362823791095,0.042064195875158875,0.0033911771124357955,0.0953157400524629,0.09363824448276027,-0.006034338306593637,0.013887684419860671,0.002862654078381818,0.13968764458853244,0.07904833365331308,-0.00509362823791095,-0.0608137439702042,0.0033895540843682567,0.06392425741225498,0.09363824448276027,-0.006034338306593637,-0.027632728973715763,0.0028608197403070692,0.07389726314572898,0.07904833365331308,-0.00509362823791095,0.0027763596060881995,0.003328474165177759,0.061455754748588554,0.09363824448276027,-0.006034338306593637,-0.0013904841001833312,0.0028579899895117924,0.16073517229765608,0.07904833365331308,-0.00509362823791095
53.8484039247644,-0.011617290285984423,0.0034716892361056403,0.06001047239068036,0.0957830074871292,-0.006172640819309796,0.05265095198386521,0.0029917272900945144,0.06044380397513443,0.08085910601378235,-0.005210371173299178,0.023447692718906468,0.0034689019426001307,0.07902562510621158,0.0957830074871292,-0.006172640819309796,0.05903241254166759,0.002928265569871369,0.13669022580306156,0.08085910601378235,-0.005210371173299178,-0.0022934577733676187,0.0034672417160712355,0.10834061700844959,0.0957830074871292,-0.006172640819309796,-0.028762783526360684,0.0029263891900261005,0.05597739177676708,0.08085910601378235,-0.005210371173299178,-0.01996880927850568,0.003404761897133536,0.0630320369580426,0.0957830074871292,-0.006172640819309796,-0.055907748001056634,0.0029234945833369374,0.12618192136022985,0.08085910601378235,-0.005210371173299178
54.46201723912222,0.004196527904456831,0.0035512593337256775,0.076855642348712,0.09797686241923438,-0.006314112980663856,0.042406041464505606,0.00306029704814643,0.04388544729864712,0.08271133409582884,-0.005329789686881421,0.001221558315376528,0.003548408157917015,0.09004649858520408,0.09797686241923438,-0.006314112980663856,0.036926359046179594,0.002995380830927042,0.13937513660869372,0.08271133409582884,-0.005329789686881421,-0.015028140664650719,0.0035467098805044626,0.08616835950327566,0.09797686241923438,-0.006314112980663856,-0.02456449737784721,0.002993461445830175,0.06801341779251147,0.08271133409582884,-0.005329789686881421,-0.0035565377845362817,0.0034827980787866023,0.08622692793689613,0.09797686241923438,-0.006314112980663856,-0.008264054115790176,0.002990500496764681,0.1334693117813864,0.08271133409582884,-0.005329789686881421
55.08262279971415,0.01672827880529974,0.003632653106362304,0.12338633325506343,0.10022093143189027,-0.006458827427008901,0.044778080102895246,0.0031304383741382305,0.06578017079610426,0.0846059658929983,-0.0054519450942354195,-0.022349373980015783,0.0036297365841502145,0.08954737648242683,0.10022093143189027,-0.006458827427008901,0.03567916831024477,0.003064034325453449,0.14110597821164306,0.0846059658929983,-0.0054519450942354195,0.011486329609652929,0.003627999383735879,0.08157750815210978,0.10022093143189027,-0.006458827427008901,-0.015250412240284608,0.0030620709493619806,0.09306232710417028,0.0846059658929983,-0.0054519450942354195,0.016471574768003386,0.0035626227812375856,0.10399998054962811,0.10022093143189027,-0.006458827427008901,0.009417774049296168,0.003059042137576568,0.15282765746364477,0.0846059658929983,-0.0054519450942354195
55.71030028458219,-0.012401619066023512,0.003715912348807506,0.100233186142069,0.10251636226470467,-0.006606858458769118,0.03976909149222624,0.0032021872857643536,0.09106304226804135,0.08654397102410104,-0.0055769001160346655,0.006225579493466485,0.003712928982628715,0.09706156066375526,0.10251636226470467,-0.006606858458769118,-0.027587953936648466,0.003134261307058684,0.07606211195336976,0.08654397102410104,-0.0055769001160346655,0.006320509082069409,0.003711151967225953,0.06830912622756617,0.10251636226470467,-0.006606858458769118,0.013336952305353431,0.003132252931916324,0.10794876917690488,0.08654397102410104,-0.0055769001160346655,0.0050781829746856105,0.003644276993648257,0.0968435007909827,0.10251636226470467,-0.006606858458769118,-0.03561506865061098,0.003129154701980239,0.08357506578628646,0.08654397102410104,-0.0055769001160346655
56.34513027971545,-0.012401619066023512,0.0038010798136726906,0.100233186142069,0.10486432881518128,-0.006758282078733971,0.03976909149222624,0.0032755806259402776,0.09106304226804135,0.08852634123453913,-0.005704718910114341,0.006225579493466485,0.0037980280717056876,0.09706156066375526,0.10486432881518128,-0.006758282078733971,-0.027587953936648466,0.0032060978373293397,0.07606211195336976,0.08852634123453913,-0.005704718910114341,0.006320509082069409,0.003796210328827951,0.06830912622756617,0.10486432881518128,-0.006758282078733971,0.013336952305353431,0.0032040434317319975,0.10794876917690488,0.08852634123453913,-0.005704718910114341,0.0050781829746856105,0.0037278026446631316,0.0968435007909827,0.10486432881518128,-0.006758282078733971,-0.03561506865061098,0.0032008741928269274,0.08357506578628646,0.08852634123453913,-0.005704718910114341
56.987194289396506,0.03733425895090152,0.0038881992333499884,0.10713006799826708,0.10726603173258976,-0.006913176031056718,0.08590566704045816,0.003350656081893674,0.08633724850676189,0.09055409088402899,-0.005835467104200968,-0.005542842382289179,0.0038850775484597765,0.10796934231417388,0.10726603173258976,-0.006913176031056718,-0.012116562025819552,0.0032795808041646032,0.083333598817797,0.09055409088402899,-0.005835467104200968,-0.03242055831094612,0.0038832181446917854,0.09980596823564429,0.10726603173258976,-0.006913176031056718,-0.0013404376117769814,0.0032774793133381946,0.09019498967108242,0.09055409088402899,-0.005835467104200968,-0.00040564113866607687,0.0038132426235685103,0.06842721852679556,0.10726603173258976,-0.006913176031056718,-0.00039072720077598655,0.003274237437945891,0.1323999034541342,0.09055409088402899,-0.005835467104200968
57.63657474666552,0.03217423147892477,0.003977315342153892,0.09823853270383764,0.10972269903823034,-0.007071619841069193,0.07757674545427423,0.003427452204605331,0.10773864373994052,0.09262825747581754,-0.0059692118299066845,-0.00976031232438744,0.003974122111397971,0.10849818253436871,0.10972269903823034,-0.007071619841069193,-0.03702199882471034,0.0033547479409693206,0.0855774753014471,0.09262825747581754,-0.0059692118299066845,-0.033976105003628104,0.003972220092030645,0.108083287270121,0.10972269903823034,-0.007071619841069193,0.0031939772820237054,0.003352598285662274,0.1020092712120998,0.09262825747581754,-0.0059692118299066845,-0.031930754850303764,0.0039006408026981995,0.07955329020724111,0.10972269903823034,-0.007071619841069193,0.0262705327247707,0.003349282109216364,0.13300487810818326,0.09262825747581754,-0.0059692118299066845
58.293355023903544,0.009040626368813792,0.004068473899587519,0.08699947488665749,0.11223558672539394,-0.007233694856154114,0.051591944399116685,0.00350600842839912,0.0906936381557501,0.09474990216681141,-0.0061060217567710535,0.04039047950786247,0.004065207483427159,0.1658727794276016,0.11223558672539394,-0.007233694856154114,-0.024747272343463952,0.003431637845630021,0.1105214984632179,0.09474990216681141,-0.0061060217567710535,-0.026745174097763863,0.004063261871724497,0.13779159764636423,0.11223558672539394,-0.007233694856154114,-0.026772810137632823,0.003429438922062435,0.05158757289821658,0.09474990216681141,-0.0061060217567710535,0.0014394660419479594,0.0039900420594527215,0.07859349582666564,0.11223558672539394,-0.007233694856154114,0.01169690086074432,0.003426046741617209,0.12303703913992345,0.09474990216681141,-0.0061060217567710535
58.957619443536686,0.033399050764016655,0.004161721713859872,0.12205323631321796,0.11480597940825502,-0.007399484287494564,0.06130764674894468,0.003586365091262996,0.07811049725210822,0.09692011032033201,-0.006245967128003181,0.0038859188762867675,0.004158380434937915,0.1519403943123121,0.11480597940825502,-0.007399484287494564,-0.007261927799539256,0.003510290000627064,0.13812019731429914,0.09692011032033201,-0.006245967128003181,-0.044154581700118184,0.0041563902319939235,0.14054525499762055,0.11480597940825502,-0.007399484287494564,-0.028934356299496193,0.0035080406797093327,0.0011359402192382406,0.09692011032033201,-0.006245967128003181,-0.017153875304925556,0.004081492299890366,0.06802579417181764,0.11480597940825502,-0.007399484287494564,0.04135462505977777,0.0035045707534300573,0.16315437981567635,0.09692011032033201,-0.006245967128003181
59.629453288861825,0.044283991541311726,0.004257106665663416,0.10496380558341556,0.11743519096170259,-0.007569073252777937,0.07898669948899456,0.003668563455588445,0.11499484736290072,0.09913999203877535,-0.006389119795993009,0.03306927672896022,0.004253688808332248,0.1720372863650359,0.11743519096170259,-0.007569073252777937,0.011335603641662653,0.0035907447933206313,0.12694026771145617,0.09913999203877535,-0.006389119795993009,0.00033011535744434384,0.004251652992176213,0.1461854653493207,0.11743519096170259,-0.007569073252777937,-0.01941528247858853,0.003588443919897296,0.05409796042792714,0.09913999203877535,-0.006389119795993009,-0.007361679612347835,0.004175038481724822,0.09925667007473304,0.11743519096170259,-0.007569073252777937,0.0005875363309768011,0.0035848944660977085,0.14537953815056967,0.09913999203877535,-0.006389119795993009
60.308942814996065,-0.013792792755242884,0.004354677732897874,0.13537153308500904,0.120124565191971,-0.007742548819511887,0.05263919318792115,0.003752645729322333,0.12508341006879115,0.1014106827403863,-0.006535553259675085,0.05806366295580935,0.00435118154219442,0.1746160229758844,0.120124565191971,-0.007742548819511887,0.006584211323516068,0.0036730435363640525,0.11320698149574349,0.1014106827403863,-0.006535553259675085,-0.050783664197762673,0.0043490990674014286,0.09627539401063938,0.120124565191971,-0.007742548819511887,-0.0026417804168641836,0.003670689929032323,0.0905271766482737,0.1014106827403863,-0.006535553259675085,-0.013716235653164752,0.004270728639025042,0.08210754872933723,0.120124565191971,-0.007742548819511887,0.00017754832862010295,0.0036670591250041722,0.11397434468526066,0.1014106827403863,-0.006535553259675085
60.9961752599508,0.03579361818036235,0.004454485015780826,0.18391856152846386,0.12287547650369836,-0.007920000050218803,0.05272020637308589,0.003838655087536661,0.12432948524273407,0.10373334371862536,-0.006685342701788558,0.05914813560505762,0.004450908696494392,0.19438387200840856,0.12287547650369836,-0.007920000050218803,0.0033410623097943765,0.0037572284892524697,0.09307152765046234,0.10373334371862536,-0.006685342701788558,-0.06549355225183726,0.004448778493823007,0.07437961036942813,0.12287547650369836,-0.007920000050218803,0.03659412678437408,0.0037548209394637462,0.11394996177084338,0.10373334371862536,-0.006685342701788558,0.03549905760152179,0.004368611906274737,0.10780008766637561,0.12287547650369836,-0.007920000050218803,0.004006945872448708,0.00375110692086954,0.08573567375148636,0.10373334371862536,-0.006685342701788558
61.69123885583198,0.03907402104269801,0.00455657976258761,0.1868932812726286,0.1256893306019298,-0.008101518047697463,0.07127073015316415,0.003926635694784145,0.117299401355831,0.10610916274316852,-0.006838565027490537,0.04963254478665503,0.004552921478337668,0.16569301814584825,0.1256893306019298,-0.008101518047697463,-0.0015486380131309735,0.0038433428798671787,0.08409395624755711,0.10610916274316852,-0.006838565027490537,-0.018944861899518356,0.004550742454047803,0.08044820067852303,0.1256893306019298,-0.008101518047697463,0.03468500252560242,0.003840880151443249,0.08275920123121694,0.10610916274316852,-0.006838565027490537,0.012184613012113779,0.004468738543998394,0.10269603947809447,0.1256893306019298,-0.008101518047697463,0.02138806486421302,0.003837081011115496,0.11123309840085413,0.10610916274316852,-0.006838565027490537
62.39422284016802,0.08360649397109692,0.004661014395813843,0.19204391737027826,0.12856756519486945,-0.00828719600192446,0.11055000297451062,0.004016632727680246,0.1305509814121632,0.10853935464648631,-0.0069952989045389945,0.03641806021747597,0.004657272268307429,0.16516887555145465,0.12856756519486945,-0.00828719600192446,-0.011200206653788944,0.003931430926555178,0.08809104951209101,0.10853935464648631,-0.0069952989045389945,0.035609527124879664,0.00465504330344179,0.12962095850900984,0.12856756519486945,-0.00828719600192446,0.02318946533437933,0.0039289117548788,0.13239587237616235,0.10853935464648631,-0.0069952989045389945,-0.000335157225467661,0.00457115996437653,0.11880782388576616,0.12856756519486945,-0.00828719600192446,0.002448767304853161,0.0039250255421709014,0.11145604747363799,0.10853935464648631,-0.0069952989045389945
63.10521746736678,0.030529467354523037,0.004767842539324943,0.16409775787414282,0.13151165072041945,-0.008477129238140278,0.07070164287498965,0.004108692397963881,0.1155276261777069,0.111025161952864,-0.0071556248023333015,-0.0008680332365151727,0.004764014647043816,0.15953124748387792,0.13151165072041945,-0.008477129238140278,-0.011112650406061339,0.004021537861173492,0.09204582553711682,0.111025161952864,-0.0071556248023333015,0.03615269394976109,0.004761734597077744,0.11489707672336617,0.13151165072041945,-0.008477129238140278,0.03192764586334813,0.004018960952724255,0.12099112183862737,0.111025161952864,-0.0071556248023333015,-0.054437320750991766,0.00467592875768062,0.11286373137559824,0.13151165072041945,-0.008477129238140278,-0.040647941394507614,0.004014985672036597,0.04824324914767616,0.111025161952864,-0.0071556248023333015
63.82431402030309,0.026505284781766763,0.004877119045676791,0.16581261551574478,0.1345230910884959,-0.008671415264739132,0.03738552674798018,0.004202861976416242,0.09791494495388847,0.11356785549102176,-0.007319625034344492,-0.0036826434697612015,0.0048732034230892785,0.12246745314693697,0.1345230910884959,-0.008671415264739132,-0.01273599630991483,0.004113709951956713,0.08418009338783983,0.11356785549102176,-0.007319625034344492,0.05812024698703225,0.0048708711174709155,0.15372569976963374,0.1345230910884959,-0.008671415264739132,0.020800729978294137,0.004111073983482739,0.13752673951057937,0.11356785549102176,-0.007319625034344492,-0.04866975978093861,0.004783098719336405,0.0801519299800324,0.1345230910884959,-0.008671415264739132,-0.030810469515131944,0.004107007593583368,0.13363801725724941,0.11356785549102176,-0.007319625034344492
64.55160482203847,0.00917572564527484,0.004988900024248985,0.1800323067480648,0.13760342442982593,-0.008870153824717019,0.0503202363599809,0.00429918981699349,0.11225422588440076,0.11616873503874714,-0.007487383800081791,-0.0061096517356087204,0.0049848946609296705,0.1404158431267637,0.13760342442982593,-0.008870153824717019,0.023798525939221174,0.004207994527207925,0.11390050720003608,0.11616873503874714,-0.007487383800081791,0.017912027771064404,0.004982508901897513,0.13965036913612733,0.13760342442982593,-0.008870153824717019,0.0011428029728221632,0.004205298145242877,0.12144038230661025,0.11616873503874714,-0.007487383800081791,-0.054544779840295085,0.0048927248772778105,0.13575123278984602,0.13760342442982593,-0.008870153824717019,-0.022024260603800416,0.004201138558143176,0.10359525031408809,0.11616873503874714,-0.007487383800081791
65.28718324767407,-0.006924729844987338,0.005103242870292323,0.1658125517392851,0.14075422388043826,-0.009073446945653417,0.04172543483329899,0.004397725381612519,0.11580449108730279,0.11882912998887968,-0.007658987227508411,-0.021694498752435662,0.005099145709577596,0.13324122691023432,0.14075422388043826,-0.009073446945653417,0.0354128946503537,0.004304440000007386,0.13904196704495697,0.11882912998887968,-0.007658987227508411,0.00879209697773034,0.005096705272246637,0.1385640348098532,0.14075422388043826,-0.009073446945653417,-0.018587593647735594,0.00430168182006382,0.09771913434092838,0.11882912998887968,-0.007658987227508411,-0.0069944781114689575,0.00500486352049503,0.13950507344520258,0.14075422388043826,-0.009073446945653417,-0.03332650795628794,0.00429742689984249,0.06477219351262073,0.11882912998887968,-0.007658987227508411
66.03114373633895,0.008683293452375212,0.005220206294001396,0.16734438616690006,0.143977098360743,-0.00928139899240395,0.012828037904364209,0.004498519265703084,0.11077380478892856,0.12155040000587523,-0.007834523418479001,-0.0554535439783652,0.0052160152321099615,0.10504919478614005,0.143977098360743,-0.00928139899240395,0.03530774726697218,0.0044030958927819,0.16347048752193438,0.12155040000587523,-0.007834523418479001,-0.004867712627991322,0.005213518863457429,0.11756938035661495,0.143977098360743,-0.00928139899240395,-0.02217713644991908,0.00440027449848897,0.10042994114088011,0.12155040000587523,-0.007834523418479001,-0.013949506438128687,0.005119572227696834,0.13582997970496624,0.143977098360743,-0.00928139899240395,-0.004221783005830704,0.004395922060467222,0.08911931672667714,0.12155040000587523,-0.007834523418479001
66.78358180331495,-0.00610079565723572,0.0053398503508588985,0.17733619742503215,0.14727369339579066,-0.009494116720916974,0.04910766850529075,0.0046016232238608856,0.11680827684536482,0.12433393571773016,-0.008014082492985127,-0.03468115410486371,0.005335563236043548,0.1412897189698794,0.14727369339579066,-0.009494116720916974,0.02515559973808558,0.00450401286258855,0.12028982356493167,0.12433393571773016,-0.008014082492985127,-0.03222363424354854,0.005333009654203327,0.14069401663145148,0.14727369339579066,-0.009494116720916974,0.0015680318593140428,0.0045011268052752495,0.10393077413222962,0.12433393571773016,-0.008014082492985127,0.0007815882391820211,0.005236909897017595,0.12424264119916106,0.14727369339579066,-0.009494116720916974,-0.027208706688082673,0.004496674614563952,0.08398755657030685,0.12433393571773016,-0.008014082492985127
67.54459405229956,0.0027773385263877674,0.005462236472657347,0.18907171107248366,0.15064569193099192,-0.009711709332590829,0.02299038045212437,0.004707090197006431,0.12967129396974614,0.1271811594204988,-0.008197756635590981,-0.005211149225051712,0.005457851103505246,0.156581460773914,0.15064569193099192,-0.009711709332590829,0.020427160488685994,0.004607242727316672,0.129601467086774,0.1271811594204988,-0.008197756635590981,-0.004808683602780389,0.005455238997419151,0.131957385828178,0.15064569193099192,-0.009711709332590829,0.016118371716673914,0.0046042905251635294,0.11826301972147768,0.1271811594204988,-0.008197756635590981,-0.026885041935279894,0.00535693677605914,0.11811068368810584,0.15064569193099192,-0.009711709332590829,0.005425433617129938,0.004599736295690739,0.09861015176223561,0.1271811594204988,-0.008197756635590981
68.31427818780881,-0.004346023425406981,0.005587427498469086,0.15563901976644778,0.15409481519234283,-0.009934288530386028,0.05309780752313681,0.004814974338701359,0.1399316464014057,0.13009352579041497,-0.00838564014294401,-0.0029587134615283034,0.005582941623430339,0.12085353025688206,0.15409481519234283,-0.009934288530386028,0.0006773848513920294,0.004712838492370066,0.1615729046413661,0.13009352579041497,-0.00838564014294401,0.032075878588814805,0.005580269651896372,0.1503395149071574,0.15409481519234283,-0.009934288530386028,0.026543794861884913,0.0047098186293953416,0.14958518018531308,0.13009352579041497,-0.00838564014294401,-0.023965577995161233,0.0054797144930841465,0.11303136403293212,0.15409481519234283,-0.009934288530386028,0.001902416774258453,0.004705160022674031,0.0855332967967489,0.13009352579041497,-0.00838564014294401
69.09273302772108,0.0019447217711356206,0.005715487707429728,0.16424049369306892,0.15762282352676843,-0.010161968575847795,0.033556802015723364,0.004925331043748406,0.16160430764413974,0.13307252260912192,-0.00857782947183092,-0.003106904405995023,0.005710899023195743,0.13043152156680526,0.15762282352676843,-0.010161968575847795,0.005788711872971045,0.004820854377591917,0.14634079196465977,0.13307252260912192,-0.00857782947183092,-0.006376444516352192,0.005708165814307923,0.15429174004806595,0.15762282352676843,-0.010161968575847795,0.02745641228696622,0.004817765303283841,0.14092979126956984,0.13307252260912192,-0.00857782947183092,-0.013242030813571823,0.005605306088194321,0.13088293847865717,0.15762282352676843,-0.010161968575847795,-0.006645729057531968,0.004812999927291854,0.1038120310102589,0.13307252260912192,-0.00857782947183092
69.88005851596424,0.0019447217711356206,0.00584648285149556,0.16424049369306892,0.16123151731124485,-0.010394866348462008,0.033556802015723364,0.005038216975996094,0.16160430764413974,0.13611967152874238,-0.008774423289040198,-0.003106904405995023,0.005841789002060264,0.13043152156680526,0.16123151731124485,-0.010394866348462008,0.005788711872971045,0.004931345845282049,0.14634079196465977,0.13611967152874238,-0.008774423289040198,-0.006376444516352192,0.005838993152403984,0.15429174004806595,0.16123151731124485,-0.010394866348462008,0.02745641228696622,0.004928185973496929,0.14092979126956984,0.13611967152874238,-0.008774423289040198,-0.013242030813571823,0.00573377604612919,0.13088293847865717,0.16123151731124485,-0.010394866348462008,-0.006645729057531968,0.004923311381449453,0.1038120310102589,0.13611967152874238,-0.008774423289040198
70.67635573534719,-0.011431954272626738,0.005980480189070547,0.15072747338349302,0.16492273783475367,-0.010633101404921613,0.03058523246656658,0.005153690097919081,0.10849870436858006,0.1392365288241842,-0.00897552252147856,0.02821529800691748,0.005975678764350765,0.12964178108764535,0.16492273783475367,-0.010633101404921613,0.0023486323910767576,0.005044369628596657,0.14600870379488762,0.1392365288241842,-0.00897552252147856,-0.021523789461587922,0.0059728188385338365,0.1410081706743414,0.16492273783475367,-0.010633101404921613,0.05899615877268966,0.005041137336883302,0.1638411529461613,0.1392365288241842,-0.00897552252147856,-0.006659401058387068,0.005865190329200675,0.14485734693139118,0.16492273783475367,-0.010633101404921613,0.010573977483866626,0.005036151025828479,0.1345249962670448,0.1392365288241842,-0.00897552252147856
71.48172692053758,-0.012374985403029354,0.006117548519666005,0.15742488626349604,0.1686983682323705,-0.010876796040198802,0.07947937004587874,0.0052718096999747254,0.18014273823906607,0.14242468617885268,-0.009181230408264988,0.04837111543234342,0.006112637054517512,0.1610010884493247,0.1686983682323705,-0.010876796040198802,0.01956568020243389,0.005159983760682763,0.16105631929243125,0.14242468617885268,-0.009181230408264988,-0.02373554061899527,0.006109711584050118,0.16087874453294387,0.1686983682323705,-0.010876796040198802,0.004862943801038308,0.005156677389350861,0.1526076210446422,0.14242468617885268,-0.009181230408264988,0.0074258190727561485,0.005999616410935247,0.17401512957850063,0.1686983682323705,-0.010876796040198802,0.02857361561357713,0.005151576799078173,0.1601561530883445,0.14242468617885268,-0.009181230408264988
72.29627547118757,0.01942740254104473,0.006257758219218296,0.18776073758758016,0.1725603344252984,-0.01112607535111677,0.06113445783357757,0.005392636431190633,0.1329707724106119,0.14568577148977932,-0.009391652553637001,0.06027710530341436,0.006252734191893556,0.17169355756462656,0.1725603344252984,-0.01112607535111677,0.04119397241193114,0.005278247604450484,0.16838898689164972,0.14568577148977932,-0.009391652553637001,-0.02664407500363994,0.006249741674798997,0.15221263377901711,0.1725603344252984,-0.01112607535111677,0.01435835912564438,0.005274865455774258,0.10733210541646365,0.14568577148977932,-0.009391652553637001,0.0033518559798529496,0.006137123311016564,0.1777973835377482,0.1725603344252984,-0.01112607535111677,0.020464672889139945,0.005269647967282017,0.13658235542648187,0.14568577148977932,-0.009391652553637001
73.12010596520895,-0.021590974869667063,0.006401181276175548,0.18453003208969043,0.17651060608638525,-0.01138106729949599,0.06317908375527576,0.0055162323303445775,0.15088121083839717,0.14902144967841055,-0.009606896980939215,0.037545591811031245,0.006396042107171396,0.1614023237765101,0.17651060608638525,-0.01138106729949599,0.04514949306348982,0.00539922188293824,0.18782669426699017,0.14902144967841055,-0.009606896980939215,-0.0010552567196385476,0.006392981006945798,0.15517545842984842,0.17651060608638525,-0.01138106729949599,0.023890046459186416,0.005395762220416336,0.12952423517238743,0.14902144967841055,-0.009606896980939215,-0.01230921750366469,0.006277781630423458,0.1893910087536108,0.17651060608638525,-0.01138106729949599,0.019752929409971143,0.005390425154830779,0.16940941921007466,0.14902144967841055,-0.009606896980939215
73.95332417219971,-0.011292715163814988,0.006547891328213849,0.16645152427887744,0.18055119762001848,-0.011641902778496362,0.10133489086109765,0.005642660857643673,0.14429049306606218,0.1524334235310414,-0.009827074188119837,0.03693330011769659,0.00654263437902345,0.13746721103749038,0.18055119762001848,-0.011641902778496362,0.02430892550242704,0.00552296871062303,0.1877557098915139,0.1524334235310414,-0.009827074188119837,-0.005756421194320266,0.006539503123998661,0.14483959853836997,0.18055119762001848,-0.011641902778496362,0.02883036857497063,0.005519429757949673,0.15149102757786637,0.1524334235310414,-0.009827074188119837,0.01165330077166822,0.0064216635878283045,0.1858912520794993,0.18055119762001848,-0.011641902778496362,0.031736200647372426,0.005513970374889496,0.15773978076303416,0.1524334235310414,-0.009827074188119837
74.79603706702352,-0.0038447282190304417,0.006697963700474335,0.20204194148013677,0.18468416918238256,-0.011908715679710313,0.08327999804203695,0.005771986927528605,0.1550726136833373,0.15592343455337723,-0.010052297204445452,0.0416139729752303,0.006692586271908149,0.1766747266703239,0.18468416918238256,-0.011908715679710313,-0.0008239841244331719,0.005649551625308962,0.16397921966371443,0.15592343455337723,-0.010052297204445452,0.013185540682750047,0.00668938325446471,0.1682291027031278,0.18468416918238256,-0.011908715679710313,0.011743863252261686,0.005645931565339716,0.15940817152592957,0.15592343455337723,-0.010052297204445452,-0.029595253910809013,0.006568843056680627,0.1835964703374744,0.18468416918238256,-0.011908715679710313,0.02335098569089794,0.005640347061707188,0.15024420742451924,0.15592343455337723,-0.010052297204445452
75.64835284354406,-0.051214131754018746,0.0068514754436783155,0.12859036626653697,0.18891162769534395,-0.012181642960755544,0.09549665598218421,0.005904276941567201,0.1414679804010725,0.15949326384165605,-0.01028268164837719,-0.00992385223804669,0.006845974774866075,0.12713035969171016,0.18891162769534395,-0.012181642960755544,0.01151715341911598,0.005779035620572195,0.17599481523720883,0.15949326384165605,-0.01028268164837719,-0.02098412679078629,0.006842698350515573,0.1510416584052619,0.18891162769534395,-0.012181642960755544,0.010876866721607878,0.005775332594585028,0.1333195871444196,0.15949326384165605,-0.01028268164837719,-0.05149704071244769,0.006719395602768836,0.12417505294044862,0.18891162769534395,-0.012181642960755544,-0.011111572063216502,0.00576962010305513,0.15300543063178482,0.15949326384165605,-0.01028268164837719
76.51038092851556,-0.07118545650383686,0.007008505374048613,0.1632559188893311,0.19323572790788363,-0.012460824716763585,0.06818249999831255,0.006039598822895724,0.1418130171658924,0.16314473297801357,-0.010518345786907747,-0.033543658690837516,0.0070028786408176434,0.1490690210979293,0.19323572790788363,-0.012460824716763585,0.007619228771360023,0.005911487179079668,0.16928366761570168,0.16314473297801357,-0.010518345786907747,-0.04403247988039469,0.006999527127343334,0.13983682675162062,0.19323572790788363,-0.012460824716763585,0.0029769200842757002,0.005907699285822498,0.18880811488590077,0.16314473297801357,-0.010518345786907747,-0.06219547175558275,0.0068733985234521984,0.15728845935725655,0.19323572790788363,-0.012460824716763585,0.008408214157716143,0.0059018558733500565,0.15663697878363445,0.16314473297801357,-0.010518345786907747
77.38223199563203,-0.057276872344304744,0.007169134113502108,0.1585996932849686,0.19765867347642477,-0.012746404251892237,0.08700355363810647,0.006178022051075743,0.13792673318022936,0.16687970494485305,-0.01075941059602541,-0.021685887783235755,0.0071633784270801965,0.1784194084735693,0.19765867347642477,-0.012746404251892237,0.004003402599724107,0.006046974306963998,0.13306388977405903,0.16687970494485305,-0.01075941059602541,-0.00908278780659097,0.007159950103697364,0.1883909561619797,0.19765867347642477,-0.012746404251892237,0.029942183545118746,0.006043099601604393,0.1973958585132688,0.16687970494485305,-0.01075941059602541,-0.0028880039917279915,0.0070309308870569,0.18395389701005005,0.19765867347642477,-0.012746404251892237,0.003720236518316822,0.006037122267904923,0.18243074642295562,0.16687970494485305,-0.01075941059602541
78.26401797973635,-0.03983737101531622,0.007333444131137714,0.16728146193950877,0.20218271805247678,-0.013038528152030436,0.06839224632330537,0.006319617697358153,0.14568531849148741,0.1707000850576579,-0.011005999822897322,-0.040259496387185165,0.007327556536421278,0.14838994345135226,0.20218271805247678,-0.013038528152030436,-0.010425447751731473,0.006185566568430842,0.11530300569031326,0.1707000850576579,-0.011005999822897322,0.028695187461979105,0.00732404964311152,0.2156217275352857,0.20218271805247678,-0.013038528152030436,0.01574439135451295,0.0061816030615331665,0.16965181625427583,0.1707000850576579,-0.011005999822897322,-0.014082507881912384,0.007192073573335253,0.18703724646790132,0.20218271805247678,-0.013038528152030436,0.005197167690064786,0.00617548873769743,0.1992645323163523,0.1707000850576579,-0.011005999822897322
79.15585209119124,-0.025963253128920966,0.007501519785511868,0.18944585887173637,0.2068101664153202,-0.013337346360481627,0.11578062598638833,0.006464458461687253,0.16175770915599913,0.17460782191202262,-0.011258240049364033,-0.009539953490649053,0.007495497259764727,0.17204343176013714,0.2068101664153202,-0.013337346360481627,-0.001983518617712496,0.006327335121688843,0.14364951855649388,0.17460782191202262,-0.011258240049364033,0.02186391766318066,0.00749190999599408,0.20545177184816749,0.2068101664153202,-0.013337346360481627,0.029009122094745217,0.006323280778259357,0.17320938686435305,0.17460782191202262,-0.011258240049364033,-0.014891354065934045,0.007356909315220182,0.2207426227962861,0.2068101664153202,-0.013337346360481627,-0.008880558452681486,0.006317026324942723,0.21561468483266397,0.17460782191202262,-0.011258240049364033
80.0578488304141,0.005954838286135116,0.007673447367954788,0.20408032163665524,0.21154337562255512,-0.0136430122551054,0.048577067066554236,0.0066126187095051515,0.14068272667962284,0.17860490837152684,-0.0115162607567546,-0.05102738835178465,0.007667286819199504,0.15737515521906054,0.21154337562255512,-0.0136430122551054,0.010739173836468732,0.006472352755309002,0.18402065685019608,0.17860490837152684,-0.0115162607567546,0.012960704805349638,0.007663617343211393,0.20545177184816749,0.21154337562255512,-0.0136430122551054,0.05275689076936447,0.006468205493735467,0.2577452201157665,0.17860490837152684,-0.0115162607567546,0.006278894771091295,0.007525522741079915,0.2213729649196141,0.21154337562255512,-0.0136430122551054,0.0015151453133372406,0.006461807699712328,0.2346961294502848,0.17860490837152684,-0.0115162607567546
80.97012400257749,-0.012504053589784531,0.007849315146671977,0.20186747281795803,0.21638475617465677,-0.01395568272632113,0.12147615387836669,0.006764174510082524,0.17976922731018313,0.18269338255305825,-0.01178019439219861,0.005028870092169471,0.007843013412078282,0.1770521173588191,0.21638475617465677,-0.01395568272632113,0.02031760964682662,0.0066206939255754275,0.1978431966062273,0.18269338255305825,-0.01178019439219861,-0.002732291903141698,0.007839259839992374,0.2034202824377081,0.21638475617465677,-0.01395568272632113,0.032670321695508826,0.0066164516164458256,0.20655189079044256,0.18269338255305825,-0.01178019439219861,-0.005799053162636333,0.007698000418238783,0.22144284100750955,0.21638475617465677,-0.01395568272632113,-0.011710525398611227,0.006609907196974042,0.21374357272937958,0.18269338255305825,-0.01178019439219861
81.89279473247699,-0.0039112078239785415,0.008029213412238655,0.22855512978289105,0.2213367732269197,-0.01427551825752372,0.07481849278905389,0.00691920367574646,0.19371208725922678,0.1868753288549993,-0.012050176436217721,-0.009049410820188383,0.008022767256514803,0.18474336041827377,0.2213367732269197,-0.01427551825752372,-0.011450911734901856,0.0067724347946454076,0.1764217830812831,0.1868753288549993,-0.012050176436217721,-0.008903799045588995,0.008018927661172104,0.23431410441394168,0.2213367732269197,-0.01427551825752372,0.04102211971976639,0.0067680952599372644,0.2111487002407656,0.1868753288549993,-0.012050176436217721,-0.00044382828542992303,0.007874430897294614,0.25250250691605647,0.2213367732269197,-0.01427551825752372,0.02144113187376412,0.006761400854880632,0.20350989470249922,0.1868753288549993,-0.012050176436217721
82.82597947956863,0.0217790123925287,0.008213234523607145,0.25307419248658014,0.2264019478060486,-0.014602683007967692,0.15939941251278472,0.007077785801430188,0.23182907280582804,0.19115287899388905,-0.012326345473159096,0.023289681845850355,0.008206640637320992,0.21881260708421357,0.2264019478060486,-0.014602683007967692,-0.01613679863216709,0.006927653269803142,0.21755525483857796,0.19115287899388905,-0.012326345473159096,-0.04903898090383238,0.008202713047630551,0.17870430202634308,0.2264019478060486,-0.014602683007967692,0.0452657369742901,0.006923214281423947,0.2319385817365741,0.19115287899388905,-0.012326345473159096,0.019014371059800375,0.0080549047574782,0.24854906881001337,0.2264019478060486,-0.014602683007967692,-0.0026897408489721664,0.0069163664537822255,0.21646881426016415,0.19115287899388905,-0.012326345473159096
83.76979805317761,0.04556633428094907,0.008401472955988205,0.2802602940356377,0.23158285807051787,-0.014937344896057797,0.05784097146919481,0.007240002305888829,0.21948317602492445,0.19552821306611887,-0.012608843261141311,0.04345385524694591,0.00839472795383735,0.2570272965032474,0.23158285807051787,-0.014937344896057797,0.009907103404979703,0.007086429043129705,0.20893281810954378,0.19552821306611887,-0.012608843261141311,-0.025545600928490314,0.008390710353343222,0.20470863991760863,0.23158285807051787,-0.014937344896057797,0.02225298448205843,0.007081888322182573,0.23641647594606952,0.19552821306611887,-0.012608843261141311,0.00910577154159882,0.008239514653346398,0.21899175081234734,0.23158285807051787,-0.014937344896057797,0.004131181526289607,0.007074883556107886,0.21708998893930173,0.19552821306611887,-0.012608843261141311
84.72437162788027,0.048029794101225695,0.00859402534854698,0.27884355905558855,0.23688214059082613,-0.015279675685943371,0.07013894338303689,0.007405936473065395,0.2129761087579813,0.20000356064655456,-0.012897814805120547,0.01791419258403272,0.008587125767901714,0.2346342880424961,0.23688214059082613,-0.015279675685943371,0.003946904111182273,0.007248843632800431,0.19398468338411257,0.20000356064655456,-0.012897814805120547,-0.04063435740349783,0.008583016093980681,0.2150127841822725,0.23688214059082613,-0.015279675685943371,0.02798351366211977,0.007244198847956219,0.24367082704428988,0.20000356064655456,-0.012897814805120547,-0.03154087499687612,0.008428355362081068,0.2084722979894389,0.23688214059082613,-0.015279675685943371,0.048809679716501575,0.00723703354706724,0.2443823091959186,0.20000356064655456,-0.012897814805120547
85.68982275906146,0.06785557152316672,0.008790990554898718,0.30272711062751945,0.24230249165730294,-0.015629851075174298,0.07899858321722181,0.007575673495276761,0.2247741002380878,0.20458120188947906,-0.01319340843149585,0.021466716188116367,0.008783932853421302,0.22121515041862572,0.24230249165730294,-0.015629851075174298,0.003946904111182273,0.007414980424513246,0.20656878771759346,0.20458120188947906,-0.01319340843149585,-0.010366807922375626,0.008779728996388802,0.2427185234395564,0.24230249165730294,-0.015629851075174298,0.027006322828025682,0.007410229190996164,0.24511373590428953,0.20458120188947906,-0.01319340843149585,-0.003968227886056816,0.008621523832215231,0.1969812145025509,0.24230249165730294,-0.015629851075174298,0.06037869436276594,0.00740289967662202,0.26602483483372025,0.20458120188947906,-0.01319340843149585
86.66627539864918,0.041542739043072194,0.008992469692847754,0.27816110089047796,0.2478466686170677,-0.015988050785053977,0.07350895565416177,0.007749300516331844,0.19897115430544837,0.20926346867269377,-0.013495775863621322,0.024147846248408614,0.008985250247421198,0.22813117393514637,0.2478466686170677,-0.015988050785053977,-0.009251273037986882,0.0075849247143553265,0.1812993694849807,0.20926346867269377,-0.013495775863621322,-0.024285842002006758,0.008980950048930873,0.21502116014029388,0.2478466686170677,-0.015988050785053977,0.0549721472252624,0.007580064592973558,0.2335241632373083,0.20926346867269377,-0.013495775863621322,-0.04438005173231445,0.008819119233183785,0.1657141977618215,0.2478466686170677,-0.015988050785053977,0.05489474843807102,0.007572567102057735,0.26758890613266756,0.20926346867269377,-0.013495775863621322
87.6538549110283,0.03841106054329162,0.009198566197007808,0.2882598295360336,0.253517491246121,-0.016354458652140857,0.04856960024782114,0.00792690667681809,0.22929045856478653,0.21405274575466493,-0.013805072299894763,0.02064105685612573,0.009191181301276781,0.23732178222360623,0.253517491246121,-0.016354458652140857,0.0026090986245187603,0.007758763752744655,0.1813515083322843,0.21405274575466493,-0.013805072299894763,0.013103694640049485,0.00918678255384793,0.2611311311454417,0.253517491246121,-0.016354458652140857,0.008617305300544895,0.007753792248174035,0.22850719966043187,0.21405274575466493,-0.013805072299894763,-0.07192218140588273,0.009021243006439025,0.15507850228607278,0.253517491246121,-0.016354458652140857,0.061043430799605,0.007746122931543625,0.2699718789729993,0.21405274575466493,-0.013805072299894763
88.65268808913594,0.048023410190892,0.009409385871392532,0.315043025123077,0.2593178431438136,-0.01672926272322248,0.09306247939527995,0.008108583159265739,0.228639431030581,0.21895147197082468,-0.014121456492956586,-0.0034840891216052355,0.009401831734294016,0.2304285359499152,0.2593178431438136,-0.01672926272322248,-0.0409292011700063,0.007936586788884493,0.1421088415501599,0.21895147197082468,-0.014121456492956586,0.027060403130812732,0.009397332179658801,0.29012485336831323,0.2593178431438136,-0.01672926272322248,0.0035682220344934266,0.007931501348827814,0.2466274391326354,0.21895147197082468,-0.014121456492956586,-0.05962182530900832,0.009227998917433788,0.17890369207297763,0.2593178431438136,-0.01672926272322248,0.014549241239467603,0.007923656268962935,0.25052265628790776,0.21895147197082468,-0.014121456492956586
89.66290317073997,0.023532246437387643,0.009625036943829988,0.24980284461544577,0.26525067316872325,-0.01711265535060827,0.10162148135886123,0.008294423235591458,0.22899910925488215,0.22396214143636667,-0.014445090831733766,-0.0008178884571729966,0.0096173096872102,0.25038805514843765,0.26525067316872325,-0.01711265535060827,-0.011670094424174868,0.008118485116895379,0.209731632435185,0.22396214143636667,-0.014445090831733766,0.0355705116251758,0.009612707015509413,0.297893356784156,0.26525067316872325,-0.01711265535060827,-0.000696269828989007,0.008113283130450519,0.2377063412938646,0.22396214143636667,-0.014445090831733766,-0.05509587990416136,0.009439493108393494,0.22844802591579327,0.26525067316872325,-0.01711265535060827,0.011126849117084558,0.008105258259788736,0.23627284069359264,0.22396214143636667,-0.014445090831733766
90.68462985490338,-0.008472296643419936,0.00984563012151133,0.27146895211508315,0.27131899688382316,-0.017504833291875195,0.10476046291852842,0.008484522314249494,0.23348538659041446,0.22908730479187106,-0.014776141423816806,0.008670633892031945,0.009837725778570644,0.24250446284655225,0.27131899688382316,-0.017504833291875195,-0.0026781983276321503,0.008304552122289848,0.2335515933549035,0.22908730479187106,-0.014776141423816806,-0.021153076906140184,0.00983301762695697,0.30108309122729066,0.27131899688382316,-0.017504833291875195,0.005446893643053794,0.008299230918837079,0.2638119239729867,0.22908730479187106,-0.014776141423816806,-0.0695375354995577,0.00965583415344936,0.20652894001374467,0.27131899688382316,-0.017504833291875195,0.015274778808410827,0.008291022137356543,0.25002552047704546,0.22908730479187106,-0.014776141423816806
91.71799931863579,0.02982227105660266,0.010071278647642921,0.2891278888868677,0.2775258980642931,-0.017905997809267504,0.09336898212098471,0.008678977989570714,0.2446284719297293,0.23432957047831313,-0.015114778180630138,0.02331923079280719,0.010063193160617491,0.2591102457649581,0.2775258980642931,-0.017905997809267504,0.0080657705650279,0.00849488333007764,0.23890881993428992,0.23432957047831313,-0.015114778180630138,0.044301980533184265,0.010058377112142898,0.330452225547379,0.2775258980642931,-0.017905997809267504,-0.005185798689094459,0.008489440177741985,0.23172331686793435,0.23432957047831313,-0.015114778180630138,-0.017411521222184298,0.00987713311377078,0.2434302073391903,0.2775258980642931,-0.017905997809267504,-0.02627172695427099,0.008481043271226105,0.2568467603145735,0.23432957047831313,-0.015114778180630138
92.763144233735,-0.020264971334611543,0.010302098359533116,0.25369760314984624,0.28387453021615466,-0.018316354773945345,0.040285079499091936,0.0088778900916926,0.22623578892895652,0.23969160602045583,-0.01546117490531865,0.006639493629534657,0.010293827577690231,0.28942523755339855,0.28387453021615466,-0.018316354773945345,0.027556557398928386,0.008689576453650167,0.23802577793114588,0.23969160602045583,-0.01546117490531865,0.04390389435487477,0.010288901160055614,0.3157961803806815,0.28387453021615466,-0.018316354773945345,0.002522416905769329,0.00868400855808261,0.26260239702648847,0.23969160602045583,-0.01546117490531865,-0.014993729829061372,0.010103503594723721,0.24622466691554212,0.28387453021615466,-0.018316354773945345,0.0008930720873982501,0.008675419215619267,0.2655678390191643,0.23969160602045583,-0.01546117490531865
93.82019878382052,0.010382067636382091,0.010538207748057658,0.2618216649309887,0.2903681181290001,-0.018736114770567892,0.06075142369745318,0.009081360737591181,0.20924587842488024,0.2451761393568367,-0.015815509380900348,0.026607222839241787,0.010529747425685076,0.32215532261360713,0.2903681181290001,-0.018736114770567892,0.01915944946392835,0.008888731445009262,0.2650565871221249,0.2451761393568367,-0.015815509380900348,0.04871536644265176,0.010524708109910023,0.29982916157893574,0.2903681181290001,-0.018736114770567892,0.016867797509576073,0.008883035947702629,0.26282889304489665,0.2451761393568367,-0.015815509380900348,-0.01606533648530621,0.010335061804133995,0.2703525475146362,0.2903681181290001,-0.018736114770567892,-0.004559008398830999,0.008874249759818808,0.26322196432406925,0.2451761393568367,-0.015815509380900348
94.88929868156093,0.014770649194048618,0.010779728018249118,0.2713367756699093,0.2970099594757206,-0.01916549320559492,0.06262141385578818,0.009289494383955004,0.23422617318936795,0.25078596020209476,-0.016177963461843067,0.016354534013113722,0.010771073812305227,0.31297295446532813,0.2970099594757206,-0.01916549320559492,-0.00436117609662566,0.009092450545993693,0.25336090019470014,0.25078596020209476,-0.016177963461843067,0.03436361209427288,0.010765919011466247,0.31040272320309886,0.2970099594757206,-0.01916549320559492,0.031486133844241544,0.009086624523036935,0.2584566960717033,0.25078596020209476,-0.016177963461843067,0.030380701250433198,0.01057192661184798,0.2703525475146362,0.2970099594757206,-0.01916549320559492,-0.01283464561741049,0.009077636978971713,0.24458988739095142,0.25078596020209476,-0.016177963461843067
95.97058118609779,0.026641301825725366,0.011026783151663017,0.28650681283092794,0.30380342643772384,-0.019604710417420082,0.034046173367863475,0.009502397880142321,0.23340765792642565,0.25652392141199365,-0.016548723166662078,0.05363490567419872,0.011017930619721651,0.35212813470557314,0.30380342643772384,-0.019604710417420082,0.027595278453475994,0.009300838340551934,0.3069376413546865,0.25652392141199365,-0.016548723166662078,0.04557842169684703,0.011012657687743531,0.28318280590724126,0.30380342643772384,-0.019604710417420082,0.020720798052547403,0.009294878800986617,0.3068573129190809,0.25652392141199365,-0.016548723166662078,-0.056570538786343924,0.010814219610451727,0.22891929608700945,0.30380342643772384,-0.019604710417420082,-0.040633840027654744,0.009285685286911819,0.23383469025365863,0.25652392141199365,-0.016548723166662078
97.064185120668,0.02829912324674703,0.011279499969913332,0.295213639547783,0.31075196736608685,-0.02005399178928186,0.03815686657157552,0.00972018052342184,0.2529387664542299,0.2623929404157459,-0.016927978773926357,0.006686552301656393,0.01127044456754036,0.3286290951422435,0.31075196736608685,-0.02005399178928186,-0.05216960369458255,0.0095140018086625,0.2631916662937821,0.2623929404157459,-0.016927978773926357,0.017414923019655776,0.011265050797659285,0.2782825880551039,0.31075196736608685,-0.02005399178928186,0.019935875023229195,0.00950790569305621,0.28619159047972,0.2623929404157459,-0.016927978773926357,-0.04201663746581345,0.0110620651780958,0.27142299831243566,0.31075196736608685,-0.02005399178928186,-0.005341924656276975,0.009498501489337332,0.23683771457787203,0.2623929404157459,-0.016927978773926357
98.17025089042693,0.020069881560777974,0.011538008199268928,0.30150516640470293,0.31785910848243415,-0.020513567864202116,0.03290815592713986,0.009942954114772772,0.2807403709091571,0.2683960006507935,-0.01731592491926195,0.0023655969106901736,0.011528745278238802,0.3102511956509184,0.31785910848243415,-0.020513567864202116,-0.01353253212466142,0.009732050380772949,0.30285342183426445,0.2683960006507935,-0.01731592491926195,-0.008767242844269857,0.011523227901626572,0.2571531626987403,0.31785910848243415,-0.020513567864202116,0.041609068801863054,0.009725814559647416,0.30493244558812294,0.2683960006507935,-0.01731592491926195,-0.0753487182812617,0.011315590541757186,0.28520236015384715,0.31785910848243415,-0.020513567864202116,-0.009972733005293721,0.009716194838414632,0.2545713376359125,0.2683960006507935,-0.01731592491926195
99.2889205004747,0.024866311635819132,0.01180244053782226,0.3059889607395111,0.3251284556159781,-0.020983674463650268,0.09628263674024079,0.010170833016228573,0.30516051567674624,0.27453615303984424,-0.01771276069484604,-0.021789290539099268,0.011792965343273424,0.3097151580396351,0.3251284556159781,-0.020983674463650268,-0.0015616407044937025,0.009955095994470364,0.29757558946374396,0.27453615303984424,-0.01771276069484604,0.0015086080564258586,0.011787321527714953,0.3156107435561298,0.3251284556159781,-0.020983674463650268,0.034818465557233176,0.00994871726662098,0.30064658521457865,0.27453615303984424,-0.01771276069484604,-0.04819820890950026,0.011574925842825361,0.2968146502209885,0.3251284556159781,-0.020983674463650268,-0.018403618813867484,0.00993887708952694,0.23574132545049417,0.27453615303984424,-0.01771276069484604
100.420337574088,-0.000965834826377316,0.012072932722873755,0.30718077562481916,0.3325636959739706,-0.021464552807735827,0.09567657167277172,0.010403934209621747,0.3200301178606037,0.28081651750237274,-0.01811868975211499,0.009459891359234321,0.012063240391082669,0.335993072861674,0.3325636959739706,-0.021464552807735827,0.009901699223850438,0.010183253151316,0.3227756207904877,0.28081651750237274,-0.01811868975211499,0.019833090503944023,0.012057467239620125,0.31910077381312424,0.3325636959739706,-0.021464552807735827,0.022781238170406178,0.010176728242173081,0.305326774631392,0.28081651750237274,-0.01811868975211499,-0.07521075211736387,0.011840204203476583,0.2916850732443992,0.3325636959739706,-0.021464552807735827,0.042932325139062255,0.010166662557809748,0.2984619800093001,0.28081651750237274,-0.01811868975211499
101.56464737115942,0.001368050254296465,0.01234962360108302,0.3035722878287136,0.34016859995490434,-0.021956449638889902,0.07078436185408182,0.010642377356488585,0.305746257479061,0.28724028449961125,-0.018533920405154388,0.007503952225790714,0.012339709156766727,0.35786883248971946,0.34016859995490434,-0.021956449638889902,0.009655652226734271,0.010416638976036417,0.3070660851957643,0.28724028449961125,-0.018533920405154388,0.02589212349868389,0.012333803706086957,0.36479916590528366,0.34016859995490434,-0.021956449638889902,0.0553272196550409,0.010409964535996968,0.3323728135384868,0.28724028449961125,-0.018533920405154388,-0.0492265419881847,0.012111561795293622,0.3102426899597335,0.34016859995490434,-0.021956449638889902,0.036624624049874155,0.01039966817713726,0.31956176188357516,0.28724028449961125,-0.018533920405154388
102.72199680684696,-0.01518054024963041,0.01263265519904178,0.3071347509333656,0.34794702300888736,-0.022459617347932614,0.1379530862068486,0.010886284859470676,0.3463656149901195,0.29381071659883,-0.018958665737952077,0.025276403669527228,0.012622513553184809,0.35203783300776315,0.34794702300888736,-0.022459617347932614,0.018605037311144282,0.01065537327606536,0.31411976719333645,0.29381071659883,-0.018958665737952077,0.027513820970447883,0.012616472771885016,0.34347407248191947,0.34794702300888736,-0.022459617347932614,-0.005430660113699351,0.01064854587899957,0.31201307729604644,0.29381071659883,-0.018958665737952077,-0.04437645334899691,0.012389137908820206,0.3067033279437057,0.34794702300888736,-0.022459617347932614,0.05003382942950679,0.010638013559976015,0.33120593950733485,0.29381071659883,-0.018958665737952077
103.89253447043619,0.0026913556770335294,0.012922172796634225,0.34616095234231004,0.3559029075181818,-0.022974314103788994,0.09549351150434521,0.01113578192498353,0.34425130107026697,0.30053115009794695,-0.019393143713007772,0.03722212243776048,0.012911798743578545,0.3454471854769261,0.3559029075181818,-0.022974314103788994,0.013637272902303446,0.010899578603501148,0.2909397859031275,0.30053115009794695,-0.019393143713007772,0.012612947583466566,0.012905619530926489,0.3426556148792537,0.3559029075181818,-0.022974314103788994,-0.0032776149910099164,0.010892594744555329,0.3069679449205963,0.30053115009794695,-0.019393143713007772,-0.01674352643500547,0.012673075024832918,0.32637621890981183,0.3559029075181818,-0.022974314103788994,0.04259909595891059,0.010881821058833573,0.3360185615948997,0.30053115009794695,-0.019393143713007772
105.07641064441728,0.008222242234428394,0.013218325001055345,0.3490263754602275,0.3640402847377691,-0.02350080398447297,0.10572901653130035,0.01139099662745801,0.33276194018179134,0.3074049966663393,-0.019837577283784588,0.0625545910391019,0.013207713215939616,0.38858852501843777,0.3640402847377691,-0.02350080398447297,0.012914575670511477,0.011149380317570127,0.3241167285435689,0.3074049966663393,-0.019837577283784588,0.005603632680955345,0.013201392400254083,0.3597267703815577,0.3640402847377691,-0.02350080398447297,-0.01810679967392486,0.011142236411722422,0.2988512352974012,0.3074049966663393,-0.019837577283784588,0.0023825193961342778,0.012963518887758785,0.35914995850456055,0.3640402847377691,-0.02350080398447297,0.027232942017496098,0.01113121582880287,0.3479631004926436,0.3074049966663393,-0.019837577283784588
106.27377732377938,0.0038864239622981404,0.013521263823224633,0.35640225561126726,0.3723632767754308,-0.02403935711371928,0.07060371285798733,0.011652059974947821,0.31194557772450765,0.31443574502059235,-0.020292194507602376,0.02254770490335402,0.013510408859187494,0.3955115768251305,0.3723632767754308,-0.02403935711371928,0.04088578435481595,0.011404906649111632,0.3602793272302842,0.31443574502059235,-0.020292194507602376,0.029643448394976263,0.013503943196101034,0.39073481756844847,0.3723632767754308,-0.02403935711371928,-0.0018066931496623553,0.011397599029128323,0.3187541173667682,0.31443574502059235,-0.020292194507602376,-0.01730832699753619,0.01326061858012581,0.3373861598892711,0.3723632767754308,-0.02403935711371928,0.025903276511571816,0.011386325891808536,0.351383997609176,0.31443574502059235,-0.020292194507602376
107.4847882355249,0.02347444592507523,0.013831144755667164,0.3788807489096734,0.3808760986039701,-0.024590249797674497,0.061625931243546817,0.011919105976387342,0.3193164784142348,0.3216269626490672,-0.020757228663840506,0.025851504455551635,0.013820041041011071,0.3807465770504874,0.3808760986039701,-0.024590249797674497,0.03139156065172245,0.011666288765914587,0.3681126198509921,0.3216269626490672,-0.020757228663840506,0.009648475078010949,0.013813427211869293,0.35983238631039766,0.3808760986039701,-0.024590249797674497,0.004101306572945116,0.011658813680716421,0.36166615211235353,0.3216269626490672,-0.020757228663840506,-0.032683986456296374,0.01356452659872479,0.3400323472685409,0.3808760986039701,-0.024590249797674497,-0.01692958270658501,0.011647282202282856,0.3029718217746265,0.3216269626490672,-0.020757228663840506
108.7095988584061,0.00402356038909028,0.014148126851912168,0.3836801808829272,0.3895830601234499,-0.025153764667166414,0.03740030125245869,0.012192271710236922,0.3091445236060541,0.3289822975645068,-0.021232918371787875,0.015465001507571033,0.014136768687482131,0.37521523384905087,0.3895830601234499,-0.025153764667166414,0.03826794317525718,0.011933660840596085,0.3747479954705464,0.3289822975645068,-0.021232918371787875,0.029675341076860123,0.014130003297638905,0.3965782125413638,0.3895830601234499,-0.025153764667166414,-0.011019734111380733,0.011926014453087,0.3819696012857864,0.3289822975645068,-0.021232918371787875,-0.03920659672115938,0.013875398933378006,0.35010438929737386,0.3895830601234499,-0.025153764667166414,-0.0008832073593195156,0.011914218714128094,0.3270586228181252,0.3289822975645068,-0.021232918371787875
109.9483664428867,0.007045799241769773,0.01447237280853158,0.3666598456145359,0.39848856828043705,-0.02573019082180969,0.04465576312934988,0.012471697394551253,0.32885064835771133,0.33650548010436937,-0.02171950771401312,0.027840881893305594,0.014460754364525194,0.38305281898691823,0.39848856828043705,-0.02573019082180969,0.030065693390974327,0.012207160118800214,0.361187014553334,0.33650548010436937,-0.02171950771401312,0.0031157337963917675,0.014453833941503055,0.406009209332632,0.39848856828043705,-0.02573019082180969,0.002495942178448682,0.012199338503975282,0.3835192374345403,0.33650548010436937,-0.02171950771401312,-0.027082943486296848,0.014193395146177248,0.3674961787869071,0.39848856828043705,-0.02573019082180969,0.0038462605818607165,0.012187272449725065,0.3437918419735713,0.33650548010436937,-0.02171950771401312
111.20125003133083,-0.025960223459088622,0.014804049047761716,0.3700696571552261,0.4075971292029891,-0.026319823978688463,0.02042802813376926,0.012757526459274637,0.36771297644968265,0.344200324752266,-0.022217246360630466,0.007017320771223426,0.014792164361106728,0.39173703438355445,0.4075971292029891,-0.026319823978688463,0.01716187525688974,0.012486926989802083,0.36664546112343666,0.344200324752266,-0.022217246360630466,0.01285950394378324,0.014785085352828613,0.39275787552741176,0.4075971292029891,-0.026319823978688463,0.030487391864010456,0.012478926132841937,0.39674750579186047,0.344200324752266,-0.022217246360630466,-0.020421583000188967,0.014518678453792629,0.37656968765110843,0.4075971292029891,-0.026319823978688463,-0.008557573299553811,0.012466583569711863,0.3360902799092323,0.344200324752266,-0.022217246360630466
112.46841047842213,-0.021961063635650275,0.015143325803497646,0.35422096098775746,0.4169133504183673,-0.026922966622069593,0.018474669257647236,0.013049905619353971,0.3924909270662657,0.35207073202268396,-0.022726389697175407,0.01590017088204944,0.015131168774318452,0.4254998190003929,0.4169133504183673,-0.026922966622069593,0.01728781699839467,0.012773105058573955,0.3841935414385065,0.35207073202268396,-0.022726389697175407,0.02066341657265794,0.01512392754765342,0.4045358668279027,0.4169133504183673,-0.026922966622069593,0.01924056651442991,0.01276492085259259,0.38987161526236414,0.35207073202268396,-0.022726389697175407,-0.03714828056260948,0.014851415810768227,0.3924323124387241,0.4169133504183673,-0.026922966622069593,-0.003219534124938195,0.012752295445147534,0.338174544740296,0.35207073202268396,-0.022726389697175407
113.75001047181549,0.0165716976429419,0.015490377208239144,0.39734554292452706,0.4264419430974112,-0.02753992815955732,0.08494982402630785,0.013348984949996917,0.3989792370340283,0.3601206903739116,-0.02324719895551078,0.00018091534257293207,0.015477941596993188,0.43011306354707535,0.4264419430974112,-0.02753992815955732,0.02132162075718015,0.013065841219031003,0.3743237237261303,0.3601206903739116,-0.02324719895551078,-0.012447866871557606,0.015470534435276174,0.40328543856732485,0.4264419430974112,-0.02753992815955732,-0.00940732236453994,0.013057469463135785,0.3515747311550924,0.3601206903739116,-0.02324719895551078,-0.06869770875023888,0.015191777995254035,0.3443461305663016,0.4264419430974112,-0.02753992815955732,-0.0009162378654293257,0.013044554730844045,0.366989884527861,0.3601206903739116,-0.02324719895551078
115.04621455302407,0.006920817408423135,0.01584538138196361,0.39732516923492234,0.43618772434278585,-0.028171025079540488,0.059347094690888114,0.013654917963792357,0.3861376169039283,0.3683542781549493,-0.02377994134723039,-0.011406464704146954,0.015832660806229238,0.4121849313263757,0.43618772434278585,-0.028171025079540488,0.020982940067789793,0.013365285729583837,0.377509305637471,0.3683542781549493,-0.02377994134723039,-0.014338169011978236,0.01582508390807887,0.4138454791782385,0.43618772434278585,-0.028171025079540488,0.0224721077932823,0.013356722126712312,0.3711847844850019,0.3683542781549493,-0.02377994134723039,-0.06723939601129884,0.015539939696251096,0.35619734962711025,0.43618772434278585,-0.028171025079540488,0.01679110772022291,0.013343511440568036,0.3536363479136338,0.3683542781549493,-0.02377994134723039
116.35718913854446,0.01727426545561565,0.016208520523960452,0.41740019884034474,0.4461556195417018,-0.02881658111303876,0.07314925194139238,0.013967861689179083,0.3530243070039291,0.3767756656130638,-0.02432489020033113,0.0035522939227583678,0.016195508455226916,0.44119148071514913,0.4461556195417018,-0.02881658111303876,0.041045956477138726,0.013671592290189088,0.4031242236674617,0.3767756656130638,-0.02432489020033113,0.014483462398310026,0.016187757931763892,0.46131691068634756,0.4461556195417018,-0.02881658111303876,0.016562276378163383,0.013662832444738229,0.4162831133230426,0.3767756656130638,-0.02432489020033113,-0.058574062156670756,0.0158960796035645,0.36558641322474994,0.4461556195417018,-0.02881658111303876,0.018757117620722352,0.013649319024045266,0.37038866461637815,0.3767756656130638,-0.02432489020033113
117.68310254122242,0.03402715058447152,0.016579981005556008,0.4569543360608702,0.45635066477118597,-0.029476927399502,0.08789756510233043,0.014287976750894424,0.3871561325729151,0.3853891169355581,-0.024882325099292925,0.013231631387731882,0.016566670765828982,0.4861084683513377,0.45635066477118597,-0.029476927399502,0.04703121777177878,0.013984918120900254,0.3890525038736359,0.3853891169355581,-0.024882325099292925,0.00039374164175490223,0.01655874263940441,0.4727981791616765,0.45635066477118597,-0.029476927399502,0.031217507150024866,0.01397595753670661,0.38379115935101027,0.3853891169355581,-0.024882325099292925,-0.018463210614397305,0.016260380498703368,0.3826276952860743,0.45635066477118597,-0.029476927399502,0.003782824499455939,0.013962134445274872,0.3994912950322416,0.3853891169355581,-0.024882325099292925
119.02412499186212,0.04344457165477815,0.01695995346612989,0.4683312691967466,0.4667780092345999,-0.030152402655732068,0.0728241750269441,0.014615427452606508,0.3907298774285956,0.3941989923255298,-0.025452532028097,-0.026094544913882287,0.016946338224395112,0.45143048169880706,0.4667780092345999,-0.030152402655732068,0.029538867917108372,0.014305424042450162,0.3794446282437838,0.3941989923255298,-0.025452532028097,0.02365532522476768,0.016938228426202944,0.4792965307681774,0.4667780092345999,-0.030152402655732068,0.009770983496549543,0.014296258120379695,0.3619712518505206,0.3941989923255298,-0.025452532028097,-0.020470850022568918,0.016633029349021253,0.39761227539004285,0.4667780092345999,-0.030152402655732068,-0.016319664610007723,0.01428211826333773,0.4020951337046608,0.3941989923255298,-0.025452532028097
120.38042866108208,0.04700917769303674,0.017348632910464963,0.499518931914097,0.4774429177712268,-0.03084335334893057,0.05569280350869238,0.014950381860507215,0.42000871864693295,0.4032097501476522,-0.026035803515685317,-0.018816864181027113,0.017334705679331687,0.47658164706293227,0.4774429177712268,-0.03084335334893057,0.024785761490918726,0.014633274558924509,0.3765500031765472,0.4032097501476522,-0.026035803515685317,0.01717894717329918,0.01732641004735696,0.4774721806646179,0.4774429177712268,-0.03084335334893057,0.013131536809650466,0.01462389859447661,0.3749885671390941,0.4032097501476522,-0.026035803515685317,0.000922357789230624,0.017014217403337525,0.44604510583952095,0.4774429177712268,-0.03084335334893057,-0.005482213533545777,0.014609434714331451,0.39064619276401485,0.4032097501476522,-0.026035803515685317
121.75218768141902,0.04728311735959993,0.01774621880851844,0.5366966659548308,0.4883507734139142,-0.03155013387443988,0.10259776431668871,0.015293011889892617,0.41966413321667567,0.41242594909637226,-0.02663243878714729,-0.001918720545007288,0.017731972440548152,0.5050202435555151,0.4883507734139142,-0.03155013387443988,0.006034358669625997,0.014968637941690364,0.40037553232008904,0.41242594909637226,-0.02663243878714729,0.013919227556085462,0.017723486717550817,0.5043873575472408,0.4883507734139142,-0.03155013387443988,0.014204177681204253,0.014959047122602681,0.41329608690302877,0.41242594909637226,-0.02663243878714729,0.011802788672579403,0.01740414028974442,0.4631017475406596,0.4883507734139142,-0.03155013387443988,-0.02262358566823025,0.014944251795785313,0.4096763742243095,0.41242594909637226,-0.02663243878714729
123.13957816968478,0.028997714389167244,0.018152915197788628,0.5251727914975807,0.4995070800032148,-0.032273106735900454,0.06903927931606485,0.015643493393205157,0.4065795219806085,0.42185225042849384,-0.027242743915161946,0.009014066971050796,0.01813834238200014,0.5073875337258416,0.4995070800032148,-0.032273106735900454,0.004536124932788335,0.015311686315865264,0.41752504878340013,0.42185225042849384,-0.027242743915161946,0.03414879892986625,0.01812966221320164,0.5053350520480888,0.4995070800032148,-0.032273106735900454,0.013508546403764707,0.01530187571967712,0.42207009663440076,0.42185225042849384,-0.027242743915161946,-0.026821648854930366,0.017802998115945923,0.4514330590322837,0.4995070800032148,-0.032273106735900454,-0.00931086426755684,0.01528674135251088,0.4127433359833948,0.42185225042849384,-0.027242743915161946
124.54277824957748,0.015121085753153112,0.018568930787693318,0.5236147627857911,0.5109174648459983,-0.033012642731275084,0.06972316986702981,0.016002006249900474,0.40294482476870436,0.4314934202249271,-0.027867031977421974,-0.018778189803227305,0.01855402404561121,0.5404990856311362,0.5109174648459983,-0.033012642731275084,0.0184269126412734,0.01566259574836716,0.43498257437319787,0.4314934202249271,-0.027867031977421974,0.02986279641782366,0.018545144976551655,0.4931109986468181,0.5109174648459983,-0.033012642731275084,-0.00296344056044622,0.015652560339882007,0.4308179128015964,0.4314934202249271,-0.027867031977421974,-0.0028542503758061527,0.018210995571767936,0.5012221584688286,0.5109174648459983,-0.033012642731275084,-0.008561037067013333,0.01563707916480591,0.4457623512916325,0.4314934202249271,-0.027867031977421974
125.96196807455036,0.021607917626111844,0.018994479066553462,0.5157202183959136,0.5225876814597465,-0.03376912114144873,0.07001537606231995,0.0163687344585804,0.443509013791816,0.4413543317286477,-0.028505623216105877,0.003426344869496903,0.018979230748516127,0.5775174385008535,0.5225876814597465,-0.03376912114144873,0.022311935728425505,0.0160215463380968,0.46463816013061554,0.4413543317286477,-0.028505623216105877,0.029767424415249183,0.018970148222753055,0.4978599382672611,0.5225876814597465,-0.03376912114144873,0.004799517943458962,0.01601128096688436,0.4801614525137633,0.4413543317286477,-0.028505623216105877,-0.023841434135147985,0.01862834203385427,0.4993764654636381,0.5225876814597465,-0.03376912114144873,0.006219630349190763,0.015995445038538815,0.436387348746294,0.4413543317286477,-0.028505623216105877
127.39732985094115,-0.014104354339227482,0.019429778410693713,0.48791684089934584,0.5345236123426542,-0.03454292992475053,0.08884819441596764,0.01674386623167744,0.43473247959027866,0.4514399677066639,-0.029158845202374828,-0.030128243369395888,0.019414180691857318,0.5413886884080445,0.5345236123426542,-0.03454292992475053,0.03279061240840954,0.016388722308474494,0.47744160858149365,0.4514399677066639,-0.029158845202374828,0.04595464657653983,0.01940489004855058,0.5446638034383626,0.5345236123426542,-0.03454292992475053,0.0025645686586965397,0.016378221705991215,0.48482635257794116,0.4514399677066639,-0.029158845202374828,-0.029287163005498648,0.019055251672824573,0.5000196816507954,0.5345236123426542,-0.03454292992475053,0.004981727128693547,0.016362022896946816,0.460731707631128,0.4514399677066639,-0.029158845202374828
128.84904786136525,-0.007657932919964933,0.019875052196485672,0.504170528805365,0.5467312718256,-0.03533446591478662,0.06897795544933,0.01712759409124902,0.43076112228713875,0.4617554228832167,-0.029827033002983554,-0.024693111981209923,0.019859097072793798,0.5537754192682802,0.5467312718256,-0.03533446591478662,0.05203092649538456,0.016764312101163224,0.4842303916755333,0.4617554228832167,-0.029827033002983554,0.026094960886940216,0.019849593544438337,0.5242806321453377,0.5467312718256,-0.03533446591478662,0.05106229260282364,0.016753570878411294,0.5218375505097043,0.4617554228832167,-0.029827033002983554,-0.016125023037948757,0.01949194356310614,0.5142179387125472,0.5467312718256,-0.03533446591478662,-0.006077035718619117,0.01673700087520139,0.43266732172934047,0.4617554228832167,-0.029827033002983554
130.31730848837526,-0.024396144084181854,0.020330528914292448,0.476944176256091,0.5592168089836703,-0.03614413502262008,0.12935301577416541,0.017520114967898903,0.4528947412301762,0.47230590640326475,-0.030510529352130843,-0.0014787154122728324,0.020314208198634855,0.5516154724431723,0.5592168089836703,-0.03614413502262008,0.0364428026996312,0.017148508473319092,0.5105521014485606,0.47230590640326475,-0.030510529352130843,0.010072120567878345,0.020304486908541322,0.5114047350032906,0.5592168089836703,-0.03614413502262008,0.0034559271574714032,0.01713752111783338,0.4827739563155361,0.47230590640326475,-0.030510529352130843,-0.02563386079198586,0.019938641794981837,0.5157757096446991,0.5592168089836703,-0.03614413502262008,-0.02597738141031286,0.017120571416574398,0.44414217694875907,0.47230590640326475,-0.030510529352130843
131.8023002383901,-0.009682669418878815,0.020796442286074773,0.514324530971419,0.5719865106002044,-0.036972352444971546,0.11324040462263635,0.017921630301803135,0.45821300633259704,0.4830967443864878,-0.03120968482616658,0.011500996895772234,0.02077974760371774,0.5634629966935145,0.5719865106002044,-0.036972352444971546,0.042472703884711374,0.01754150859585486,0.5403545322660206,0.4830967443864878,-0.03120968482616658,0.015007618316999954,0.020769803563597138,0.5367311882081915,0.5719865106002044,-0.036972352444971546,0.057667512803252614,0.01753026946895546,0.5105265715817416,0.4830967443864878,-0.03120968482616658,-0.07425995737852069,0.020395575589481095,0.4871342935658083,0.5719865106002044,-0.036972352444971546,-0.011987042281163485,0.01751293137109047,0.4622764605987549,0.4830967443864878,-0.03120968482616658
133.30421376589695,-0.01094228984513242,0.02127303138446205,0.5270930779730872,0.5850468042079988,-0.037819542875536925,0.09689706773342383,0.018332346145443445,0.4923330423603198,0.4941333824856964,-0.03192485802305221,0.003270872035274111,0.021255954168922488,0.5912367767918416,0.5850468042079988,-0.037819542875536925,0.05809066513506779,0.017943514154652864,0.5148674044535044,0.4941333824856964,-0.03192485802305221,0.017558170031074655,0.021245782276253653,0.567367821533187,0.5850468042079988,-0.037819542875536925,0.06704570640931347,0.017932017488505182,0.5281430556998671,0.4941333824856964,-0.03192485802305221,-0.05937578407853088,0.02086297941534759,0.5148599384015222,0.5850468042079988,-0.037819542875536925,-0.009807198076148327,0.01791428209618976,0.4766969291466641,0.4941333824856964,-0.03192485802305221
134.82324189792925,-0.0004899719178950886,0.021760540755242103,0.5730719312652458,0.5984042611855046,-0.038686140721932605,0.09421699178441695,0.01875247326950422,0.49251897548861984,0.5054213885530113,-0.032656415745677264,-0.004098227174922128,0.02174307224413808,0.5940306057010252,0.5984042611855046,-0.038686140721932605,0.04077566439632009,0.018354731453671655,0.5340500120902656,0.5054213885530113,-0.032656415745677264,0.005161265777326479,0.021732667279660726,0.601277710553118,0.5984042611855046,-0.038686140721932605,0.052298568911650585,0.01834297134824675,0.5267388085402455,0.5054213885530113,-0.032656415745677264,-0.051753220919738815,0.02134109310941605,0.5352339551731378,0.5984042611855046,-0.038686140721932605,-0.0013359181961037359,0.018324829560085715,0.49367845087610723,0.5054213885530113,-0.032656415745677264
136.3595796588226,0.014766542063901527,0.022259220542871244,0.5851025372871604,0.61206559992817,-0.03957259032721143,0.10545317382018854,0.019182227270476644,0.5136314322737118,0.5169664553204943,-0.03340473318879985,-0.006432344154810407,0.022241351772981744,0.5843377513588537,0.61206559992817,-0.03957259032721143,0.0218491015283825,0.018775371520569146,0.5412745778148926,0.5169664553204943,-0.03340473318879985,0.029174580056073568,0.022230708397893848,0.6426854007751446,0.61206559992817,-0.03957259032721143,0.007671918520971441,0.018763341941051018,0.4900105184464031,0.5169664553204943,-0.03340473318879985,-0.06911933063414614,0.021830161999182612,0.5441519944085185,0.61206559992817,-0.03957259032721143,0.003041464436106478,0.018744784447066166,0.5398878864630864,0.5169664553204943,-0.03340473318879985
137.91342429525406,0.04579389579445918,0.022769326617969453,0.6239864663553306,0.6260376890830587,-0.0404793461968651,0.11657641685345627,0.01962182868115409,0.5302671363749593,0.5287744031730084,-0.03417019413091231,0.01182810028637539,0.022751048420938856,0.6203111480866388,0.6260376890830587,-0.0404793461968651,0.023391766751930457,0.019205650214950624,0.5315473160139563,0.5287744031730084,-0.03417019413091231,0.021916912548970574,0.02274016117417199,0.6640355354021332,0.6260376890830587,-0.0404793461968651,0.023238936335557576,0.019193344988093334,0.5375953747473449,0.5287744031730084,-0.03417019413091231,-0.029049988421410752,0.02233043702841726,0.570969044040365,0.6260376890830587,-0.0404793461968651,0.018408326557089294,0.019174362265279375,0.512744460097137,0.5287744031730084,-0.03417019413091231
139.48497530156587,0.03493580825246172,0.023291120708446696,0.6483365395640658,0.6403275508512944,-0.041406873231237276,0.09889688822683534,0.020071503083928112,0.5329988053788913,0.5408511829525832,-0.034953191130755845,0.06489481467072379,0.023272423706207097,0.67595381690095,0.6403275508512944,-0.041406873231237276,0.0016328027506816861,0.019645788338803122,0.5392346245868505,0.5408511829525832,-0.034953191130755845,0.04274323754026979,0.023261287001739326,0.7156729032725726,0.6403275508512944,-0.041406873231237276,0.0035961244973243354,0.019633201150176027,0.5262251685951355,0.5408511829525832,-0.034953191130755845,-0.027031070361441742,0.022842174885566086,0.5858265221284169,0.6403275508512944,-0.041406873231237276,0.02009007476240171,0.0196137834573787,0.5620973527648322,0.5408511829525832,-0.034953191130755845
141.07443444537813,0.01336162279769441,0.023824870533747287,0.658741293800987,0.654942364376242,-0.042355646961465966,0.09447678401620979,0.020531481225430047,0.5602131716725808,0.5532028788417989,-0.03575412572675345,0.06625637566870536,0.02380574513333205,0.680453569938045,0.654942364376242,-0.042355646961465966,0.007293502952188016,0.02009601174937794,0.5561638301484477,0.5532028788417989,-0.03575412572675345,0.016906410798705723,0.023794353257236757,0.6895145245362426,0.654942364376242,-0.042355646961465966,0.010326687961523315,0.020083136139942285,0.5557145473921398,0.5532028788417989,-0.03575412572675345,-0.038565877094327725,0.02336563813513669,0.6239717156227753,0.654942364376242,-0.042355646961465966,0.042420889976628684,0.020063273513065444,0.5670796365276961,0.5532028788417989,-0.03575412572675345
142.6820057934933,0.014252483112736785,0.0243708499411873,0.6567620259664552,0.6698894691885018,-0.043326153793248626,0.07612890053771376,0.02100199913551541,0.5595642301004379,0.5658357113091008,-0.03657340864326907,0.0738669105804395,0.024351286330238524,0.7007809346674045,0.6698894691885018,-0.043326153793248626,0.019222158529964242,0.020556551475094324,0.5752120093598345,0.5658357113091008,-0.03657340864326907,0.01124699817496469,0.024339633437827128,0.6845542070248898,0.6698894691885018,-0.043326153793248626,0.01662834218111437,0.02054338083783509,0.5614499609432136,0.5658357113091008,-0.03657340864326907,-0.005870434131960131,0.023901095351998167,0.6282644457889139,0.6698894691885018,-0.043326153793248626,0.03931261667976699,0.020523063084676683,0.5716538132780099,0.5658357113091008,-0.03657340864326907
144.3078957380958,0.028358772852966768,0.024929339046540933,0.6771614033175862,0.6851763687273327,-0.04431889125433041,0.03619663098404163,0.021483298247451602,0.5631667858180812,0.5787560401036922,-0.037411459999050455,0.07297761661733061,0.02490932718805707,0.7191262891976604,0.6851763687273327,-0.04431889125433041,0.04495464576140841,0.021027643833638046,0.5737123134258051,0.5787560401036922,-0.037411459999050455,0.00539625940642266,0.024897407300860083,0.6735943250052985,0.6851763687273327,-0.04431889125433041,0.026914991051958333,0.021014171410308962,0.5767051676266358,0.5787560401036922,-0.037411459999050455,-0.0021758370683994527,0.024448821258674654,0.647721399108609,0.6851763687273327,-0.04431889125433041,0.05098240612562449,0.020993388105143698,0.5862154742848188,0.5787560401036922,-0.037411459999050455
145.95231302325013,0.007370192826006077,0.0255006243772014,0.7063475012542736,0.7008107339536089,-0.04533436824786995,0.053943036904763375,0.021975625521706805,0.5874734237814231,0.5919703673279119,-0.03826870952284487,0.03825357458043689,0.025480154004362217,0.72944573455484,0.7008107339536089,-0.04533436824786995,0.02825188521239931,0.021509530552688647,0.584880954778612,0.5919703673279119,-0.03826870952284487,-0.0037077529633436634,0.02546796100709897,0.6851120633708623,0.7008107339536089,-0.04533436824786995,0.035303211098415894,0.021495749430372343,0.576486711714206,0.5919703673279119,-0.03826870952284487,0.038779237940069614,0.025009096866078162,0.6650670514187818,0.7008107339536089,-0.04533436824786995,0.03846222888927947,0.02147448990906642,0.5942249337073183,0.5919703673279119,-0.03826870952284487
147.6154687717012,-0.0030523326669268,0.026084999018753573,0.7367029698590465,0.7168004070227657,-0.04637310531326481,0.07289444281555585,0.02247923357264146,0.5819035385033239,0.6054853405786931,-0.03914559677203218,0.0324717893739941,0.026064059629701722,0.7528060523020697,0.7168004070227657,-0.04637310531326481,0.03345815872734982,0.022002458894212623,0.6179896947381673,0.6054853405786931,-0.03914559677203218,-0.0011002840946528758,0.02605158726708512,0.6961310759571828,0.7168004070227657,-0.04637310531326481,0.043051866455478156,0.02198836200168089,0.5966964130613209,0.6054853405786931,-0.03914559677203218,0.017699488166766322,0.025582209617300816,0.6722399775507428,0.7168004070227657,-0.04637310531326481,0.039924035615503894,0.02196661535575959,0.5841912773564336,0.6054853405786931,-0.03914559677203218
149.29757651197966,0.015222419777720136,0.026682762764635024,0.7358467571343209,0.7331534050494092,-0.04743563489001923,0.053103876277697026,0.02299438079721118,0.5924851204218072,0.6193077561446875,-0.04004257135720009,0.016107084177728895,0.02666134361738582,0.7563431312370186,0.7331534050494092,-0.04743563489001923,0.009077714592279032,0.02250668178038897,0.6275677092971004,0.6193077561446875,-0.04004257135720009,0.008840760593780944,0.026648585490839406,0.7233923640832935,0.7331534050494092,-0.04743563489001923,0.03363639008384207,0.022492261884703903,0.6212360550396553,0.6193077561446875,-0.04004257135720009,-0.016947850297581432,0.026168453534280392,0.7161849518315568,0.7331534050494092,-0.04743563489001923,0.028623102402771605,0.02247001695594247,0.6062136190036506,0.6193077561446875,-0.04004257135720009
150.99885220581643,-0.003604798792920489,0.027294222269744275,0.7472939182977186,0.7498779239474619,-0.04852250158975107,0.022299301595617493,0.023521331507521236,0.5950426181666778,0.6334445622774403,-0.0409600931717234,0.01523664553590122,0.027272312376328125,0.75376143889369,0.7498779239474619,-0.04852250158975107,-0.011254664727522998,0.023022457923409786,0.64105638606085,0.6334445622774403,-0.0409600931717234,0.029879681821204956,0.027259261941071474,0.7235588084775271,0.7498779239474619,-0.04852250158975107,0.026965168282607928,0.02300770762590429,0.6386570652582747,0.6334445622774403,-0.0409600931717234,-0.0047871557435531925,0.02676812936844454,0.7343163832861181,0.7498779239474619,-0.04852250158975107,0.02819342553936849,0.02298495300089029,0.6440748899100638,0.6334445622774403,-0.0409600931717234
152.71951427586947,0.013708359818379295,0.027919691207258197,0.7679234070963251,0.7669823423544586,-0.049634262474094124,0.10686693972174172,0.02406035606590751,0.6482611338319849,0.6479028625444606,-0.04189863262589992,-0.013160403891552916,0.027897279328132765,0.7400380749552544,0.7669823423544586,-0.049634262474094124,-0.004454525959626129,0.023550051957927497,0.6657915445239377,0.6479028625444606,-0.04189863262589992,0.05605765713505298,0.027883929889485595,0.7768372381906656,0.7669823423544586,-0.049634262474094124,0.0345476645537452,0.023534963690477313,0.6799863850349342,0.6479028625444606,-0.04189863262589992,-0.02506052069092639,0.027381544754771326,0.7261411919469944,0.7669823423544586,-0.049634262474094124,0.010453088371313368,0.02351168769431592,0.6527408261661681,0.6479028625444606,-0.04189863262589992
154.45978363376656,0.013383990701740716,0.028559490428618075,0.7605848802629332,0.7844752256437497,-0.05077148733785224,0.11992798405330102,0.02461173102363075,0.6686075608556262,0.6626899192313376,-0.04285867088746914,-0.017698502582023976,0.02853656506721401,0.7472275670091297,0.7844752256437497,-0.05077148733785224,0.012770626817148037,0.024089734576010702,0.6740597413681686,0.6626899192313376,-0.04285867088746914,0.0192949498544496,0.028522909777246242,0.7892053419950729,0.7844752256437497,-0.05077148733785224,0.02612529859470309,0.024074300597502048,0.7025166987201398,0.6626899192313376,-0.04285867088746914,-0.0274290228410458,0.02800901436828577,0.7524669384309801,0.7844752256437497,-0.05077148733785224,0.0008888881741095367,0.024050491288034378,0.6636956384577567,0.6626899192313376,-0.04285867088746914
156.21988370846756,0.003953547284887209,0.02921394812802912,0.7943925724599631,0.8023653300264776,-0.05193475899970823,0.1188791313906184,0.025175739261789003,0.698713459067681,0.6778131568471913,-0.04384070012676375,-0.013920790790898904,0.029190497524643755,0.765530363657305,0.8023653300264776,-0.05193475899970823,0.03519324956777127,0.024641782666026305,0.6739200481018275,0.6778131568471913,-0.04384070012676375,0.0008215711829943351,0.02917652937880448,0.7802967111890309,0.8023653300264776,-0.05193475899970823,0.02741328367277513,0.024625995058017276,0.6908228060218412,0.6778131568471913,-0.04384070012676375,-0.03759240461502926,0.028650860085841598,0.7753683818353911,0.8023653300264776,-0.05193475899970823,0.015931381063846783,0.024601640219859715,0.6867611402958681,0.6778131568471913,-0.04384070012676375
158.00004047494997,0.041684013862468935,0.02988340001003165,0.8266898330410911,0.8206616067298049,-0.05312467359911282,0.1242627683419067,0.02575267013634164,0.7178647518720563,0.6932801656763206,-0.044845223768128564,-0.021458318040665544,0.02985941213568646,0.7992610366361548,0.8206616067298049,-0.05312467359911282,0.014924872691788674,0.02520647945430639,0.6843029138705126,0.6932801656763206,-0.044845223768128564,0.028757742993306495,0.029845123969143128,0.7829579498904395,0.8206616067298049,-0.05312467359911282,0.020800858704392362,0.025190330116973227,0.7032365042232068,0.6932801656763206,-0.044845223768128564,-0.034120189644184215,0.02930741115017416,0.7790535221780681,0.8206616067298049,-0.05312467359911282,0.003071553411714445,0.02516541725513989,0.6906829979898498,0.6932801656763206,-0.044845223768128564
159.80048248322106,0.00868701909489326,0.03056818946101429,0.8267982646867872,0.8393732062816317,-0.054341840899668516,0.14153404991471535,0.02634281962612376,0.7584643132890815,0.7090987054333995,-0.04587275674577626,-0.007895279614529058,0.030543652011659272,0.8357601968399935,0.8393732062816317,-0.054341840899668516,0.02158985540906934,0.025784114649549016,0.7237519299550785,0.7090987054333995,-0.04587275674577626,0.022367135345032013,0.03052903649544171,0.8342708266237187,0.8393732062816317,-0.054341840899668516,0.05252243416896891,0.02576759529788085,0.7476933528802646,0.7090987054333995,-0.04587275674577626,-0.05231413914251319,0.029979004338216556,0.7679996385257057,0.8393732062816317,-0.054341840899668516,-0.014162096552122139,0.02574211163135704,0.7045413260075294,0.7090987054333995,-0.04587275674577626
161.62144088766158,-0.0023776550493575695,0.031268667724658056,0.861116024493925,0.8585094828826513,-0.05558688459974182,0.11780774758400919,0.026946490484083263,0.7629216942967162,0.7252767089764811,-0.04692382576702106,0.02601811573716374,0.031243568114799065,0.8999879628336982,0.8585094828826513,-0.05558688459974182,0.017305652569464494,0.02637498459160293,0.7282958839738003,0.7252767089764811,-0.04692382576702106,-0.007595751632877151,0.031228617752440638,0.8077674443300908,0.8585094828826513,-0.05558688459974182,0.05829629773568174,0.026358086750912738,0.7745377967499653,0.7252767089764811,-0.04692382576702106,-0.027379770261333355,0.030665984133326253,0.815936252477468,0.8585094828826513,-0.05558688459974182,0.029028707812089605,0.026332019206162745,0.7367002775662305,0.7252767089764811,-0.04692382576702106
163.46314947670214,-0.010852439971774059,0.03198519408190664,0.8630658978615341,0.8780799988663318,-0.05686044264985934,0.1426447813751051,0.027563992392143383,0.7662391503238674,0.7418222861123431,-0.047998969580843424,0.05283195754008509,0.03195951943775272,0.9260246385464119,0.8780799988663318,-0.05686044264985934,0.020826247167895398,0.026979392402501155,0.7438202555078937,0.7418222861123431,-0.047998969580843424,0.0032181190479113886,0.031944226561289236,0.8504487125245548,0.8780799988663318,-0.05686044264985934,0.04368426268989007,0.026962107404186024,0.7633057338741988,0.7418222861123431,-0.047998969580843424,-0.023150000967424297,0.031368702901558965,0.8317061787542555,0.8780799988663318,-0.05686044264985934,0.011104960644817863,0.026935442608372776,0.7412792134121294,0.7418222861123431,-0.047998969580843424
165.32584470283936,0.004384898101190176,0.032718136033891475,0.8733685108767436,0.8980945292681943,-0.05816316757739103,0.10824320710813612,0.028195642119615713,0.7739926470867392,0.7587437274835308,-0.04909873925165868,0.02210222544809716,0.032691873187404547,0.9151341677631295,0.8980945292681943,-0.05816316757739103,0.07298488141984806,0.02759764814196139,0.7759359220547408,0.7587437274835308,-0.04909873925165868,-0.00497806330439951,0.032676229953175574,0.879369890603799,0.8980945292681943,-0.05816316757739103,0.02086243422008844,0.027579967118922192,0.7401507592193514,0.7587437274835308,-0.04909873925165868,-0.00485464711821286,0.03208752107129553,0.8821392763398235,0.8980945292681943,-0.05816316757739103,-0.019238573455448604,0.027552691393260505,0.7162600798966691,0.7587437274835308,-0.04909873925165868
167.20976571299323,0.02152293933472686,0.03346786949008853,0.8964263892806671,0.9185630664890466,-0.059495726819074446,0.09664635508234848,0.028841763684953718,0.7855062279391426,0.7760495085418645,-0.05022369844108191,0.04269032044569811,0.03344100497180123,0.9406002214674396,0.9185630664890466,-0.059495726819074446,0.05114806158335207,0.028230068965455508,0.8061315676494945,0.7760495085418645,-0.05022369844108191,0.014104749545690881,0.03342500335698217,0.8709320397046605,0.9185630664890466,-0.059495726819074446,0.07132145577207356,0.0282119828477244,0.7742536141903403,0.7760495085418645,-0.05022369844108191,-0.014810882139339718,0.032822807317634824,0.9003424213441624,0.9185630664890466,-0.059495726819074446,-0.0156623811195567,0.028184082200403204,0.7493228144455611,0.7760495085418645,-0.05022369844108191
169.11515437921068,0.043171973242483494,0.034234778960306377,0.9346157258466022,0.9394958250579619,-0.06085880305981333,0.09042015984856927,0.029502688521741156,0.8107225511020811,0.79374829359119,-0.0513744236946009,0.023995797319458903,0.03420729899265755,0.9169499644086831,0.9394958250579619,-0.06085880305981333,0.04890013710322884,0.028876979286645323,0.8181270986476294,0.79374829359119,-0.0513744236946009,0.012113723328178866,0.034190930790647674,0.908555117959361,0.9394958250579619,-0.06085880305981333,0.05434614534796362,0.02885847879673503,0.7615062522226498,0.79374829359119,-0.0513744236946009,0.03391816870742688,0.03357493875085251,0.9396694601666615,0.9394958250579619,-0.06085880305981333,0.005952034124214689,0.028829938915540133,0.7737081514741427,0.79374829359119,-0.0513744236946009
171.04225532971887,0.03946464292959677,0.03501925775103352,0.9618766427435802,0.9609032465015287,-0.062253094580284114,0.07453582517221352,0.030178755647756156,0.8278313869895776,0.8118489399465507,-0.052551504735419224,0.03444888204436515,0.03499114824119425,0.9475809281886745,0.9609032465015287,-0.062253094580284114,0.09587367739331833,0.029538710943098827,0.8439780189277359,0.8118489399465507,-0.052551504735419224,0.021193177963231863,0.03497440505777298,0.9322984277447668,0.9609032465015287,-0.062253094580284114,0.03341100500718137,0.029519786591105084,0.792286255201419,0.8118489399465507,-0.052551504735419224,0.040431926433710366,0.03434430110891852,0.9732441189954413,0.9609032465015287,-0.062253094580284114,0.023714514809272058,0.029490592836648562,0.8016454443927988,0.8118489399465507,-0.052551504735419224
172.99131598033247,0.06053465077237556,0.03582170816620105,0.9893653703163928,0.9827960043219743,-0.0636793156126544,0.09325129298867668,0.0308703118385324,0.8535883096918827,0.8303605021581624,-0.053755544764434414,0.040617495990131106,0.035792954698999166,0.9673750387684164,0.9827960043219743,-0.0636793156126544,0.0631618569704039,0.030215603366069155,0.8665270795119844,0.8303605021581624,-0.053755544764434414,0.037666584813896536,0.03577582794801762,0.9678398668253025,0.9827960043219743,-0.0636793156126544,0.04034619031059523,0.03019624544499581,0.803504630986697,0.8303605021581624,-0.053755544764434414,0.020008641818968734,0.03513128895437235,0.9965565756891737,0.9827960043219743,-0.0636793156126544,0.022315741487369534,0.03016638284260746,0.8443350492276079,0.8303605021581624,-0.053755544764434414
174.9625865662188,0.08322443211820067,0.03664254171289377,1.0100503563139087,1.0051850090740924,-0.06513819670270234,0.0687878442940531,0.03157771180411437,0.8512383620078318,0.8492922363450888,-0.0549871607683408,0.05821092508883409,0.03661312954341903,1.0032396149213267,1.0051850090740924,-0.06513819670270234,0.034879120869933625,0.030908003753804744,0.876156180732224,0.8492922363450888,-0.0549871607683408,0.047271531828673746,0.03659561044206595,0.9920233092256845,1.0051850090740924,-0.06513819670270234,0.08791772875919075,0.03088820233448921,0.8480628832774314,0.8492922363450888,-0.0549871607683408,0.0010262228353695307,0.035936305876220875,1.0004099428952165,1.0051850090740924,-0.06513819670270234,0.05835481402128856,0.03085765556691422,0.8680784738117407,0.8492922363450888,-0.0549871607683408
176.9563201740246,0.06796446866100718,0.03748217931111648,1.0459159950013808,1.0280814135736631,-0.06663048508166873,0.09877975998125105,0.032301318371171714,0.880098366354973,0.8686536046052744,-0.056246983832501665,0.05922510230489421,0.037452093357285894,1.0198756748759015,1.0280814135736631,-0.06663048508166873,0.05149343601372615,0.031616267248880864,0.8885901516226371,0.8686536046052744,-0.056246983832501665,0.0605011620225894,0.037434172921896616,1.021811555256386,1.0280814135736631,-0.06663048508166873,0.05571238871337409,0.03159601217520283,0.8681525975032499,0.8686536046052744,-0.056246983832501665,-0.0036328114674934325,0.03675976469563804,0.9856351095433267,1.0280814135736631,-0.06663048508166873,0.05919037114740128,0.03156476557474362,0.9080484134601293,0.8686536046052744,-0.056246983832501665
178.97277277437013,0.06417751736277781,0.038341051509167834,1.058005608847739,1.0514966181905891,-0.06815694504628991,0.061603291226928036,0.033041502667375135,0.8957896295927089,0.8884542795493275,-0.057535659463182204,0.0506851560145052,0.03831027634362421,1.028220265778829,1.0514966181905891,-0.06815694504628991,0.0399065169198395,0.032340757120260744,0.892061976933759,0.8884542795493275,-0.057535659463182204,0.07336992292237979,0.03829194538536281,1.0582576008644276,1.0514966181905891,-0.06815694504628991,0.07023417707997477,0.03232003800324337,0.9076923120359012,0.8884542795493275,-0.057535659463182204,0.041628176175253565,0.03760208767699118,1.0789969243466784,1.0514966181905891,-0.06815694504628991,0.04327799141219074,0.03228807554382898,0.8897439735425313,0.8884542795493275,-0.057535659463182204
181.01220325471135,0.07380603935022238,0.039219598702865774,1.0829445947002538,1.0754422762857145,-0.06971835834669696,0.03930700296660855,0.03379864431164569,0.8898479206504369,0.9087041489000118,-0.05885384791564343,0.06501382163836779,0.03918811854570456,1.0673232453555739,1.0754422762857145,-0.06971835834669696,0.029481054296565015,0.03308184494798792,0.9256119071622104,0.9087041489000118,-0.05885384791564343,0.05540416663208694,0.039169367665073354,1.0836080740473955,1.0754422762857145,-0.06971835834669696,0.04912575441708351,0.0330606511615055,0.9270225241378017,0.9087041489000118,-0.05885384791564343,0.02127404813262175,0.03846370674328969,1.072665191916724,1.0754422762857145,-0.06971835834669696,0.03975120698311002,0.03302795645020327,0.9252511490231045,0.9087041489000118,-0.05885384791564343
183.07487345257871,0.031742460472905895,0.04011827136074422,1.0998745713657287,1.099930299750829,-0.07131552458371443,0.05541765745783184,0.034573131608083105,0.9096068945774501,0.9294133202165132,-0.0602022245299291,0.07286731696695738,0.04008607007096705,1.1289113814385823,1.099930299750829,-0.07131552458371443,0.02764337550524311,0.03383991081400448,0.9230259122709941,0.9294133202165132,-0.0602022245299291,0.05912829363287733,0.04006688965393232,1.1060058425894626,1.099930299750829,-0.07131552458371443,0.06783332624838319,0.03381823148836162,0.9651978006520238,0.9294133202165132,-0.0602022245299291,-0.008075355378632729,0.039345063696848245,1.0709446603956012,1.099930299750829,-0.07131552458371443,0.03985810661718453,0.033784787757252646,0.9341965185189559,0.9294133202165132,-0.0602022245299291
185.16104818919356,0.025695944609090676,0.04103753025375427,1.1151686072072637,1.1249728646667105,-0.072949261615169,0.03979186591811984,0.03536536174385468,0.921112081244528,0.9505921257067323,-0.06158148007493895,0.05205001165288016,0.04100459132126886,1.132275014865719,1.1249728646667105,-0.072949261615169,-0.003503957819162115,0.03461534349545184,0.9220223122803406,0.9505921257067323,-0.06158148007493895,0.039618594589521466,0.0409849715336509,1.1012323518989022,1.1249728646667105,-0.072949261615169,0.030037845489427846,0.03459316751258181,0.9814824096598179,0.9505921257067323,-0.06158148007493895,0.025800423399683872,0.040246610444419066,1.0936179884663035,1.1249728646667105,-0.072949261615169,0.04821333649999765,0.034558957610115265,0.9548220466029705,0.9505921257067323,-0.06158148007493895
187.27099530346797,0.03143297108457015,0.0419778466902098,1.1557115040209007,1.1505824171052574,-0.07462040597052848,0.03202570487236872,0.036175740992349194,0.9415801484490786,0.9722511271650214,-0.06299232109939082,0.039421979761736795,0.04194415322754008,1.1356660773181504,1.1505824171052574,-0.07462040597052848,0.022530728405954728,0.03540854066371776,0.9791365762723887,0.9722511271650214,-0.06299232109939082,0.012735158576807765,0.04192408401029114,1.1132741153622214,1.1505824171052574,-0.07462040597052848,0.017663300911085096,0.035385856651133904,0.9874126969517657,0.9722511271650214,-0.06299232109939082,0.03802969426851839,0.04116880922825638,1.1269863577761905,1.1505824171052574,-0.07462040597052848,0.039589445165125026,0.03535086303347054,0.9536858549309334,0.9722511271650214,-0.06299232109939082
189.40498568639188,0.01558214303039877,0.04293970275691121,1.1783722770295197,1.1767716790269673,-0.07632981327643293,0.04185605226987238,0.03700468492062986,0.9821987562051909,0.9944011209863235,-0.06443547029110387,0.07340348954778021,0.042905237489980146,1.1809565468000327,1.1767716790269673,-0.07632981327643293,0.053200001433805336,0.03621990908752489,1.0365201945080929,0.9944011209863235,-0.06443547029110387,0.008635786027538034,0.042884708554252596,1.159899041509126,1.1767716790269673,-0.07632981327643293,0.01379929224780869,0.03619670541252834,1.0263323331039755,0.9944011209863235,-0.06443547029110387,0.05709276971746775,0.04211213286158895,1.162162679542921,1.1767716790269673,-0.07632981327643293,0.01773714608559679,0.03616091013443625,0.9630652480142105,0.9944011209863235,-0.06443547029110387
191.56329331581213,0.026123620905340077,0.043923591563978376,1.214406077678535,1.2035536543423961,-0.07807835869030232,0.02659715989343364,0.03785261860164291,1.0176965679819625,1.0170531433250378,-0.06591166684449089,0.05439107497752295,0.04388833682411806,1.2161947111922708,1.2035536543423961,-0.07807835869030232,0.03194871031063408,0.03704986484043229,1.050475666410103,1.0170531433250378,-0.06591166684449089,0.017149205473058787,0.04386733764546937,1.206775410543045,1.2035536543423961,-0.07807835869030232,0.005573906785766478,0.037026129604229,1.0469214660584205,1.0170531433250378,-0.06591166684449089,0.004434830358100619,0.04307706497004509,1.1877746398521767,1.2035536543423961,-0.07807835869030232,0.008495798636168173,0.03698951431000156,1.0328110458694635,1.0170531433250378,-0.06591166684449089
193.74619529160788,0.014725735897626196,0.04493001749741699,1.2329946641308593,1.2309416350679472,-0.07986693734435411,0.01924203198413582,0.038719976831108865,1.048947422403003,1.0402184753306818,-0.06742166683628065,0.04994339832814744,0.04489395521180155,1.2434377934069791,1.2309416350679472,-0.07986693734435411,0.03532750864929292,0.037898833513315876,1.0534452362410678,1.0402184753306818,-0.06742166683628065,0.03718187773620399,0.044872475025377445,1.2493460281372994,1.2309416350679472,-0.07986693734435411,-0.004806736404198422,0.037874554545053306,1.0527958168189189,1.0402184753306818,-0.06742166683628065,-0.006729327556083284,0.04406410023827269,1.200980013686654,1.2309416350679472,-0.07986693734435411,0.02083657022700741,0.03783710045909324,1.0635186993162993,1.0402184753306818,-0.06742166683628065
195.95397187126665,0.02346690910766684,0.045959496475598674,1.2530482358744832,1.2589492076541529,-0.08169646479991483,0.05130118461044947,0.03960720434926612,1.0613151691200515,1.0639086485365206,-0.06896624360987524,0.055049016790186714,0.04592260815818004,1.2781317614226493,1.2589492076541529,-0.08169646479991483,0.046206042623348945,0.03876725043186216,1.0807535642670258,1.0639086485365206,-0.06896624360987524,0.06375232137238376,0.04590063595290174,1.2832350157608088,1.2589492076541529,-0.08169646479991483,0.023041307212256563,0.038742415282092976,1.1020746168548845,1.0639086485365206,-0.06896624360987524,-0.010778844767784498,0.04507374466228144,1.219115833298006,1.2589492076541529,-0.08169646479991483,0.024120641595679115,0.038704103199409645,1.1044711544362151,1.0639086485365206,-0.06896624360987524
198.1869065058661,0.0119687298543724,0.04701255621280168,1.2840457757619346,1.2875902594169097,-0.08356787751182183,0.0511986906509006,0.04051475606831452,1.0792484334886525,1.0881354503344844,-0.0705461881679746,0.05033917510412357,0.04697482295484195,1.2955149342119243,1.2875902594169097,-0.08356787751182183,0.05916936453449652,0.03965556087836903,1.1209944993707135,1.0881354503344844,-0.0705461881679746,0.06033789033545203,0.046952347467840265,1.2991623619124846,1.2875902594169097,-0.08356787751182183,0.011716425947815476,0.039630156813133255,1.0701629147372644,1.0881354503344844,-0.0705461881679746,0.011657545973934383,0.046106515807366466,1.261249081166265,1.2875902594169097,-0.08356787751182183,0.018451392731646477,0.03959096708946072,1.1093282919502574,1.0881354503344844,-0.0705461881679746
200.44528587646545,0.023239966761808988,0.048089736487735665,1.3262641084981253,1.3168789851323686,-0.08548213330252387,0.06343536682622047,0.04144309730430658,1.1356392148133325,1.1129109295787443,-0.0721623095743637,0.052693842977811,0.04805113894832322,1.319039765164378,1.3168789851323686,-0.08548213330252387,0.05592152138095309,0.04056422031938129,1.1323798047438702,1.1129109295787443,-0.0721623095743637,0.07800455622249727,0.04802814865935354,1.3606469235032692,1.3168789851323686,-0.08548213330252387,-0.0029664989953471135,0.04053823431339656,1.118585650230382,1.1129109295787443,-0.0721623095743637,0.01089262818372412,0.04716294307214222,1.2996847963199558,1.3168789851323686,-0.08548213330252387,0.021946873584022197,0.0404981468550914,1.1067431562408263,1.1129109295787443,-0.0721623095743637
202.7293999309118,0.02596423660482509,0.04919158941914846,1.3391694598314894,1.3468298937588363,-0.08744021184821033,0.1281931689761902,0.04239270401445228,1.1491877547274674,1.1382474023205587,-0.07381543536526752,0.054433851245846,0.049152107815154986,1.3257918181842923,1.3468298937588363,-0.08744021184821033,0.07684871978293097,0.0414936946378891,1.183136062121893,1.1382474023205587,-0.07381543536526752,0.04170944864982032,0.049128590940648864,1.368632424935505,1.3468298937588363,-0.08744021184821033,0.006318736888488228,0.04146711336799069,1.1220989666758774,1.1382474023205587,-0.07381543536526752,0.02922351705258948,0.04824356795836548,1.3442678594687445,1.3468298937588363,-0.08744021184821033,0.02442307132149274,0.0414261076219489,1.0985612191773075,1.1382474023205587,-0.07381543536526752
205.03954192106593,-0.006502677625106996,0.050318679746971934,1.3483544697901282,1.3774578153090449,-0.08944311517469364,0.13299114779531013,0.04336406304000464,1.1830419513870056,1.164157457664518,-0.0755064119685425,0.05552167196215342,0.05027829384305227,1.3729275306337596,1.3774578153090449,-0.08944311517469364,0.022537143762938153,0.04244446037105908,1.186006486332195,1.164157457664518,-0.0755064119685425,0.03889134206206704,0.05025423832987777,1.3971903541775015,1.3774578153090449,-0.08944311517469364,0.024590394367011777,0.042417270209397104,1.172525483209646,1.164157457664518,-0.0755064119685425,0.028563196974058805,0.04934894434691094,1.3731609025937699,1.3774578153090449,-0.08944311517469364,0.0249042488696935,0.04237532515262889,1.1385868796937988,1.164157457664518,-0.0755064119685425
207.37600844045213,0.020914678143681458,0.051471585120048687,1.4248426698633887,1.4087779078743838,-0.0914918681654609,0.1058240079775346,0.04435767235485083,1.2096790373670225,1.190653963742239,-0.07723610513434148,0.035902619136915406,0.05143027421832106,1.3808259975809045,1.4087779078743838,-0.0914918681654609,-0.03965629709460493,0.04341700495344217,1.1494519097324292,1.190653963742239,-0.07723610513434148,0.04616312894991906,0.051405667738048916,1.4240428572014368,1.4087779078743838,-0.0914918681654609,0.021421101043230757,0.043389191960533056,1.1835851310797674,1.190653963742239,-0.07723610513434148,0.049879120387237144,0.05047963877982367,1.418683872952859,1.4087779078743838,-0.0914918681654609,0.028056166734410082,0.04334628608918219,1.1724265710000523,1.190653963742239,-0.07723610513434148
209.739099462337,0.039058795122910814,0.052650896390376956,1.478479131760916,1.4408056647805108,-0.09358751908017246,0.11922275026515133,0.04537404131900792,1.2333288913612834,1.2177500738271334,-0.0790054003734891,0.028470520375093913,0.05260863931995426,1.406431883403673,1.4408056647805108,-0.09358751908017246,0.022043850846277815,0.0444118269655533,1.2153047147720601,1.2177500738271334,-0.0790054003734891,0.05022746451426832,0.05258346926220778,1.4467844611999021,1.4408056647805108,-0.09358751908017246,0.03342737501346344,0.044383376883205886,1.2153590350474426,1.2177500738271334,-0.0790054003734891,0.04817514285404585,0.051636230749445504,1.4313044075695531,1.4408056647805108,-0.09358751908017246,0.020341153341381923,0.04433948820161808,1.17853246220516,1.2177500738271334,-0.0790054003734891
212.12911837824254,0.037405079750629275,0.05385721791421598,1.505706485923855,1.4735569219227274,-0.09573114008563212,0.07652150494111726,0.04641369093858372,1.2854204795797928,1.2454592325819427,-0.08081520340769807,0.016341036420983515,0.053813993020336987,1.469445250299376,1.4735569219227274,-0.09573114008563212,0.01250631792410041,0.04542943638797889,1.2264752628859965,1.2454592325819427,-0.08081520340769807,0.058188984834648766,0.05378824648664811,1.4915957170538687,1.4735569219227274,-0.09573114008563212,0.028370884262143244,0.04540033463193301,1.2270682306781326,1.2454592325819427,-0.08081520340769807,0.007515514123476244,0.052819312993382384,1.4313106777326192,1.4735569219227274,-0.09573114008563212,0.005335923850571189,0.04535544064179789,1.2180470162112478,1.2454592325819427,-0.08081520340769807
214.54637203689745,0.04949195999592819,0.05509116785987058,1.5284726759609564,1.5070478652196793,-0.09792382779789109,0.025499033777850955,0.047477154131612194,1.2942512283217942,1.2737951824332259,-0.08266644062756126,0.027265087607905927,0.055046952992834665,1.4946226075286704,1.5070478652196793,-0.09792382779789109,0.024563093332434685,0.046470354861624756,1.2598570594224443,1.2737951824332259,-0.08266644062756126,0.0636984773415871,0.0550206167899355,1.5111915013416863,1.5070478652196793,-0.09792382779789109,0.04357787061860736,0.04644058651426259,1.2534815187547226,1.2737951824332259,-0.08266644062756126,0.007667927449489589,0.05402949179609427,1.4687324885159603,1.5070478652196793,-0.09792382779789109,0.022836272142448377,0.046394664202662535,1.2351189881831868,1.2737951824332259,-0.08266644062756126
216.99117078363363,0.08274913958216461,0.05635337852222984,1.5618345274565408,1.5412950382542199,-0.10016670383794113,0.006796368184123935,0.048564975999390296,1.317822933193076,1.3027719700989575,-0.08456005956377655,-0.0015759608647420847,0.05630815102619098,1.5227575721305404,1.5412950382542199,-0.10016670383794113,0.034818870867689436,0.047535115953644534,1.269564103177981,1.3027719700989575,-0.08456005956377655,0.07572528510442558,0.05628121165928473,1.545987548140994,1.5412950382542199,-0.10016670383794113,0.023364853720058983,0.04750466575620202,1.2623165280901878,1.3027719700989575,-0.08456005956377655,0.03258075984355131,0.05526738729838083,1.5053674617292723,1.5412950382542199,-0.10016670383794113,0.04314496182507227,0.04745769158409166,1.270972635451752,1.3027719700989575,-0.08456005956377655
219.4638285002293,0.059578543222320965,0.05764449664477744,1.5520306041162781,1.5763153500501579,-0.10246091539801622,0.020005983615083267,0.04967771410432341,1.371325932498635,1.3324039532353553,-0.08649702936616128,0.019237731574150332,0.057598233346235,1.563577972781269,1.5763153500501579,-0.10246091539801622,0.06877302028394618,0.04862426542929461,1.3319181256910826,1.3324039532353553,-0.08649702936616128,0.08645197537843954,0.05757067701213842,1.5904591286188532,1.5763153500501579,-0.10246091539801622,0.03598148207313651,0.048593117774196115,1.3226627691364952,1.3324039532353553,-0.08649702936616128,0.05349442905557596,0.05653363381221668,1.5368462806298409,1.5763153500501579,-0.10246091539801622,0.02570657827179218,0.048545067664560106,1.299624292851627,1.3324039532353553,-0.08649702936616128
221.9646626452085,0.07822811008568602,0.05896518374879553,1.6050087254337955,1.6121260830143918,-0.10480763582213662,0.08792655863529869,0.05081593875433321,1.3885044235997055,1.3627058072494103,-0.08847834129583622,0.03565177289418321,0.05891786094470576,1.5882595474668209,1.6121260830143918,-0.10480763582213662,0.07933546095556289,0.04973836153018581,1.3960450210520998,1.3627058072494103,-0.08847834129583622,0.06839323872740968,0.058889673525100154,1.6192616882864976,1.6121260830143918,-0.10480763582213662,0.03339050890350132,0.04970650045313871,1.3440062878664323,1.3627058072494103,-0.08847834129583622,-0.009733353777617346,0.05782888014454406,1.5528764027199342,1.6121260830143918,-0.10480763582213662,0.017517612562757134,0.049657349778406246,1.3449576682877247,1.3627058072494103,-0.08847834129583622
224.49399429459848,0.049466762512416926,0.06031611647006524,1.6403081785684863,1.6487449010375055,-0.10720806519922028,0.1144579192785547,0.05198023329300082,1.425532338524304,1.3936925322422868,-0.09050500922609776,0.08683490210631574,0.06026770991584041,1.6401527710328485,1.6487449010375055,-0.10720806519922028,0.06828628944107686,0.0508779752587648,1.4163278369660655,1.3936925322422868,-0.09050500922609776,0.055169715585352025,0.0602388769694737,1.6599532403246167,1.6487449010375055,-0.10720806519922028,0.04371794530967139,0.05084538443049472,1.4131970924344843,1.3936925322422868,-0.09050500922609776,0.046402012439023047,0.059153789926890375,1.6289296976586884,1.6487449010375055,-0.10720806519922028,0.02124071894581675,0.050795108000193136,1.3841772125995764,1.3936925322422868,-0.09050500922609776
227.05214818315196,0.05389863664136067,0.061697986902746985,1.6528537079284833,1.686189857747328,-0.10966343096865092,0.10104008263024095,0.053171194397118586,1.420558936861317,1.425379460104976,-0.09257807015737793,0.0837803575677143,0.06164847180001075,1.6836252438721144,1.686189857747328,-0.10966343096865092,0.07078744169693864,0.05204369066913783,1.4366664787180154,1.425379460104976,-0.09257807015737793,0.07580128234317654,0.06161897855587715,1.6856362387875679,1.686189857747328,-0.10966343096865092,-0.01491952225462794,0.05201035338723972,1.3763466846713124,1.425379460104976,-0.09257807015737793,0.04607908754299246,0.060509041953185384,1.6667064487019685,1.686189857747328,-0.10966343096865092,0.030095937055441835,0.05195892543515103,1.4291096172318465,1.425379460104976,-0.09257807015737793
229.63945274603898,0.03220938600530092,0.06311150295181338,1.693831356093308,1.724479404937824,-0.1121749885412323,0.18722306481611578,0.05438943238031235,1.4861768906209833,1.4577822617643745,-0.09469858474114441,0.07132785177552782,0.06306085393573307,1.724708408786009,1.724479404937824,-0.1121749885412323,0.08301479836792404,0.053236105164745785,1.497518436180336,1.4577822617643745,-0.09469858474114441,0.08250327883771283,0.06303068528538723,1.7185296944099535,1.724479404937824,-0.1121749885412323,0.027909287307206605,0.053202004344988986,1.420314821549968,1.4577822617643745,-0.09469858474114441,0.040949735439941584,0.06189533052526063,1.7018737285141698,1.724479404937824,-0.1121749885412323,0.024888222613669908,0.05314939851600361,1.4887858162844214,1.4577822617643745,-0.09469858474114441
232.25624016101398,0.05647263597438938,0.06455738869314347,1.7552570412646125,1.7636324011247981,-0.11474402193219971,0.1295710690518182,0.05563557150404891,1.4996948569339883,1.4909169545836756,-0.09686763781712267,0.07341161822481836,0.06450557981921046,1.784643474983392,1.7636324011247981,-0.11474402193219971,0.06460690530813808,0.05445582980251316,1.4981903391788676,1.4909169545836756,-0.09686763781712267,0.06677811944556203,0.06447472030925966,1.7651165718246806,1.7636324011247981,-0.11474402193219971,0.011208128409414495,0.05442094797012739,1.4323380458062678,1.4909169545836756,-0.09686763781712267,-0.003062219292278165,0.06331336580579458,1.7050984569671437,1.7636324011247981,-0.11474402193219971,0.04949645091548355,0.054367137306743994,1.4966281497573792,1.4909169545836756,-0.09686763781712267
234.90284639106292,0.043763200231336105,0.06603638474110012,1.7715773192106292,1.8036681203001717,-0.1173718444101031,0.08022822804207169,0.05691025029530095,1.485575573208443,1.5247999099134546,-0.09908633896254501,0.07193669817730998,0.06598338947248307,1.822217047261759,1.8036681203001717,-0.1173718444101031,0.06077167533128226,0.05570348960392261,1.5369897174878455,1.5247999099134546,-0.09908633896254501,0.10406605595422205,0.06595182329633292,1.852017702134894,1.8036681203001717,-0.1173718444101031,0.009614276855629053,0.05566780888483035,1.4548721367802537,1.5247999099134546,-0.09908633896254501,0.038865984180628324,0.06476387417967187,1.7532314988813704,1.8036681203001717,-0.1173718444101031,0.05835973806026423,0.055612765813657136,1.5261223654387308,1.5247999099134546,-0.09908633896254501
237.5796112275378,0.06646737220309655,0.06754924862552415,1.8217805405780672,1.8446062608038654,-0.12005979915838273,0.14521369506750165,0.05821412187145554,1.5423790626542375,1.5594478607999653,-0.10135582305296986,0.06168833280442888,0.06749503981925425,1.8533018269001234,1.8446062608038654,-0.12005979915838273,0.043086612687582085,0.0569797238733053,1.5599862018892916,1.5594478607999653,-0.10135582305296986,0.12074490343920621,0.0674627508094151,1.8457346787953097,1.8446062608038654,-0.12005979915838273,0.03845459228680421,0.05694322598528659,1.5362172247556716,1.5594478607999653,-0.10135582305296986,0.03816191950916832,0.0662475986231139,1.7661857722406955,1.8446062608038654,-0.12005979915838273,0.06307093386691193,0.05688692230264601,1.5817744389127952,1.5594478607999653,-0.10135582305296986
240.2868783337803,0.09070935676759932,0.06909675517672503,1.87681141773123,1.8864669543693133,-0.12280925995366415,0.13902073745837323,0.05954785427317349,1.5692734224527507,1.5948779098507737,-0.10367725083578236,0.07672529249945127,0.06904130506999157,1.898075015604318,1.8864669543693133,-0.12280925995366415,0.030331558943751072,0.05828518652350889,1.5938768106135852,1.5948779098507737,-0.10367725083578236,0.11124361384113071,0.06900827668973988,1.8862333604699495,1.8864669543693133,-0.12280925995366415,0.07719690411418152,0.058247852766264145,1.5821137455806538,1.5948779098507737,-0.10367725083578236,0.0745181474413424,0.06776529908143968,1.8659332769037897,1.8864669543693133,-0.12280925995366415,0.07960334627449711,0.058190259624119056,1.6056073821102501,1.5948779098507737,-0.10367725083578236
243.02499528924454,0.10073364742561035,0.07067969691877563,1.9366562295226677,1.9292707753026326,-0.12562163185800673,0.057623272558769145,0.0609121308036447,1.63478689903377,1.6311075372550576,-0.10605180951802723,0.08300260889118617,0.07062297711466942,1.9503964473906643,1.9292707753026326,-0.12562163185800673,0.058870427833453656,0.0596205464082365,1.6352670783479477,1.6311075372550576,-0.10605180951802723,0.08892495944610337,0.07058919244968062,1.926180888394249,1.9292707753026326,-0.12562163185800673,0.08553765806059128,0.05958235765423678,1.6508274013681854,1.6311075372550576,-0.10605180951802723,0.06901444858694135,0.06931775285526577,1.908014740821117,1.9292707753026326,-0.12562163185800673,0.07830259145830126,0.05952344554545984,1.6470895808313717,1.6311075372550576,-0.10605180951802723
245.79431363412212,0.09481798909001642,0.0722988844724541,1.968263043467462,1.9730387498188138,-0.12849835192668077,0.057623272558769145,0.062307650376836964,1.63478689903377,1.6681546089725217,-0.10848071336571302,0.0694567068875991,0.0722408659259392,1.980928077557074,1.9730387498188138,-0.12849835192668077,0.05825427558018327,0.060986487662720607,1.6633485279473634,1.6681546089725217,-0.10848071336571302,0.08555893445282506,0.07220630767555543,1.965949066731685,1.9730387498188138,-0.12849835192668077,0.07258654150374962,0.06094742434757484,1.6484081551385374,1.6681546089725217,-0.10848071336571302,0.0454431907655571,0.07090575499548037,1.9361733051948695,1.9730387498188138,-0.12849835192668077,0.05314142702818664,0.06088716309095153,1.6696029988833327,1.6681546089725217,-0.10848071336571302
248.5951889144752,0.08851108088481967,0.07395514696687279,2.0076863244895717,2.0177923655046857,-0.13144088993278455,0.06057316156893161,0.0637351278726171,1.690914626885396,1.7060373850641626,-0.11096520431656945,0.04758494881522536,0.07389579996950192,2.0297742662888503,2.0177923655046857,-0.13144088993278455,0.03686061789648755,0.0623837100514819,1.6744960699692764,1.7060373850641626,-0.11096520431656945,0.0671174669081295,0.07386045043835056,2.020571713159095,2.0177923655046857,-0.13144088993278455,0.0778519808379929,0.06234375216376796,1.7145546159135021,1.7060373850641626,-0.11096520431656945,0.037099071694864996,0.07253011870698066,2.0053502958999774,2.0177923655046857,-0.13144088993278455,0.05356726974539455,0.06228211088852967,1.7134889001961238,1.7060373850641626,-0.11096520431656945
251.4279807278843,0.08053568848607855,0.07564933246040051,2.039912893371336,2.0635535809042085,-0.134450749106496,0.0692314536388488,0.0651952945001852,1.7485454363486068,1.7447745282087535,-0.1135065526084823,0.06309774822927962,0.07558862662556125,2.056557616622925,2.0635535809042085,-0.134450749106496,0.05557089456234267,0.0638129293246227,1.7686928646701416,1.7447745282087535,-0.1135065526084823,0.07561450437787257,0.07555246771403279,2.072588113895078,2.0635535809042085,-0.134450749106496,0.07399497161090092,0.06377205639580333,1.754307116781363,1.7447745282087535,-0.1135065526084823,0.033425098454208005,0.07419167576173867,2.0398367123399774,2.0635535809042085,-0.134450749106496,0.0779795060297927,0.06370900352591244,1.753595283794688,1.7447745282087535,-0.1135065526084823
254.29305276961625,0.06620145499792367,0.07738230837102934,2.0873516030716575,2.11034483523215,-0.13752946689253998,0.0409156093434338,0.06668889817016588,1.8021703190863645,1.7843851123376029,-0.11610605741987262,0.07468221000813215,0.07732021261871116,2.125875206042469,2.11034483523215,-0.13752946689253998,0.05712526690876353,0.0652748775813351,1.7739384011792512,1.7843851123376029,-0.11610605741987262,0.06297324407987573,0.07728322581409293,2.1151241029309507,2.11034483523215,-0.13752946689253998,0.06318770748881693,0.06523306867534535,1.8108061762196028,1.7843851123376029,-0.11610605741987262,0.04499586944244734,0.07589127692116499,2.1021244045798104,2.11034483523215,-0.13752946689253998,0.053635261204669715,0.06516857191363737,1.761362422214619,1.7843851123376029,-0.11610605741987262
257.190772879318,0.06584946393611839,0.07915496191701016,2.1455092884163998,2.158189058184738,-0.14067861572311402,0.08895050554506884,0.06821670387450257,1.822707377358421,1.824888631469011,-0.11876504752544786,0.0649585098926473,0.0790914444575006,2.168982158942061,2.158189058184738,-0.14067861572311402,0.05743031863271576,0.06677030364229915,1.8284136776442728,1.824888631469011,-0.11876504752544786,0.05958926912094489,0.07905361082455833,2.156305489601664,2.158189058184738,-0.14067861572311402,0.09510560861576774,0.06672753734494577,1.8484660988269832,1.824888631469011,-0.11876504752544786,0.017525495464280574,0.07762979236787335,2.101090300855261,2.158189058184738,-0.14067861572311402,0.06322801026554131,0.0666615636566384,1.8393494199124856,1.824888631469011,-0.11876504752544786
260.12151308824275,0.10734176084465512,0.08096820056641897,2.2198758685191455,2.207109679833738,-0.1438998038090786,0.09187919881305834,0.06977949407528918,1.875185862859604,1.8663050086629651,-0.1214848819664538,0.0672145393845416,0.08090322888462362,2.2001886393017553,2.207109679833738,-0.1438998038090786,0.06384506086182896,0.06829997343043412,1.8571521974206642,1.8663050086629651,-0.1214848819664538,0.07927439411746376,0.08086452905583845,2.2111359254671417,2.207109679833738,-0.1438998038090786,0.08731745383553498,0.06825622783847739,1.8939324923203715,1.8663050086629651,-0.1214848819664538,0.007196660115848921,0.07940811214730831,2.1287872897723483,2.207109679833738,-0.1438998038090786,0.03313837756071919,0.06818874343415975,1.8169039733026153,1.8663050086629651,-0.1214848819664538
263.0856496670141,0.1045517650275624,0.08282295249799981,2.3138103118345184,2.2571306406173584,-0.1471946759483145,0.1238704303143881,0.0713780691021473,1.9370339132200323,1.9086546051363416,-0.12426695073585042,0.08869884107039573,0.08275649333654606,2.2549295362006987,2.2571306406173584,-0.1471946759483145,0.07335028383055765,0.06986467035998459,1.8907141244906909,1.9086546051363416,-0.12426695073585042,0.0794031779272383,0.08271690750270536,2.24696720447149,2.2571306406173584,-0.1471946759483145,0.08708508423733714,0.06981992306988444,1.9255369743472732,1.9086546051363416,-0.12426695073585042,0.022853900402593233,0.08122714661931375,2.213423682188755,2.2571306406173584,-0.1471946759483145,0.07057360287761,0.06975089338874864,1.9038570730373774,1.9086546051363416,-0.12426695073585042
266.0835631739345,0.09182712528594587,0.08472016707115781,2.3276270181444305,2.308276401344761,-0.15056491435229893,0.08804047936725584,0.07301324755919704,1.927247300213059,1.9519582295358493,-0.12711267547938293,0.09220636554074814,0.08465218641418157,2.3158335671939234,2.308276401344761,-0.15056491435229893,0.07758024102159035,0.0714651957343152,1.9641905054995414,1.9519582295358493,-0.12711267547938293,0.07610638786957039,0.08461169431372903,2.281599220087733,2.308276401344761,-0.15056491435229893,0.1000782880969275,0.07141942383118009,1.9510950484464518,1.9519582295358493,-0.12711267547938293,0.09650690928829449,0.08308782691978858,2.338064366462757,2.308276401344761,-0.15056491435229893,0.07925739367097456,0.0713488135230221,1.9719431466736292,1.9519582295358493,-0.12711267547938293
269.1156385038443,0.11503222724151778,0.08666081530815109,2.367674497020521,2.360571953267695,-0.15401223949036455,0.15927928932499685,0.07468586674008201,2.0075202877273077,1.9962371473170633,-0.13002351021154301,0.1032679340821059,0.08659127836327249,2.372906007237418,2.360571953267695,-0.15401223949036455,0.08056998014476315,0.0731023691533259,2.0257859838913816,1.9962371473170633,-0.13002351021154301,0.065822245597868,0.0865498592724713,2.370056786113702,2.360571953267695,-0.15401223949036455,0.08683340322491513,0.07305554919888316,2.038227404208892,1.9962371473170633,-0.13002351021154301,0.0218417989775211,0.08499110543290779,2.3486939000008666,2.360571953267695,-0.15401223949036455,0.07618994076576463,0.0729833221066017,2.0140117471132957,1.9962371473170633,-0.13002351021154301
272.1822649375374,0.11369069537468095,0.08864589038537755,2.4189397301513003,2.4140428281059796,-0.1575384109546168,0.14481030827206648,0.0763967830536953,2.053626806658366,2.0415130903007457,-0.13300094204751692,0.09961938404386685,0.08857476156660898,2.435245804075464,2.4140428281059796,-0.1575384109546168,0.0899722739543848,0.07477702892950047,2.079137537950402,2.0415130903007457,-0.13300094204751692,0.06597418348839482,0.08853239428902081,2.412426052504033,2.4140428281059796,-0.1575384109546168,0.07441431943186312,0.07472913695034836,2.0828012586915063,2.0415130903007457,-0.13300094204751692,0.052442674579783535,0.08693795627404384,2.40345588023611,2.4140428281059796,-0.1575384109546168,0.07551497220058273,0.07465525609122667,2.0536666563002246,2.0415130903007457,-0.13300094204751692
275.28383619174,0.10720233760956648,0.09067640813700416,2.4569621941881605,2.468715108087756,-0.16114522834206957,0.17646951333371536,0.07814687245844236,2.1178168289328076,2.0878082663061956,-0.13604649195256202,0.11113995465609718,0.090603651046621,2.486351880078322,2.468715108087756,-0.16114522834206957,0.0789263602285012,0.07649003251328237,2.1083832475509467,2.0878082663061956,-0.13604649195256202,0.09971833851015247,0.09056031390205421,2.4975065067740516,2.468715108087756,-0.16114522834206957,0.08071473884748666,0.07644104398882048,2.1143445818362094,2.0878082663061956,-0.13604649195256202,0.056470436735854015,0.08892937578321675,2.4256597414852274,2.468715108087756,-0.16114522834206957,0.06663857109929999,0.07636547153591783,2.1042260828016754,2.0878082663061956,-0.13604649195256202
278.42075046965914,0.10428699718585792,0.09275340756941362,2.5042949164529835,2.524615435861124,-0.1648345321573857,0.15772488864202866,0.07993703090693449,2.160614467237893,2.135145368923848,-0.1391617155072608,0.10615262894753853,0.09267898497932898,2.517470869173353,2.524615435861124,-0.1648345321573857,0.07921200171444455,0.07824225692853397,2.1568943880209464,2.135145368923848,-0.1391617155072608,0.08813621106340888,0.0926346557932064,2.5420871605583955,2.524615435861124,-0.1648345321573857,0.0616813558013884,0.07819214677842443,2.119406642131797,2.135145368923848,-0.1391617155072608,0.0841970185205397,0.09096638302989667,2.4847361441004088,2.524615435861124,-0.1648345321573857,0.06834839586440239,0.078114844041314,2.132454863370631,2.135145368923848,-0.1391617155072608
281.5934105121068,0.09403183309156342,0.09487795138732141,2.548778066662469,2.5817710243338974,-0.16860820473568233,0.15730253116649823,0.08176817480022468,2.2111559350731613,2.1835475873769083,-0.14234820368941103,0.11355551050157266,0.09480182522040079,2.5725099240707525,2.5817710243338974,-0.16860820473568233,0.07090782171941513,0.08003459921741335,2.1713078769332927,2.1835475873769083,-0.14234820368941103,0.11277976925329894,0.09475648131234982,2.6020433407463557,2.5817710243338974,-0.16860820473568233,0.09461296948008165,0.079983341789001,2.158368082680373,2.1835475873769083,-0.14234820368941103,0.05200971723514265,0.09305002032940336,2.521636745733315,2.5817710243338974,-0.16860820473568233,0.05057143224392341,0.0799042691941043,2.148898438852145,2.1835475873769083,-0.14234820368941103
284.8022236492069,0.09857500578975158,0.09705112653172437,2.638494757126428,2.6402096663085564,-0.17246817118604196,0.1299620832628155,0.08364124145320999,2.2639027864772028,2.2330386164589346,-0.1456075836748371,0.11722611551239594,0.09697325784258638,2.67013795949865,2.6402096663085564,-0.17246817118604196,0.06726701041657969,0.0818679768956029,2.2435146431654935,2.2330386164589346,-0.1456075836748371,0.13134009418457096,0.09692687601507846,2.659082339217859,2.6402096663085564,-0.17246817118604196,0.07167780068077607,0.08181554595059849,2.207873745244588,2.2330386164589346,-0.1456075836748371,0.06896863616196598,0.0951813537702885,2.609354790595055,2.6402096663085564,-0.17246817118604196,0.04900763344429876,0.08173466302141455,2.201602882860426,2.2330386164589346,-0.1456075836748371
288.0476018526915,0.10388676915424037,0.09927404473004982,2.6781758821643527,2.699959743900189,-0.17641640035492984,0.10012703214405622,0.08555718956894964,2.3100749559585885,2.283642666537462,-0.14894151965452299,0.10123424420614603,0.09919439368520613,2.711191953041462,2.699959743900189,-0.17641640035492984,0.052245486431630975,0.08374332841752305,2.288615153396771,2.283642666537462,-0.14894151965452299,0.11330915244234588,0.09914695021155497,2.699025291246846,2.699959743900189,-0.17641640035492984,0.07464212809321143,0.08368969711896088,2.2939913994568117,2.283642666537462,-0.14894151965452299,0.04823350465235905,0.09736147375444973,2.6604979841446417,2.699959743900189,-0.17641640035492984,0.051404144134079954,0.0836069624550402,2.28594938715708,2.283642666537462,-0.14894151965452299
291.3299617887926,0.10566078631486635,0.10154784305835869,2.753047357610254,2.7610502376402284,-0.180454905812482,0.09956436803885832,0.08751699972560681,2.3421166726547766,2.3353844736040523,-0.1523517136710807,0.10989054362810725,0.10146636891606457,2.7524596953072606,2.7610502376402284,-0.180454905812482,0.060254187382301164,0.08566161365204035,2.3508748841847,2.3353844736040523,-0.1523517136710807,0.11353132146789938,0.10141783952890912,2.7503434612209343,2.7610502376402284,-0.180454905812482,0.04607407074478149,0.08560675455055863,2.3082318053018076,2.3353844736040523,-0.1523517136710807,0.06887852023114178,0.09959149554850952,2.7509546879288544,2.7610502376402284,-0.180454905812482,0.08542004143429466,0.08552212580695373,2.3664736671033015,2.3353844736040523,-0.1523517136710807
294.64972487173793,0.09884071140133736,0.10387368451678267,2.7923380488511187,2.8235107352201316,-0.1845857468598291,0.09817121569570136,0.08952167487257154,2.3723954192921552,2.388289309310533,-0.15583990647320728,0.08000928079837812,0.10379034560654854,2.825475478334555,2.8235107352201316,-0.1845857468598291,0.07312656459560153,0.08762381436921635,2.4180568200175117,2.388289309310533,-0.15583990647320728,0.10375737047782421,0.10374070548508035,2.810851400747792,2.8235107352201316,-0.1845857468598291,0.04615488697143628,0.08756769938927816,2.367858444839789,2.388289309310533,-0.15583990647320728,0.09332410902390038,0.10187255984833823,2.7958031800513448,2.8235107352201316,-0.1845857468598291,0.0982378153339733,0.08748113325475415,2.4128154778844166,2.388289309310533,-0.15583990647320728
298.00731731785345,0.11035649160963994,0.10625275861706779,2.8759746523436727,2.8873714397231427,-0.18881102955859344,0.10766577377738012,0.09157224083888414,2.4079029395136646,2.4423829910264097,-0.1594078783896133,0.07332687077203494,0.10616751231852908,2.8922789544686403,2.8873714397231427,-0.18881102955859344,0.08989542910046645,0.08963093473784114,2.4687981372219205,2.4423829910264097,-0.1594078783896133,0.10375737047782421,0.10611673607612207,2.87977770769311,2.8873714397231427,-0.18881102955859344,0.06914933170519073,0.08957353516324167,2.436032662692681,2.4423829910264097,-0.1594078783896133,0.07726204201787852,0.10420583335549154,2.8453525043032153,2.8873714397231427,-0.18881102955859344,0.08898589435681131,0.08948498733864432,2.4391961542061384,2.4423829910264097,-0.1594078783896133
301.4031702002858,0.12761392929552642,0.10868628198420521,2.9716116741682876,2.952663177323968,-0.1931329077840946,0.1481419258489141,0.09366974685289702,2.4796622261292227,2.4976918917979924,-0.16305745022181428,0.09549231540177529,0.10859908470544305,2.9483155660566034,2.952663177323968,-0.1931329077840946,0.06135448239481257,0.09168400183375555,2.4991376362817537,2.4976918917979924,-0.16305745022181428,0.1320400142991093,0.10854714637699081,2.973506418673951,2.952663177323968,-0.1931329077840946,0.0962133367567048,0.09162528829344922,2.514094749525376,2.4976918917979924,-0.16305745022181428,0.09346004816221083,0.10659250936763619,2.943957110561594,2.952663177323968,-0.1931329077840946,0.07936800512203795,0.09153471346904249,2.507665947873246,2.4976918917979924,-0.16305745022181428
304.83771950434596,0.14269614497103014,0.11117549897059097,3.0473776383008024,3.0194174042417705,-0.1975535843006709,0.11314343836995039,0.09581526607329294,2.534169104810274,2.554242950242399,-0.16679048415751352,0.09771419943123517,0.11108630612644761,3.0244010829455945,3.0194174042417705,-0.1975535843006709,0.10289606261153929,0.09378406616055905,2.5578919921110295,2.554242950242399,-0.16679048415751352,0.10523218136876791,0.11103317915512576,3.010211811515239,3.0194174042417705,-0.1975535843006709,0.08843263648813778,0.09372400861329055,2.5782125346662985,2.554242950242399,-0.16679048415751352,0.11612772610025097,0.10903380838101275,2.998683856264397,3.0194174042417705,-0.1975535843006709,0.09041875764432689,0.09363136044588452,2.5561703344050404,2.554242950242399,-0.16679048415751352
308.3114061834848,0.127927923409786,0.11372168228504131,3.0729897612238455,3.0876662128740944,-0.2020753118616464,0.09699566872242232,0.09800989613228518,2.6196537600130703,2.6120636802836827,-0.17060888470397506,0.08638963175304261,0.11363044827432335,3.0921033819616888,3.0876662128740944,-0.2020753118616464,0.09215278074543577,0.09593220218097737,2.595412829710403,2.6120636802836827,-0.17060888470397506,0.11688484629852872,0.11357610549806275,3.072009005020421,3.0876662128740944,-0.2020753118616464,0.09652312935363834,0.0958707699006605,2.594942849796122,2.6120636802836827,-0.17060888470397506,0.11128926028499671,0.11153097870748072,3.0798286364837066,3.0876662128740944,-0.2020753118616464,0.08590440518654979,0.09577600099008751,2.6209187907892257,2.6120636802836827,-0.17060888470397506
311.82467621590536,0.14786785550321505,0.11632613363513916,3.1474065150005446,3.1574423369388755,-0.2067003943341198,0.15018157523602876,0.10025475969099279,2.693814824013058,2.671182180675657,-0.17451459964167496,0.09338808501491981,0.11623281181769538,3.144241852639283,3.1574423369388755,-0.2067003943341198,0.08566779801692172,0.09812950886091472,2.6696729596604367,2.671182180675657,-0.17451459964167496,0.14152876479041146,0.1161772254555987,3.159299323549913,3.1574423369388755,-0.2067003943341198,0.09370732985098225,0.09806667042069409,2.6714788992623353,2.671182180675657,-0.17451459964167496,0.05446231407765752,0.11408529710474927,3.118868066315927,3.1574423369388755,-0.2067003943341198,0.09651321202469759,0.09796973228589498,2.680680714928018,2.671182180675657,-0.17451459964167496
315.3779806618223,0.12520154859819002,0.11899018438392997,3.2217751788184037,3.22877915542278,-0.21143118784717554,0.11838893704669157,0.10255100500763699,2.7305760908784396,2.731627144278594,-0.1785096209999703,0.0904477831896149,0.11889472705719854,3.2125580502657165,3.22877915542278,-0.21143118784717554,0.0834407662729565,0.10037711022574253,2.707753500584218,2.731627144278594,-0.1785096209999703,0.12282169402766377,0.11883786869555908,3.2334637175228913,3.22877915542278,-0.21143118784717554,0.09193074383999895,0.10031283348206833,2.739863862092011,2.731627144278594,-0.1785096209999703,0.05505580408985929,0.1166980694210725,3.228799465454556,3.22877915542278,-0.21143118784717554,0.1005206435346308,0.10021367653668894,2.71497775470187,2.731627144278594,-0.1785096209999703
318.9717757213706,0.13324496673019973,0.12171519622230062,3.285609357119321,3.301710695130169,-0.21627010196647928,0.12723306131580375,0.10489980651755144,2.7965270041456285,2.79342786697248,-0.18259598605398805,0.10596213096467479,0.12161755459704932,3.313387579368907,3.301710695130169,-0.21627010196647928,0.08111612585392515,0.10267615592836832,2.78859145848139,2.79342786697248,-0.18259598605398805,0.12965410729173313,0.12155939517476785,3.304817656034201,3.301710695130169,-0.21627010196647928,0.0928235158568675,0.10261040800495433,2.827776229847795,2.79342786697248,-0.18259598605398805,0.0656951863070357,0.11937063125418425,3.291330151227384,3.301710695130169,-0.21627010196647928,0.09051365772859249,0.10250898153197137,2.7885562279566756,2.79342786697248,-0.18259598605398805
322.606522793177,0.12347956625785665,0.12450256185493926,3.3713072862271654,3.3762716316360124,-0.2212196008949026,0.15184339837676336,0.10730236542756531,2.8561372114953634,2.856614256162022,-0.18677577834366565,0.10577050686632573,0.12440268603084484,3.3751199715978046,3.3762716316360124,-0.2212196008949026,0.08097416755694987,0.1050278218307846,2.852197771868486,2.856614256162022,-0.18677577834366565,0.10058956423873325,0.12434319582518859,3.387004531940603,3.3762716316360124,-0.2212196008949026,0.0944350318067499,0.10496056910207979,2.861019885799787,2.856614256162022,-0.18677577834366565,0.03742503537543336,0.12210434862517203,3.357882584829407,3.3762716316360124,-0.2212196008949026,0.10372599938640142,0.10485682122818868,2.857978871324388,2.856614256162022,-0.18677577834366565
326.2826885335981,0.12119455409754247,0.12735370570307217,3.4116100885854985,3.4524972883179164,-0.22628220469913599,0.13668691820897233,0.10975991032249548,2.8928578868357273,2.92121683872628,-0.19105112871496516,0.10364065450894457,0.12725154464337302,3.408082751357398,3.4524972883179164,-0.22628220469913599,0.09846370377210868,0.10743331059885279,2.9041935851840037,2.92121683872628,-0.19105112871496516,0.12360569613953301,0.12719069325472376,3.4502370158924354,3.4524972883179164,-0.22628220469913599,0.10494101995700507,0.10736451867243334,2.9304036136713565,2.92121683872628,-0.19105112871496516,0.03265489833359887,0.12490061866740901,3.3940698579700355,3.4524972883179164,-0.22628220469913599,0.09449977166707363,0.10725839634236767,2.8901655859662636,2.92121683872628,-0.19105112871496516
330.00074491663247,0.11864088602565064,0.13027008462200187,3.51986711175993,3.530423633171249,-0.23146049056351922,0.12910087981022694,0.11227369778600794,2.9686678940237647,2.9872667683604415,-0.19542421638547924,0.11233037881056986,0.13016558612809712,3.5202330776310102,3.530423633171249,-0.23146049056351922,0.11477601502907299,0.10989385230926561,2.9765427713085337,2.9872667683604415,-0.19542421638547924,0.11276773174131441,0.1301033424645651,3.5138778076300348,3.530423633171249,-0.23146049056351922,0.11097274125080143,0.10982348600920833,2.9735024028346393,2.9872667683604415,-0.19542421638547924,0.10500739567479507,0.1277608703306288,3.518336745091733,3.530423633171249,-0.23146049056351922,0.08908868963605471,0.10971493495812279,2.959777186173392,2.9872667683604415,-0.19542421638547924
333.7611692945168,0.13510707685124893,0.13325318863499416,3.6120033119096755,3.6100872730890874,-0.2367570940720084,0.1421689100633377,0.11484501303515732,3.043543300682438,3.0547958321121755,-0.19989727003195273,0.15143981190332423,0.13314629931974947,3.609534106757522,3.6100872730890874,-0.2367570940720084,0.12348281332749957,0.11241070507155478,3.020938134747805,3.0547958321121755,-0.19989727003195273,0.12094228808098775,0.13308263158177425,3.601267746229521,3.6100872730890874,-0.2367570940720084,0.13046413795797912,0.1123387284202989,3.031544947251894,3.0547958321121755,-0.19989727003195273,0.11632547010115986,0.130686565101445,3.5994160148725074,3.6100872730890874,-0.2367570940720084,0.09428943589472233,0.11222769314693634,3.071360101376955,3.0547958321121755,-0.19989727003195273
337.5644444590117,0.15624712666941,0.13630454168374323,3.7294958868330896,3.691525445170508,-0.24217471051774203,0.18209966328266464,0.11747517056910935,3.141531024067383,3.123836456027809,-0.20447256890328158,0.15184826566088216,0.13619520694508258,3.693111024463221,3.691525445170508,-0.24217471051774203,0.1040725937714261,0.11498515566320007,3.1531978135694416,3.123836456027809,-0.20447256890328158,0.13689926493920437,0.13613008260907336,3.692679615359827,3.691525445170508,-0.24217471051774203,0.08577047467951356,0.11491153186337996,3.1352222775672045,3.123836456027809,-0.20447256890328158,0.12278459226270784,0.13367919773911147,3.672230905553527,3.691525445170508,-0.24217471051774203,0.08671412564536979,0.1147979556018451,3.1375548098487887,3.123836456027809,-0.20447256890328158
341.41105870338663,0.13118936408958995,0.1394257023953595,3.7756560257363168,3.774776004558302,-0.24771609624149832,0.13928558476435998,0.12016551483254764,3.208227543182273,3.194421709685038,-0.2091524439569918,0.15040089041682703,0.13931386638829507,3.808290904661895,3.774776004558302,-0.24771609624149832,0.12062679643790099,0.11761852017922464,3.2235304117698647,3.194421709685038,-0.2091524439569918,0.1339279973176594,0.13924725219067668,3.7749888094913278,3.774776004558302,-0.24771609624149832,0.11166257502268802,0.11754321159507933,3.183682934599317,3.194421709685038,-0.2091524439569918,0.13668627363663816,0.13674029702828297,3.763768851455148,3.774776004558302,-0.24771609624149832,0.09893628769318091,0.11742703628623889,3.1714371559591985,3.194421709685038,-0.2091524439569918
345.3015058851099,0.14818945747699566,0.14261826486643647,3.874636495991491,3.8598774084003855,-0.25338407000042146,0.1300867908255559,0.12291742089384441,3.2356142672198316,3.266585309449094,-0.21393927902191187,0.137283975451447,0.14250387047530638,3.84879828712263,3.8598774084003855,-0.25338407000042146,0.10822125164297781,0.12031214469607053,3.275160580158232,3.266585309449094,-0.21393927902191187,0.12667094555492212,0.14243573239543778,3.8535507090288625,3.8598774084003855,-0.25338407000042146,0.09040261310554416,0.1202351128346571,3.2184804175550275,3.266585309449094,-0.21393927902191187,0.146280672215861,0.13987142654873808,3.8414006665773828,3.8598774084003855,-0.25338407000042146,0.10282092904849932,0.1201162790967452,3.2279884092171063,3.266585309449094,-0.21393927902191187
349.23628548925467,0.1319522375735275,0.14588385946499913,3.9376406392636314,3.946868695191879,-0.2591815143656716,0.12945004273170585,0.1257322951384801,3.300767761436132,3.340361620225256,-0.21883551198586923,0.1532237928157365,0.14576684827464656,3.9708481765524297,3.946868695191879,-0.2591815143656716,0.13585844652992207,0.12306740595094323,3.3390746727107636,3.340361620225256,-0.21883551198586923,0.1419044931151027,0.14569715151794818,3.9591465113622633,3.946868695191879,-0.2591815143656716,0.10990784481612965,0.12298861144258966,3.3499829087754724,3.340361620225256,-0.21883551198586923,0.14766190981431776,0.1430741854616076,3.936041041349495,3.946868695191879,-0.2591815143656716,0.11114841007666904,0.1228670585414331,3.3060182696598392,3.340361620225256,-0.21883551198586923
353.2159026926259,0.13682402377835282,0.14922415364999805,4.032362570722147,4.035789458904848,-0.26511137715168864,0.14380374743009777,0.12861157597769424,3.4306371305507297,3.415785655427218,-0.2238436360091941,0.1329369985619515,0.14910446591651128,4.042847269661154,4.035789458904848,-0.26511137715168864,0.1562677758169987,0.12588571203599522,3.416682038900511,3.415785655427218,-0.2238436360091941,0.1315078895875458,0.14903317489679155,4.037679220327226,4.035789458904848,-0.26511137715168864,0.11437454569793278,0.12580511461431843,3.4338650102845216,3.415785655427218,-0.2238436360091941,0.15275368727535038,0.14635020931394394,4.024032710282751,4.035789458904848,-0.26511137715168864,0.13858821282220063,0.12568078043258143,3.4252604193903426,3.415785655427218,-0.2238436360091941
357.24086842861936,0.1382977358691523,0.15264085280916095,4.134849729401243,4.126679817119647,-0.27117667287666175,0.11315738642176615,0.1315567345736084,3.488362187308558,3.492893074916518,-0.2289662007670171,0.12353616207861974,0.1525184274295354,4.139677876886562,4.126679817119647,-0.27117667287666175,0.1644079262630197,0.1287685031078658,3.5378421866138705,3.492893074916518,-0.2289662007670171,0.14177185579001686,0.15244550575133647,4.125709126844631,4.126679817119647,-0.27117667287666175,0.12836687979639544,0.12868606158967355,3.5337994871403238,3.492893074916518,-0.2289662007670171,0.11844020229677306,0.14970117086069912,4.108993313875355,4.126679817119647,-0.27117667287666175,0.1560522428022994,0.12855888259556855,3.4827772914035133,3.492893074916518,-0.2289662007670171
361.31169945281874,0.14058658109782343,0.15613570111554537,4.21470902462907,4.2195803722136125,-0.2773804842551014,0.1898462630779279,0.1345692755800814,3.555635267452295,3.571720180541791,-0.23420581371596516,0.1368910637083698,0.15601047559746434,4.2247507842189265,4.2195803722136125,-0.2773804842551014,0.16143169278559533,0.13171725211326338,3.604722934546551,3.571720180541791,-0.23420581371596516,0.15716548434662228,0.15593588603746475,4.205430082612702,4.2195803722136125,-0.2773804842551014,0.128589935065813,0.1316329243778521,3.5924718199757804,3.571720180541791,-0.23420581371596516,0.13129724963435435,0.1531287809051304,4.183001215436616,4.2195803722136125,-0.2773804842551014,0.14668450335125222,0.1315028355932117,3.562119898629719,3.571720180541791,-0.23420581371596516
365.4289184093409,0.15917659548966193,0.15971048240325245,4.3140856132635585,4.314532164660188,-0.2837259637222823,0.19561697441686593,0.13765073790005547,3.6285137319132956,3.6523039089041918,-0.23956514139130525,0.1524685060904265,0.15958239283340306,4.303626346662558,4.314532164660188,-0.2837259637222823,0.15974394853196372,0.13473346553121826,3.666490360876624,3.6523039089041918,-0.23956514139130525,0.15756549035324766,0.15950609732202023,4.312946605043704,4.314532164660188,-0.2837259637222823,0.1527888071987586,0.13464720849898215,3.6783215262068802,3.6523039089041918,-0.23956514139130525,0.10052430701554045,0.156634789158355,4.250273702325104,4.314532164660188,-0.2837259637222823,0.18239439375933258,0.1345141434663896,3.6419070927791477,3.6523039089041918,-0.23956514139130525
369.5930538979366,0.15345667521418385,0.16336702106267476,4.424679242671345,4.411576617224019,-0.2902163349941296,0.19935383898738773,0.14080269546030222,3.7639970726195098,3.7346818209383272,-0.24504691073165774,0.1296992631406273,0.1632360020747579,4.417287199317421,4.411576617224019,-0.2902163349941296,0.14685793851002493,0.13781868413118759,3.7545858357902695,3.7346818209383272,-0.24504691073165774,0.16131382649626672,0.16315796167690047,4.4158423454808045,4.411576617224019,-0.2902163349941296,0.1565633434275781,0.13773045374182796,3.74514750392619,3.7346818209383272,-0.24504691073165774,0.08713015327671443,0.16022098511733865,4.338649336271389,4.411576617224019,-0.2902163349941296,0.16321490936320643,0.1375943444914226,3.730192286729716,3.7346818209383272,-0.24504691073165774
373.80464054185654,0.15603725910369484,0.16710718295520147,4.538276057009917,4.510755468794497,-0.2968548946587838,0.22974372356934697,0.14402675800298945,3.8592614167884185,3.818892087796193,-0.25065391043248475,0.12455564873450099,0.16697316769716314,4.516448871929153,4.510755468794497,-0.2968548946587838,0.11367316705493637,0.1409744837483792,3.8154878323825034,3.818892087796193,-0.25065391043248475,0.18409996699101497,0.16689334259290503,4.5406179170545276,4.510755468794497,-0.2968548946587838,0.16067939630407396,0.14088423493921443,3.819046984809167,3.818892087796193,-0.25065391043248475,0.09960427238206322,0.1638891989631576,4.436559178771685,4.510755468794497,-0.2968548946587838,0.158474281236129,0.14074501195417236,3.808810162129328,3.818892087796193,-0.25065391043248475
378.06421905648983,0.14493340625651677,0.1709328763492041,4.610667712522862,4.612110696281917,-0.30364501380542724,0.19877448926657176,0.14732457189502,3.9303852329469158,3.904973472476459,-0.2563889923304333,0.15786154607617253,0.17079579644969095,4.598333233394699,4.612110696281917,-0.30364501380542724,0.15152008178495435,0.14420247607669806,3.9121832262043696,3.904973472476459,-0.2563889923304333,0.17633071086660115,0.17071414591395762,4.605884062228743,4.612110696281917,-0.30364501380542724,0.16398628065548054,0.14411016275959415,3.922013097143844,3.904973472476459,-0.2563889923304333,0.13203319573380617,0.16764130247857764,4.570496217459389,4.612110696281917,-0.30364501380542724,0.15751751306646028,0.1439677549414378,3.883747766575828,3.904973472476459,-0.2563889923304333
382.37233631878564,0.15605408222875852,0.17484605287574934,4.681366305539874,4.715684422938457,-0.31059013968688787,0.2373568394567241,0.15069782095599307,4.014990459099694,3.992965306538019,-0.2622550728173154,0.14775615180476476,0.17470583840995368,4.67729842084578,4.715684422938457,-0.31059013968688787,0.15171288286934625,0.1475043094790864,4.021139628148717,3.992965306538019,-0.2622550728173154,0.1939349173948556,0.1746223207923681,4.7104703120595595,4.715684422938457,-0.31059013968688787,0.1589830388186701,0.14740988451738973,4.004430473778382,3.992965306538019,-0.2622550728173154,0.13236031604415316,0.17147920998683308,4.691704455999617,4.715684422938457,-0.31059013968688787,0.1578156797560139,0.14726421915003693,3.975811221610675,3.992965306538019,-0.2622550728173154
386.72954543746465,0.1809900573242821,0.17884870850630855,4.809088121265513,4.821518811097556,-0.3176937974198536,0.2363350655797814,0.15414822730354297,4.124152147317494,4.0829074612252345,-0.2682551342848038,0.13652856814943815,0.17870528796080146,4.795967988337264,4.821518811097556,-0.3176937974198536,0.13297493820103135,0.15088166981592568,4.136825701118715,4.0829074612252345,-0.2682551342848038,0.197383460835331,0.17861986066493069,4.838060450047125,4.821518811097556,-0.3176937974198536,0.151982920457657,0.15078508500071805,4.129651398267932,4.0829074612252345,-0.2682551342848038,0.14820966329534208,0.17540487931025903,4.8353698092205155,4.821518811097556,-0.3176937974198536,0.15002988800627776,0.15063608771410342,4.096497715658364,4.0829074612252345,-0.2682551342848038
391.136405824033,0.1852160309437693,0.18294288455198524,4.929238296167218,4.929655937122074,-0.32495959172164157,0.2166735499785511,0.15767755221853638,4.188658486130564,4.174840312073903,-0.2743922266026154,0.14966816229345992,0.18279618478909693,4.896279683516735,4.929655937122074,-0.32495959172164157,0.1397483652432986,0.15433628129188945,4.209315034376409,4.174840312073903,-0.2743922266026154,0.17435585652840216,0.18270880425092922,4.937740235132731,4.929655937122074,-0.32495959172164157,0.15199714406202242,0.15423748731795472,4.181661274916691,4.174840312073903,-0.2743922266026154,0.17040354551909714,0.17942031275144216,4.903956419747321,4.929655937122074,-0.32495959172164157,0.1310873873359681,0.15408508205057636,4.158897918944236,4.174840312073903,-0.2743922266026154
395.59348326460156,0.16727090086136479,0.18713066868470296,5.024296170970559,5.040137646078082,-0.33239120868531435,0.17641637720692432,0.16128759702900675,4.230505775810885,4.268804696146031,-0.28066946862667286,0.17420169745989011,0.1869806149059729,5.055372849871485,5.040137646078082,-0.33239120868531435,0.12226698360273404,0.15786990732199968,4.2370364017976225,4.268804696146031,-0.28066946862667286,0.1807860614692504,0.18689123657197204,5.0213331600380915,5.040137646078082,-0.33239120868531435,0.1579366921981133,0.15776885376289643,4.236616672342289,4.268804696146031,-0.28066946862667286,0.1992143447488302,0.1835275580949217,5.035748325731276,5.040137646078082,-0.33239120868531435,0.13284746285959187,0.1576129627236805,4.237372767906512,4.268804696146031,-0.28066946862667286
400.1013499925272,0.17676963041829233,0.19141419598171278,5.132913201408177,5.153005383159969,-0.33999241759282495,0.1739705913377148,0.1649802040139529,4.330667643752603,4.364841860727648,-0.28709004974270924,0.1995475177012136,0.1912607116900655,5.162133790073842,5.153005383159969,-0.33999241759282495,0.13110206349112452,0.16148435141660739,4.332786379081952,4.364841860727648,-0.28709004974270924,0.2216252243692213,0.19116928999535004,5.1652472175886235,5.153005383159969,-0.33999241759282495,0.1525796340853613,0.16138098669946752,4.363221537975156,4.364841860727648,-0.28709004974270924,0.17718388114489542,0.18772870963222454,5.1470321796346115,5.153005383159969,-0.33999241759282495,0.11252948420326753,0.161221530328585,4.329135724953231,4.364841860727648,-0.28709004974270924
404.6605847618803,0.17827468195799448,0.19579564999194266,5.293914661135891,5.268299998689253,-0.34776707276898405,0.21213135594058247,0.168757257326982,4.470906238167563,4.462993402299287,-0.2936572314422674,0.22217149579512818,0.19563865695403426,5.301657634616946,5.268299998689253,-0.34776707276898405,0.14054235013155647,0.1651814580861679,4.4713381671881525,4.462993402299287,-0.2936572314422674,0.2011037411341209,0.19554514529932554,5.288822457468447,5.268299998689253,-0.34776707276898405,0.15355571559257258,0.16507572946567045,4.4707175857922286,4.462993402299287,-0.2936572314422674,0.16468158233245261,0.19202590920866602,5.2788118015392955,5.268299998689253,-0.34776707276898405,0.12032549603346204,0.16491262639506762,4.472839137810235,4.462993402299287,-0.2936572314422674
409.2717729217492,0.18361968259198705,0.20027726382777605,5.374559455248362,5.386061522894683,-0.35571911547499946,0.219246476372365,0.17262068394108293,4.558428739084837,4.563301194359682,-0.3003743489332419,0.21269465361526696,0.2001166820346047,5.390129600003203,5.386061522894683,-0.35571911547499946,0.17690363998218472,0.16896311376628506,4.609162325746674,4.563301194359682,-0.3003743489332419,0.20323101173374872,0.20002103276283822,5.3900499976213485,5.386061522894683,-0.35571911547499946,0.1692655794440156,0.16885496729850344,4.573076069430781,4.563301194359682,-0.3003743489332419,0.1527921143618836,0.19642134729416472,5.37167335564837,5.386061522894683,-0.35571911547499946,0.14697760289907208,0.16868813431050098,4.5810052640388665,4.563301194359682,-0.3003743489332419
413.9355064913921,0.17394314083866683,0.20486132127929907,5.480072855491508,5.50632890627144,-0.36385257584305025,0.23366655994757163,0.17657245461368945,4.681834701309846,4.6658073024552165,-0.3072448127867461,0.21981142366148032,0.20469706890622974,5.519959154382743,5.50632890627144,-0.36385257584305025,0.17897319904618214,0.17283124776337758,4.721653456924846,4.6658073024552165,-0.3072448127867461,0.2166292168200882,0.2045992332790603,5.528407988537888,5.50632890627144,-0.36385257584305025,0.1615676110062551,0.1727206282783894,4.666959844742629,4.6658073024552165,-0.3072448127867461,0.1851867537565151,0.20091726407745775,5.513834143710761,5.50632890627144,-0.36385257584305025,0.15302004931645413,0.1725499802643789,4.675709707484307,4.6658073024552165,-0.3072448127867461
418.65238423624453,0.20556553330814822,0.20955015795433338,5.607800179187323,5.629139720725709,-0.37217157485431085,0.2971979766114939,0.18061458487371151,4.750203477160634,4.770553884654757,-0.3142721106189107,0.2211860076195784,0.20938215132042345,5.621555550973229,5.629139720725709,-0.37217157485431085,0.17782300222910308,0.17678783322060276,4.765366693419896,4.770553884654757,-0.3142721106189107,0.20640120066278725,0.20928207949367622,5.61254624744525,5.629139720725709,-0.37217157485431085,0.1484252346410297,0.17667468429519964,4.763927536586732,4.770553884654757,-0.3142721106189107,0.20082352098333472,0.2055159505842645,5.604806367429174,5.629139720725709,-0.37217157485431085,0.18471022510413654,0.17650013421285946,4.743558671229751,4.770553884654757,-0.3142721106189107
423.4230117447948,0.22369530776512328,0.21434616244332919,5.734684765688276,5.7545298160110026,-0.3806803263585015,0.26239826713170383,0.184749136030379,4.930214374962576,4.87758307531911,-0.32145980881001135,0.22040098950179154,0.21417431596957612,5.740380254010585,5.7545298160110026,-0.3806803263585015,0.19154361133953024,0.18083488810677878,4.875836239800517,4.87758307531911,-0.32145980881001135,0.2296754523052317,0.21407195696857478,5.75867728095634,5.7545298160110026,-0.3806803263585015,0.15633581490508947,0.18071915203593455,4.878625839257672,4.87758307531911,-0.32145980881001135,0.1778675380112616,0.21021974982078406,5.720277753499764,5.7545298160110026,-0.3806803263585015,0.23621988902459407,0.18054061086579187,4.914395733338475,4.87758307531911,-0.32145980881001135
428.2480015063317,0.23504598900583354,0.21925177750975497,5.887305771878009,5.882532925375353,-0.38938313913875894,0.23968556678281355,0.18897821620406288,4.970950845910544,4.986936849803196,-0.3288115542615494,0.22617462788259712,0.21907600367640917,5.86971566400107,5.882532925375353,-0.38938313913875894,0.20065549973660068,0.18497447622563642,4.9805873591667815,4.986936849803196,-0.3288115542615494,0.2444762137583715,0.21897130537046855,5.905888030564759,5.882532925375353,-0.38938313913875894,0.13316030310426713,0.1848560939937892,4.961557749111898,4.986936849803196,-0.3288115542615494,0.21473864037588825,0.21503105794201888,5.8779608013026925,5.882532925375353,-0.38938313913875894,0.20358190164626627,0.18467347069456644,4.993772375750124,4.986936849803196,-0.3288115542615494
433.1279729895824,0.22075683858733477,0.22426950130756348,5.9886402488621195,6.013180213389951,-0.39828441902040246,0.26750086599257844,0.1933039813806509,5.134217718080416,5.098656867409318,-0.3363310761903346,0.24705122232713106,0.22408971061045746,6.020511353970665,6.013180213389951,-0.39828441902040246,0.20543135338005214,0.18920870824853445,5.121216997835928,5.098656867409318,-0.3363310761903346,0.22808887989844165,0.22398261968684446,5.995694587706593,6.013180213389951,-0.39828441902040246,0.14818083389166853,0.18908761950002337,5.091634290608119,5.098656867409318,-0.3363310761903346,0.215210113022071,0.21995232544611634,6.002339970268857,6.013180213389951,-0.39828441902040246,0.18322558920594595,0.18890082096315725,5.0938178218341985,5.098656867409318,-0.3363310761903346
438.0635527222436,0.23175557516316161,0.22940188862425379,6.1241120698755624,6.146499758147249,-0.4073886710266636,0.2581196466862921,0.1977286364885747,5.256752366075142,5.2127842894727126,-0.3440221879639008,0.24869102467033,0.22921798953049824,6.1583684626806985,6.146499758147249,-0.4073886710266636,0.18224479287059026,0.19353974276944744,5.225849141763364,5.2127842894727126,-0.3440221879639008,0.22002197837597307,0.22910845146809633,6.15746262418112,6.146499758147249,-0.4073886710266636,0.15495752336139995,0.19341588577854077,5.223056938437888,5.2127842894727126,-0.3440221879639008,0.24305024668527714,0.22498605839497657,6.155069340128887,6.146499758147249,-0.4073886710266636,0.18322558920594595,0.1932248167814639,5.215456241563599,5.2127842894727126,-0.3440221879639008
443.0553743714205,0.21027612202399162,0.2346515521529843,6.2565144272888356,6.282515958975249,-0.4167005015800495,0.19031730930672747,0.2022544365005179,5.310566069358842,5.32935956910819,-0.3518887889735579,0.23448057469476535,0.23446345105522817,6.308183087552836,6.282515958975249,-0.4167005015800495,0.18459230803844562,0.1979697873840141,5.325597580330383,5.32935956910819,-0.3518887889735579,0.23590973388760964,0.23435141009713809,6.298768085076457,6.282515958975249,-0.4167005015800495,0.1845326598335965,0.19784309902364733,5.342382946914841,5.32935956910819,-0.3518887889735579,0.22939965866898,0.23013481966226296,6.2625949769650076,6.282515958975249,-0.4167005015800495,0.17617610530562672,0.19764766218258248,5.317727412874541,5.32935956910819,-0.3518887889735579
448.1040788249812,0.20454383910489363,0.24002116379132357,6.439844053548176,6.421248859799549,-0.4262246207530417,0.26850805288886664,0.20688368755876294,5.480837520750486,5.448422208617432,-0.35993486655054946,0.2592829986059837,0.23982876496120578,6.433580865457547,6.421248859799549,-0.4262246207530417,0.16787670549357336,0.2025010997917895,5.4441457636409005,5.448422208617432,-0.35993486655054946,0.2432170923391385,0.23971416408735519,6.4408378842449405,6.421248859799549,-0.4262246207530417,0.20850283607872905,0.20237151550245083,5.471585973774949,5.448422208617432,-0.35993486655054946,0.22570770409308977,0.23540123020824866,6.398313679195385,6.421248859799549,-0.4262246207530417,0.1925882388940851,0.20217161122341254,5.421226319234121,5.448422208617432,-0.35993486655054946
453.2103142738392,0.21016569772246677,0.24551345596932855,6.574384113322943,6.5627133770682455,-0.4359658445657933,0.2746042106167537,0.21161874812568005,5.592081105666846,5.570010480043735,-0.3681644979223552,0.22070906681683877,0.24531666151000858,6.548330859770154,6.5627133770682455,-0.4359658445657933,0.18673004728227027,0.20713598892322094,5.62015604877767,5.570010480043735,-0.3681644979223552,0.24881856700488028,0.2451994424085855,6.5589384086585,6.5627133770682455,-0.4359658445657933,0.2106701211747825,0.20700344268050563,5.570316638960889,5.570010480043735,-0.3681644979223552,0.22333025032710757,0.2407879703832576,6.555094382949888,6.5627133770682455,-0.4359658445657933,0.19709871272051188,0.20679896910995776,5.555716893985176,5.570010480043735,-0.3681644979223552
458.3747362951728,0.2273749672669986,0.25113122300707363,6.696118585541442,6.7069184199307905,-0.44592909733625924,0.273422333406866,0.21646203015981041,5.7693396541064725,5.694161103740079,-0.37658185221254237,0.23099772616484882,0.25092993280458725,6.697657765995473,6.7069184199307905,-0.44592909733625924,0.17720928637386357,0.21187681609178766,5.700040387939982,5.694161103740079,-0.37658185221254237,0.25817515772004984,0.2508100358431857,6.705105830825705,6.7069184199307905,-0.44592909733625924,0.22110646983648324,0.211741240373578,5.716950318419138,5.694161103740079,-0.37658185221254237,0.23993933874608003,0.24629778125972618,6.6727289693889285,6.7069184199307905,-0.44592909733625924,0.21217340222022457,0.21153209334718692,5.657185412699006,5.694161103740079,-0.37658185221254237
463.5980079365932,0.24180743731252755,0.25687732250139533,6.841033822460807,6.853865889088033,-0.4561194140783672,0.2733027296925166,0.22141600031818304,5.857029091606043,5.82090887917023,-0.38519119248349065,0.2630801058533365,0.2566714341749551,6.885337580173173,6.853865889088033,-0.4561194140783672,0.2088603267879393,0.2167259961711419,5.8166008590241915,5.82090887917023,-0.38519119248349065,0.26489770097192344,0.25654879837084865,6.876293482522412,6.853865889088033,-0.4561194140783672,0.2187925929513614,0.21658732192390828,5.845535983704642,5.82090887917023,-0.38519119248349065,0.24999176474233337,0.25193346599369437,6.856218509129875,6.853865889088033,-0.4561194140783672,0.21303170448404657,0.21637339491496171,5.789582733330009,5.82090887917023,-0.38519119248349065
468.8807998012715,0.2601998722440641,0.26275467674372843,7.026290289225419,7.003549539318915,-0.4665419429555339,0.23872734996912942,0.22648318118422991,5.940112803058641,5.950286261323087,-0.393996877825046,0.28041145213771057,0.26254408559493436,7.025226764058669,7.003549539318915,-0.4665419429555339,0.20875824294923795,0.22168599879865625,5.960286764863767,5.950286261323087,-0.393996877825046,0.2719894727728266,0.26241864858497754,7.011076100003015,7.003549539318915,-0.4665419429555339,0.22917024324849494,0.22154415540307687,5.9384842130660145,5.950286261323087,-0.393996877825046,0.2594220024726968,0.2576978912160714,6.969594258452468,7.003549539318915,-0.4665419429555339,0.23796465895122182,0.2213253394694188,5.906301385075693,5.950286261323087,-0.393996877825046
474.2237901340358,0.2864242279643929,0.26876627416885107,7.1704934708661705,7.155953689419134,-0.47720194778439445,0.25415740150221683,0.23166615252408707,6.094493148125272,6.082322875392765,-0.40300336548589194,0.2767591956662596,0.26855087312987697,7.145499145801615,7.155953689419134,-0.47720194778439445,0.2266946778009541,0.22675934960542066,6.07396169423826,6.082322875392765,-0.40300336548589194,0.2693165826887841,0.2684225711396964,7.138601400083857,7.155953689419134,-0.47720194778439445,0.22001624988417484,0.22661426484109376,6.082334261492668,6.082322875392765,-0.40300336548589194,0.28580926571219606,0.26359398845471516,7.144506549425121,7.155953689419134,-0.47720194778439445,0.22316512603034283,0.2263904485707285,6.054472058204924,6.082322875392765,-0.40300336548589194
479.6276649084495,0.2968523792466446,0.2749151708357337,7.33374821914935,7.311051761864916,-0.48810481059491184,0.2299038406691996,0.236967552569458,6.2015140358924015,6.217044961328973,-0.41221521305471087,0.2910922251800241,0.27469485041623365,7.309479567248964,7.311051761864916,-0.48810481059491184,0.251603108404871,0.23194863147330128,6.233520207751313,6.217044961328973,-0.41221521305471087,0.2727630640230777,0.27456361822823216,7.32070206801397,7.311051761864916,-0.48810481059491184,0.20311991273094948,0.23180023148307108,6.186303373095449,6.217044961328973,-0.41221521305471087,0.2906369207817437,0.26962475558751703,7.31877793334671,7.311051761864916,-0.48810481059491184,0.23719483433002203,0.23157130093863304,6.205211033263446,6.217044961328973,-0.41221521305471087
485.09311791488165,0.3075644796782577,0.2812044919403511,7.486270426937916,7.4688046335581895,-0.4992560342451301,0.23090526008728968,0.2423900793297673,6.366845956988069,6.354474738897039,-0.4216370806859292,0.30316837323199164,0.2809791401733647,7.469261223068475,7.4688046335581895,-0.4992560342451301,0.26904562779755536,0.23725648581994313,6.35927800586108,6.354474738897039,-0.4216370806859292,0.27875543341228404,0.28084491109485976,7.476389940350527,7.4688046335581895,-0.4992560342451301,0.2209084288133844,0.23710469507285786,6.353485031832498,6.354474738897039,-0.4216370806859292,0.2978792900240495,0.2757932583279672,7.469335308714105,7.4688046335581895,-0.4992560342451301,0.2202609650045128,0.23687053373520972,6.392272612820184,6.354474738897039,-0.4216370806859292
490.62085084958113,0.3297189986303341,0.2876374333626766,7.667183736881413,7.629158777932458,-0.5106612450931116,0.24495292120550555,0.2479364919325136,6.495572606787631,6.494629682755747,-0.43127373337527136,0.3335750382679852,0.2874069357490541,7.669442754659229,7.629158777932458,-0.5106612450931116,0.26108529616681053,0.24268561391193935,6.501124721553582,6.494629682755747,-0.43127373337527136,0.3033032652519355,0.28726964157891843,7.653012546328869,7.629158777932458,-0.5106612450931116,0.22913163618752458,0.2425303551659437,6.462799099771057,6.494629682755747,-0.43127373337527136,0.2574477799488036,0.2821026317427052,7.598389039726045,7.629158777932458,-0.5106612450931116,0.23807001693237012,0.24229084387614178,6.498103775912229,6.494629682755747,-0.43127373337527136
496.21157340476566,0.34492377036321326,0.2942172632464578,7.847544876479938,7.792044178336689,-0.5223261957261591,0.24816696761003004,0.25360961199318444,6.6167292555163595,6.637521695844169,-0.4411300432845838,0.31882036882085996,0.2939815026982423,7.82411211266696,7.792044178336689,-0.5223261957261591,0.2573998048558853,0.24823877820689688,6.639444871164361,6.637521695844169,-0.4411300432845838,0.29355344252154925,0.2938410736937059,7.805848439701812,7.792044178336689,-0.5223261957261591,0.221106782559719,0.24807997247050445,6.6465096184291985,6.637521695844169,-0.4411300432845838,0.2769607628225795,0.2885560818026688,7.795146798680162,7.792044178336689,-0.5223261957261591,0.2341639535834878,0.24783498937046722,6.657065061185053,6.637521695844169,-0.4411300432845838
501.8660033597374,0.3236373597645507,0.3009473236145418,7.968244648003837,7.957371992710788,-0.5342567677503262,0.2981816968417708,0.2594123250160482,6.752724836487149,6.783156168129969,-0.45121099211686766,0.324340115084625,0.3007061803974744,7.975019017611782,7.957371992710788,-0.5342567677503262,0.245435798603581,0.2539188037255276,6.752263694392926,6.783156168129969,-0.45121099211686766,0.29108738394393174,0.3005625452391457,7.976014500180883,7.957371992710788,-0.5342567677503262,0.24062870226819294,0.25375637021817743,6.754407896563921,6.783156168129969,-0.45121099211686766,0.2848730540752025,0.2951568869686099,7.9615890571772825,7.957371992710788,-0.5342567677503262,0.26218229591185555,0.2535057906905898,6.772107323083313,6.783156168129969,-0.45121099211686766
507.5848666730372,0.3388726709571234,0.307831032019281,8.11991611169541,8.125031950705308,-0.546458974638824,0.32348182649547513,0.26534758182483825,6.935862352155235,6.931530906364619,-0.46152167354341167,0.3377994979852563,0.307584383693279,8.157859896151377,8.125031950705308,-0.546458974638824,0.24391902953927846,0.2597285794532133,6.905268280609672,6.931530906364619,-0.46152167354341167,0.29985356200897495,0.3074374694502601,8.126200140689212,8.125031950705308,-0.546458974638824,0.2476786490225979,0.25956243556569836,6.929134596503103,6.931530906364619,-0.46152167354341167,0.27003959035922903,0.30190839981070494,8.107818487006828,8.125031950705308,-0.546458974638824,0.2792518327897517,0.2593061321716207,6.9349043377607575,6.931530906364619,-0.46152167354341167
513.3688975756481,0.30557466997890653,0.3148718832289879,8.316477725632996,8.294889466508488,-0.5589389646441522,0.3267243318772686,0.2714184000255522,7.080286797545892,7.08263491920426,-0.4720672956822792,0.35933088692259685,0.3146196045880861,8.353324249815294,8.294889466508488,-0.5589389646441522,0.23709364115704623,0.2656710597727386,7.053164872403219,7.08263491920426,-0.4720672956822792,0.3015249463544708,0.31446933668174326,8.287781697325615,8.294889466508488,-0.5589389646441522,0.27505137006415475,0.26550112102618445,7.082853017090396,7.08263491920426,-0.4720672956822792,0.2971702069813101,0.3088140486641041,8.301952314791691,8.294889466508488,-0.5589389646441522,0.28604778415580817,0.26523896344240944,7.081818647992813,7.08263491920426,-0.4720672956822792
519.2188386652617,0.32303448545926056,0.32207345095161066,8.436580355515286,8.466782454906834,-0.571703023771337,0.30828375784689516,0.2776278655010146,7.219383136146659,7.236447040689913,-0.4828531836329836,0.331583595738562,0.3218154139618781,8.462661731515563,8.466782454906834,-0.571703023771337,0.26650513239135776,0.2717492659290938,7.245746707239579,7.236447040689913,-0.4828531836329836,0.289058153539404,0.3216617161293146,8.437846746484249,8.466782454906834,-0.571703023771337,0.2891539931201947,0.27157544593271443,7.23002205847462,7.236447040689913,-0.4828531836329836,0.31046756252050783,0.3158773393208078,8.462904578314642,8.466782454906834,-0.571703023771337,0.27516966955858585,0.2713073008868468,7.240348542295534,7.236447040689913,-0.4828531836329836
525.1354410016197,0.320897623167355,0.3294393895955691,8.62267982763355,8.640517844068867,-0.5847575788171836,0.338836682462117,0.2839791339384382,7.462922720986066,7.3929343738458755,-0.49388478206345165,0.34355289271803646,0.32917546333235265,8.656744696104635,8.640517844068867,-0.5847575788171836,0.2707612503240594,0.2779662875252823,7.465356077002079,7.3929343738458755,-0.49388478206345165,0.3049944186202288,0.3290182575887095,8.627820074759542,8.640517844068867,-0.5847575788171836,0.2846134524598564,0.27778849793397015,7.47347922806411,7.3929343738458755,-0.49388478206345165,0.3283967921611011,0.32310185675826186,8.64992117172281,8.640517844068867,-0.5847575788171836,0.27397504322150773,0.2775142291386127,7.47282526174242,7.3929343738458755,-0.49388478206345165
531.1194642029382,0.3397482569167675,0.3369734360699369,8.830615374987698,8.815867787848351,-0.5981092004750167,0.36657392025761065,0.29047543239054047,7.55549063540678,7.552050535232562,-0.5051676578552654,0.3543395373933411,0.33670348665321825,8.810526320672334,8.815867787848351,-0.5981092004750167,0.30577829481863794,0.2843252840521127,7.545028982879314,7.552050535232562,-0.5051676578552654,0.3074119453108447,0.33654269325324865,8.791420528317301,8.815867787848351,-0.5981092004750167,0.2980836438420588,0.284143434522648,7.558392319959824,7.552050535232562,-0.5051676578552654,0.34140577993693483,0.33049126690594016,8.822190833901619,8.815867787848351,-0.5981092004750167,0.280945731549401,0.283862902607809,7.554108374301391,7.552050535232562,-0.5051676578552654
537.171676543435,0.33849864271435276,0.34467941162318316,8.999765671446752,8.992565593122304,-0.611764606506279,0.371726040374804,0.29712006087103526,7.704121930870256,7.713733680310653,-0.5167075028049786,0.31827131211894266,0.34440330215176224,8.952314588352877,8.992565593122304,-0.611764606506279,0.301223470996164,0.2908294864508206,7.684796081103897,7.713733680310653,-0.5167075028049786,0.32362833257988466,0.3442388395507442,8.955093953159162,8.992565593122304,-0.611764606506279,0.2710417510185898,0.2906434845970635,7.659574069834476,7.713733680310653,-0.5167075028049786,0.3705526145556706,0.33804931845075054,8.988954041655678,8.992565593122304,-0.611764606506279,0.2871141748442709,0.29035654704135433,7.670750418450487,7.713733680310653,-0.5167075028049786
543.2928550519661,0.35310388451501534,0.3525612237224698,9.164745676794706,9.170301394981307,-0.6257306649815965,0.33911207264446414,0.30391639398426296,7.852811140134886,7.877904289720032,-0.5285101363842658,0.32393757527565303,0.3522788142067301,9.15431141535971,9.170301394981307,-0.6257306649815965,0.3091035573346702,0.2974821987103734,7.831313406078024,7.877904289720032,-0.5285101363842658,0.3458082277056479,0.35211059902022807,9.163448032120312,9.170301394981307,-0.6257306649815965,0.28195043864761077,0.2972919500578752,7.820910850087734,7.877904289720032,-0.5285101363842658,0.3661059252469239,0.3457798446813512,9.170084907026705,9.170301394981307,-0.6257306649815965,0.28002031625800455,0.29699846111797973,7.841105487536831,7.877904289720032,-0.5285101363842658
549.4837856117862,0.3404014780095576,0.3606228679740719,9.3468604614904,9.3487176353321,-0.6400143975912677,0.3727221691336838,0.3108678825920145,8.064619178188853,8.04446269674932,-0.5405815085608481,0.33496386350447804,0.3603340152670367,9.333366712132765,9.3487176353321,-0.6400143975912677,0.31965699151870985,0.30428679949954374,8.063808392514858,8.04446269674932,-0.5405815085608481,0.353646048350578,0.3601619622299987,9.366265608813906,9.3487176353321,-0.6400143975912677,0.2550018344865474,0.3040922074386055,8.046479360902458,8.04446269674932,-0.5405815085608481,0.3775713786910358,0.3536867653736531,9.367114117505203,9.3487176353321,-0.6400143975912677,0.30828428746414666,0.3037920180774421,8.086675345174491,8.04446269674932,-0.5405815085608481
555.7452630614462,0.36139659247222017,0.3688684300853038,9.516805046925558,9.527404429642834,-0.6546229830292377,0.4119581778671571,0.31797805551563474,8.28818539752181,8.213286338147917,-0.5529277026789645,0.36872162012475695,0.36857298781260867,9.53162499897907,9.527404429642834,-0.6546229830292377,0.286833608329199,0.31124674383516193,8.204001735862631,8.213286338147917,-0.5529277026789645,0.37178522888573784,0.36839700973745615,9.554436248724715,9.527404429642834,-0.6546229830292377,0.2921690733266917,0.3110477095731948,8.248992620183026,8.213286338147917,-0.5529277026789645,0.34813959792001575,0.3617740887163023,9.534976506456438,9.527404429642834,-0.6546229830292377,0.3121070101251759,0.3107406673863653,8.25299264961844,8.213286338147917,-0.5529277026789645
562.0780912968429,0.3652632576697585,0.37730208786969693,9.72168199805497,9.705894942660493,-0.6695637604481091,0.4091230682208658,0.32525052127563847,8.475903120838124,8.38422671357234,-0.5655549384040601,0.3796813349084378,0.3769999063576178,9.696637480838106,9.705894942660493,-0.6695637604481091,0.2930469226641933,0.31836556478612565,8.439211644982816,8.38422671357234,-0.5655549384040601,0.37346146301891625,0.3768199140916776,9.702500076120943,9.705894942660493,-0.6695637604481091,0.30286585589960063,0.3181619872991963,8.418559459378468,8.38422671357234,-0.5655549384040601,0.36136701659297926,0.3700459132794431,9.732001143290287,9.705894942660493,-0.6695637604481091,0.3136565674993554,0.3178479364395397,8.443627845687908,8.38422671357234,-0.5655549384040601
568.4830833744253,0.39195101224675927,0.3859281132959036,9.890535196037892,9.8836609378285,-0.6848442329920602,0.3485001178626786,0.33268896986981883,8.611375036533342,8.557106043856608,-0.5784695747295899,0.38688954223115357,0.3856190394977865,9.880306979223246,9.8836609378285,-0.6848442329920602,0.29613556782592,0.3256468752155921,8.554734592490524,8.557106043856608,-0.5784695747295899,0.38917879375991926,0.3854349418792899,9.90571767006943,9.8836609378285,-0.6848442329920602,0.33733163699925756,0.3254386511983086,8.588585608031206,8.557106043856608,-0.5784695747295899,0.3638148416940921,0.37850643002538364,9.865595557588478,9.8836609378285,-0.6848442329920602,0.31956144342345766,0.3251174322994607,8.574321092621235,8.557106043856608,-0.5784695747295899
574.9610616155837,0.4107981522409098,0.39475087458041896,10.059675543658276,10.060108716216876,-0.7004720714038084,0.3988249852488555,0.3402971745899165,8.751282484992736,8.731713626177864,-0.5916781130506779,0.40694740557803155,0.39443475200229383,10.044376548499045,10.060108716216876,-0.7004720714038084,0.3137979728519963,0.3330943695607644,8.733847878138741,8.731713626177864,-0.5916781130506779,0.4236752539678451,0.39424645581592843,10.060293509121918,10.060108716216876,-0.7004720714038084,0.3302024649689787,0.33288139337555955,8.736093683059604,8.731713626177864,-0.5916781130506779,0.41312035709456857,0.3871599243638013,10.06710383086062,10.060108716216876,-0.7004720714038084,0.3397192085548694,0.3325528434732256,8.745253570955233,8.731713626177864,-0.5916781130506779
581.512857712225,0.41351160034520124,0.4037748383272458,10.23365938380268,10.23457571845357,-0.7164551177114638,0.3733951869875381,0.34807899387775076,8.88527077267572,8.90780189493803,-0.6051872003029056,0.4054829414376695,0.4034515069506877,10.220151815682097,10.23457571845357,-0.7164551177114638,0.30952286500541504,0.3407118256514773,8.819264355206245,8.90780189493803,-0.6051872003029056,0.41902687172243336,0.4032589168818093,10.226042468334862,10.23457571845357,-0.7164551177114638,0.3289647221531133,0.3404939892766956,8.852408023336807,8.90780189493803,-0.6051872003029056,0.42189788068285267,0.3960107782513527,10.228845409174053,10.23457571845357,-0.7164551177114638,0.3437215997717415,0.34015794172853575,8.860758602855102,8.90780189493803,-0.6051872003029056
588.139312833551,0.4146847016855219,0.41300457171309096,10.40789582401256,10.406328124607512,-0.732801388995577,0.33439752350546864,0.35603837322247467,9.053622199123103,9.085082212285876,-0.6190036321707348,0.42109194000088235,0.41267386791725813,10.41882210932915,10.406328124607512,-0.732801388995577,0.34870594916953557,0.3485031065693427,9.071761854037423,9.085082212285876,-0.6190036321707348,0.4299488338097922,0.4124768865053048,10.404412423601327,10.406328124607512,-0.732801388995577,0.33016898969586345,0.34828029954583073,9.080931805546701,9.085082212285876,-0.6190036321707348,0.42650301761440296,0.40506347233732537,10.422891839305809,10.406328124607512,-0.732801388995577,0.3487803255440744,0.347936583949474,9.109668807646207,9.085082212285876,-0.6190036321707348
594.8412777340549,0.4203361900996367,0.42244474472069526,10.584897378302411,10.574559848275587,-0.7495190812373576,0.36021216693830677,0.36417934709881133,9.294609281618063,9.263220432239905,-0.6331343563641036,0.421087740408596,0.42210650120199356,10.582175122382584,10.574559848275587,-0.7495190812373576,0.362414757695359,0.35647216254598335,9.294353833860917,9.263220432239905,-0.6331343563641036,0.4416260680661618,0.42190502879313724,10.606928827879871,10.574559848275587,-0.7495190812373576,0.3356493537145688,0.3562442719232189,9.290110663643317,9.263220432239905,-0.6331343563641036,0.42618374669069176,0.4143225881554525,10.573430951322347,10.574559848275587,-0.7495190812373576,0.36718388488726234,0.3558927140325766,9.29936080394718,9.263220432239905,-0.6331343563641036
601.6196128627471,0.41763096682359485,0.43210013242023815,10.718084130261698,10.738393375514566,-0.7666165732513712,0.3558527657111424,0.37250604094748613,9.401912666257585,9.44183230833733,-0.6475864759667688,0.4278399199996852,0.4317541781109725,10.73279858450524,10.738393375514566,-0.7666165732513712,0.36426702236384123,0.36462303290457526,9.382836200042611,9.44183230833733,-0.6475864759667688,0.433533127751211,0.4315481128089975,10.750049842569844,10.738393375514566,-0.7666165732513712,0.3344968415786606,0.3643899431847844,9.425957656057712,9.44183230833733,-0.6475864759667688,0.4312634123247128,0.42379281036433125,10.735383950692555,10.738393375514566,-0.7666165732513712,0.38071778701951814,0.36403036482441975,9.423578737596936,9.44183230833733,-0.6475864759667688
608.4751884736261,0.42314748787936235,0.441975617301027,10.879365187282257,10.896882937985534,-0.7841024307032014,0.3826023038507363,0.3810226731997801,9.624572810451332,9.620478847351988,-0.6623672528578329,0.43312365424006605,0.4416217772857818,10.89969055757318,10.896882937985534,-0.7841024307032014,0.3803851095404295,0.372959848042321,9.652871345543037,9.620478847351988,-0.6623672528578329,0.44505961538142624,0.4414110149027355,10.898280516590082,10.896882937985534,-0.7841024307032014,0.3434961093364421,0.3727214411240647,9.615497117059633,9.620478847351988,-0.6623672528578329,0.43353295242746653,0.43347892903582175,10.871597954012511,10.896882937985534,-0.7841024307032014,0.3898071257812225,0.3723536601018109,9.650244075152665,9.620478847351988,-0.6623672528578329
615.4088847374088,0.43117171848640584,0.4520761916533913,11.03542215804138,11.049020520768888,-0.8019854102154916,0.42152442607301427,0.3897335573444832,9.803944077298924,9.798661751936471,-0.6774841112065078,0.43906675023305053,0.45171428708372297,11.058171870561676,11.049020520768888,-0.8019854102154916,0.38883844387647215,0.381486831456668,9.794324136061979,9.798661751936471,-0.6774841112065078,0.44275042707546486,0.45149872108874156,11.029160636461262,11.049020520768888,-0.8019854102154916,0.3684617722452099,0.3812429865767959,9.80569275177887,9.798661751936471,-0.6774841112065078,0.4178653617834292,0.4433858419932506,10.998094681633994,11.049020520768888,-0.8019854102154916,0.3925162678727036,0.38086681659431215,9.783406930290612,9.798661751936471,-0.6774841112065078
622.4215918545331,0.4645157191150457,0.46240696000250375,11.203662433407512,11.193745175434401,-0.8202744635623216,0.438945599519266,0.39864310404188835,9.974267740508699,9.97581914256207,-0.6929446410434769,0.4630866411728516,0.4620368080098407,11.20578985206376,11.193745175434401,-0.8202744635623216,0.38483957721825746,0.3902083018157868,9.957311238205623,9.97581914256207,-0.6929446410434769,0.4355479310217162,0.4618163294775262,11.153200060450462,11.193745175434401,-0.8202744635623216,0.3736940476337906,0.3899588954903849,9.973991438818302,9.97581914256207,-0.6929446410434769,0.4860878619699636,0.4535185572013435,11.23456584998777,11.193745175434401,-0.8202744635623216,0.4104706467460217,0.3895741460518218,9.973190803940565,9.97581914256207,-0.6929446410434769
629.5142101694481,0.4706237523206184,0.47297314159564113,11.302536827637214,11.32995602387073,-0.8389787419568696,0.47571142031068386,0.40775582328218957,10.134810623246224,10.151321804018998,-0.7087566019094731,0.45293780937139627,0.472594555201866,11.319191215491363,11.32995602387073,-0.8389787419568696,0.41741207442272,0.3991286750740646,10.108848852861655,10.151321804018998,-0.7087566019094731,0.4561428080042339,0.4723690527590989,11.297101305868507,11.32995602387073,-0.8389787419568696,0.3725035220192971,0.3988735810379165,10.084367132435784,10.151321804018998,-0.7087566019094731,0.42475719325587874,0.46388219520686863,11.31983934454274,11.32995602387073,-0.8389787419568696,0.39875189740692946,0.39848005735687475,10.133095274377771,10.151321804018998,-0.7087566019094731
636.6876502862085,0.49653513838270275,0.4837800729419192,11.485079043656105,11.456529185909286,-0.8581076004303005,0.4183600382094704,0.4170763265920868,10.360908092293425,10.324470261663903,-0.7249279265840662,0.47669828520816115,0.48339286096905043,11.474690879847781,11.456529185909286,-0.8581076004303005,0.40559110400591336,0.408252466633791,10.3499941934506,10.324470261663903,-0.7249279265840662,0.47178947428882256,0.4831622207408904,11.46712951824621,11.456529185909286,-0.8581076004303005,0.42722315086455426,0.4079915557784514,10.38934761998704,10.324470261663903,-0.7249279265840662,0.4575953961367712,0.4744819916332202,11.468872935535263,11.456529185909286,-0.8581076004303005,0.42727411308065605,0.407589058682406,10.377514940960385,10.324470261663903,-0.7249279265840662
643.9428331853834,0.5080825811675606,0.4948332104095329,11.594832369901276,11.572338636508462,-0.8776706023085002,0.4471222880964512,0.4266093292883799,10.528262594872729,10.494493054737719,-0.741466724893973,0.5206088775510527,0.4944371773861227,11.588246652741873,11.572338636508462,-0.8776706023085002,0.4246174408853126,0.41758429355337856,10.518047241305071,10.494493054737719,-0.741466724893973,0.4854186893713911,0.4942012829402301,11.563477670193338,11.572338636508462,-0.8776706023085002,0.42291416467099724,0.4173174338643735,10.514516199671291,10.494493054737719,-0.741466724893973,0.467245816488614,0.48532329972903987,11.55637777286977,11.572338636508462,-0.8776706023085002,0.42570688108007587,0.4169057596975179,10.52765974694008,10.494493054737719,-0.741466724893973
651.2806903422996,0.5324997416819034,0.5061381328771797,11.701215768428405,11.676280698499378,-0.8976775237855207,0.49778551489495665,0.4363596527816588,10.66740654603411,10.660546632687172,-0.7583812876054992,0.5327931524306291,0.5057330789437477,11.694733555459706,11.676280698499378,-0.8976775237855207,0.45124288678063074,0.4271288768046835,10.67657500727924,10.660546632687172,-0.7583812876054992,0.5321863952675637,0.5054918112339901,11.700308189991441,11.676280698499378,-0.8976775237855207,0.43206406033644734,0.42685593329669325,10.665682560555734,10.660546632687172,-0.7583812876054992,0.4691008053492712,0.49641159297169496,11.633956371716678,11.676280698499378,-0.8976775237855207,0.43482031222551804,0.42643487382017226,10.67709593457751,10.660546632687172,-0.7583812876054992
658.7021638466314,0.523297624857252,0.5177005444446677,11.791686892793036,11.767301519442183,-0.9181383585968667,0.539203412186642,0.4463322269289138,10.830446136589314,10.82171734799951,-0.7756800904012593,0.5237218503265375,0.5172862652563328,11.779282529343236,11.767301519442183,-0.9181383585968667,0.4368015821200889,0.43689104357839925,10.841078069569303,10.82171734799951,-0.7756800904012593,0.5290671873288274,0.5170395025649598,11.770398955403541,11.767301519442183,-0.9181383585968667,0.44247521213994107,0.4366118782294961,10.829882342893686,10.82171734799951,-0.7756800904012593,0.49249559325557996,0.5077524677282803,11.726524502374271,11.767301519442183,-0.9181383585968667,0.4336309867151206,0.436181220519904,10.823891411604498,10.82171734799951,-0.7756800904012593
666.2082065233525,0.5317341993719648,0.5295262772013505,11.835580694974833,11.844426496832927,-0.9390633227958862,0.5485210731271579,0.4565320924386599,11.019532640019909,10.97702604490587,-0.79337179794375,0.5656260250837193,0.5291025638288853,11.896489723891298,11.844426496832927,-0.9390633227958862,0.44052628625517876,0.44687572964015143,11.038151918624905,10.97702604490587,-0.79337179794375,0.5377146119041053,0.5288501817073208,11.855148198357382,11.844426496832927,-0.9390633227958862,0.4327263216232477,0.44659020132446264,11.02392094322831,10.97702604490587,-0.79337179794375,0.48947777664117026,0.5193516459733062,11.806726906328283,11.844426496832927,-0.9390633227958862,0.4521379040818085,0.4461497276699153,11.032606581958424,10.97702604490587,-0.79337179794375
673.799782055068,0.5263683116600472,0.5416212940554461,11.883915222392016,11.906790250157606,-0.9604628596344656,0.5404547765162875,0.46696440332697653,11.12678715343215,11.125435734897994,-0.8114652680271534,0.5645252633657905,0.5411879328839015,11.924957361911165,11.906790250157606,-0.9604628596344656,0.45495608158771794,0.4570879817375827,11.138522706277445,11.125435734897994,-0.8114652680271534,0.5509540885798055,0.54092980409267,11.910108405463204,11.906790250157606,-0.9604628596344656,0.4708049660960611,0.4567959461563801,11.147161166189662,11.125435734897994,-0.8114652680271534,0.48897719656824307,0.5312149780662337,11.855981297410047,11.906790250157606,-0.9604628596344656,0.4548756149234214,0.45634543395044364,11.129857909014111,11.125435734897994,-0.8114652680271534
681.4778651057385,0.5717424450729375,0.5539916916242829,11.952528025370883,11.953665448103925,-0.9823476445496848,0.5587120884945354,0.4776344294279864,11.267449934001414,11.265862793028296,-0.8299695558198174,0.5823691253396561,0.5535484642495146,11.97348444020403,11.953665448103925,-0.9823476445496848,0.43582965298056997,0.46753296006028744,11.25349167228843,11.265862793028296,-0.8299695558198174,0.5790841516878035,0.5532844586962529,11.954638066008458,11.953665448103925,-0.9823476445496848,0.46461203511154986,0.46723426967184956,11.285912631115938,11.265862793028296,-0.8299695558198174,0.516187054317719,0.5433484455889217,11.91914880212316,11.953665448103925,-0.9823476445496848,0.46084041692789185,0.4667734913049718,11.276985886200213,11.265862793028296,-0.8299695558198174
689.243441445814,0.5685096821821872,0.5666437031875522,11.962693639784504,11.984488642785484,-1.004728590261228,0.5393866660786746,0.4885475589583576,11.36357735695083,11.397191990111974,-0.8488939181994009,0.5841491331923507,0.5661903863103782,11.992728489818852,11.984488642785484,-1.004728590261228,0.4395832446790696,0.47821594075211366,11.387566008668585,11.397191990111974,-0.8488939181994009,0.5613439804505499,0.5659203709869525,11.985083560065211,11.984488642785484,-1.004728590261228,0.48601147300296604,0.4779104446999343,11.380138384268205,11.397191990111974,-0.8488939181994009,0.5143877233416209,0.555758164244987,11.955114327920178,11.984488642785484,-1.004728590261228,0.4964982902512011,0.4774391674486364,11.39383699667175,11.397191990111974,-0.8488939181994009
697.0975080787985,0.6017466093288139,0.5795837017044831,12.000712198017359,11.998881288507683,-1.0276168519795752,0.54250833983516,0.4997093011375977,11.496280708700548,11.518295484838692,-0.8682478181826396,0.5937776089793474,0.5791200670226775,12.009345156194723,11.998881288507683,-1.0276168519795752,0.49927112962381137,0.48914231847954287,11.523616595703405,11.518295484838692,-0.8682478181826396,0.5777980993191177,0.5788439059411414,11.985128640797546,11.998881288507683,-1.0276168519795752,0.49984637412194205,0.4888298625186276,11.51571202521247,11.518295484838692,-0.8682478181826396,0.5424936716916043,0.5684503868218433,11.990754465292135,11.998881288507683,-1.0276168519795752,0.49507065008830636,0.48834784843230844,11.512768503043349,11.518295484838692,-0.8682478181826396
705.041073369247,0.595163664934628,0.5928182028970509,11.99181951199208,11.996664355086292,-1.051023832728863,0.4930979058464307,0.5111252888651957,11.596794426158839,11.62805563381593,-0.8880409294518292,0.5943599506886195,0.5923440169949122,11.99851513146386,11.996664355086292,-1.051023832728863,0.5177959265513657,0.5003176090542836,11.615802617724285,11.62805563381593,-0.8880409294518292,0.6111941720381696,0.5920615711211962,11.995342274024809,11.996664355086292,-1.051023832728863,0.5066165598377541,0.499998035476525,11.612773357791927,11.62805563381593,-0.8880409294518292,0.5386280151520996,0.5814315062171781,11.949118087101628,11.996664355086292,-1.051023832728863,0.50817288337841,0.4995050412619198,11.627235739648771,11.62805563381593,-0.8880409294518292
713.0751571722311,0.6077396506818328,0.606353868399322,11.96546170111268,11.977865376740278,-1.074961188786251,0.5133704987759373,0.5228012814564471,11.736991684626606,11.725391144871068,-0.908283140980219,0.6091312875177597,0.6058688926349843,11.974028216768076,11.977865376740278,-1.074961188786251,0.5122290511764785,0.5117474521142786,11.717258420564912,11.725391144871068,-0.908283140980219,0.5994254656382213,0.6055800198220627,11.978070419058248,11.977865376740278,-1.074961188786251,0.5037781844992324,0.5114205996716238,11.724276164942921,11.725391144871068,-0.908283140980219,0.569194827170357,0.5947080585311134,11.94274514347546,11.977865376740278,-1.074961188786251,0.514473895296383,0.5109163765743729,11.74274082615332,11.725391144871068,-0.908283140980219
721.2007909642747,0.6124584095875342,0.6201975089762964,11.929800795453168,11.942717362362753,-1.0994408352404212,0.5393364055439716,0.5347431674367257,11.797890086533819,11.809285722745408,-0.9289845617589856,0.5964964709145797,0.6197014993663164,11.910591579232303,11.942717362362753,-1.0994408352404212,0.5380803747321029,0.5234376138618425,11.825616977900102,11.809285722745408,-0.9289845617589856,0.5959212414898295,0.6194060542854158,11.928301914562388,11.942717362362753,-1.0994408352404212,0.5098459128447921,0.5231033176880369,11.806906668959199,11.809285722745408,-0.9289845617589856,0.6018363886350325,0.6082867262257455,11.921418376398371,11.942717362362753,-1.0994408352404212,0.5156573583741131,0.522587611372278,11.804581634633388,11.809285722745408,-0.9289845617589856
729.4190179757824,0.62896298091275,0.6343560878116075,11.886523748414792,11.891649656564883,-1.1244749516727481,0.5489368392245801,0.5469569673972511,11.837073246076766,11.878817974952835,-0.9501555256274963,0.61302314447281,0.6338487949131165,11.873718152424024,11.891649656564883,-1.1244749516727481,0.5441721498603486,0.5353939898617323,11.874344339349264,11.878817974952835,-0.9501555256274963,0.6236710410108123,0.6335466289837604,11.896712344112174,11.891649656564883,-1.1244749516727481,0.5158288899711287,0.5350520813924261,11.835414125145022,11.878817974952835,-0.9501555256274963,0.6166631836189221,0.622174341353043,11.870606497979843,11.891649656564883,-1.1244749516727481,0.5206686983691049,0.534524631817036,11.838748318687298,11.878817974952835,-0.9501555256274963
737.7308933249774,0.6414321254051835,0.6488367238672548,11.82158359237887,11.825271492122926,-1.1500759879618312,0.5133995470657038,0.5594488369125841,11.926980458904707,11.933191012005732,-0.9718065962083849,0.6375845367921837,0.6483178926581397,11.817440811511759,11.825271492122926,-1.1500759879618312,0.5435393253380284,0.5476226079003852,11.909548736651828,11.933191012005732,-0.9718065962083849,0.6372228723523764,0.6480088539762217,11.844448251710041,11.825271492122926,-1.1500759879618312,0.531884425576763,0.5472729147914575,11.913419979646203,11.933191012005732,-0.9718065962083849,0.641242392724083,0.6363778888530701,11.82242120998016,11.825271492122926,-1.1500759879618312,0.5461643756120451,0.5467334560841134,11.910499594645128,11.933191012005732,-0.9718065962083849
746.1374841533653,0.6601889046726196,0.6636466953167477,11.731901559080907,11.74434952466449,-1.1762566702161443,0.562997890263069,0.5722250695214766,11.933059124881234,11.971759948531968,-0.9939485719526396,0.6547326041699801,0.6631160650721774,11.717008301519481,11.74434952466449,-1.1762566702161443,0.5585118728911799,0.560129630905982,11.924780388463033,11.971759948531968,-0.9939485719526396,0.6432739748416231,0.6627999983367806,11.73521581230625,11.74434952466449,-1.1762566702161443,0.5850326198815594,0.5597719769499868,11.928171017446708,11.971759948531968,-0.9939485719526396,0.650812192624468,0.6509045099238746,11.729364562040487,11.74434952466449,-1.1762566702161443,0.5443778150887542,0.5592202372785787,11.923171233865967,11.971759948531968,-0.9939485719526396
754.6398697627445,0.6727416729487178,0.6787934430519905,11.613305348920186,11.649781021637068,-1.2030300068362205,0.5604740850742591,0.5852920997724037,11.988997120696792,11.99405544560433,-1.016592491293794,0.6882084584987613,0.6782507472190141,11.640082885975168,11.649781021637068,-1.2030300068362205,0.5707189382293966,0.5729213599336628,12.012440006866905,11.99405544560433,-1.016592491293794,0.6511264819408068,0.6779274936578754,11.614428484263678,11.649781021637068,-1.2030300068362205,0.5498621459743909,0.5725555649745031,11.947391556453962,11.99405544560433,-1.016592491293794,0.6269573945913102,0.6657615054646232,11.580540262709299,11.649781021637068,-1.2030300068362205,0.5679420390854264,0.5719912664152956,11.978310420132546,11.99405544560433,-1.016592491293794
763.2391417537704,0.6648295301173043,0.6942845742674574,11.501963575894994,11.542564554540718,-1.230409294709266,0.6231876396911631,0.5986565063353364,11.99028174963032,11.999801566799189,-1.0397496379159636,0.6981651994840832,0.6937295403366459,11.517439966310434,11.542564554540718,-1.230409294709266,0.5928162123114448,0.5860042372139622,12.024161523259878,11.999801566799189,-1.0397496379159636,0.6737517794690521,0.693398937629286,11.511092128451706,11.542564554540718,-1.230409294709266,0.5460353712520813,0.5856301170597654,11.952052556219584,11.999801566799189,-1.0397496379159636,0.634728405475894,0.6809563395938301,11.49557654510562,11.542564554540718,-1.230409294709266,0.5968669495183749,0.5850529754630512,12.001868118299633,11.999801566799189,-1.0397496379159636
771.9364041661066,0.6983429437491487,0.7101278661213611,11.392402278058864,11.423770017096617,-1.258408125538214,0.6514471870388345,0.6123250151812413,11.990191362652537,11.988926559865792,-1.0634315461359414,0.7036585230387271,0.7095602154957492,11.401730709490945,11.423770017096617,-1.258408125538214,0.6048831340219313,0.5993848492686993,12.004257972367064,11.988926559865792,-1.0634315461359414,0.6952241433009386,0.7092220976957542,11.408261645804751,11.423770017096617,-1.258408125538214,0.5544936452008251,0.5990022156027267,11.951236138934961,11.988926559865792,-1.0634315461359414,0.7029537620101362,0.6964966432435238,11.420790900977046,11.423770017096617,-1.258408125538214,0.6333559202637082,0.5984119404554834,12.002825398282452,11.988926559865792,-1.0634315461359414
780.7327736201693,0.716505840391019,0.7263312694777291,11.255327813731665,11.294509594764692,-1.2870403923104017,0.6611884970425834,0.6263045028302884,11.943511332209333,11.961565694747227,-1.0876500064065373,0.7278079857786228,0.72575071733869,11.288587791789903,11.294509594764692,-1.2870403923104017,0.6074547624760588,0.6130699300934074,11.959378529147907,11.961565694747227,-1.0876500064065373,0.7139948907996575,0.725404914793595,11.293520911030685,11.294509594764692,-1.2870403923104017,0.580487391384116,0.612678590383356,11.916948828582834,11.961565694747227,-1.0876500064065373,0.7041664579614281,0.7123902178326389,11.279001555584859,11.294509594764692,-1.2870403923104017,0.6228166921629508,0.612074884668771,11.95087324744966,11.961565694747227,-1.0876500064065373
789.6293794604869,0.7305830467128199,0.7429029127290515,11.125155165251364,11.15591099489773,-1.3163202959050693,0.6822078845328019,0.6406019996711109,11.917196444199403,11.918055925351322,-1.1124170709361711,0.7330322151532294,0.7423091678994215,11.168622655126198,11.15591099489773,-1.3163202959050693,0.6043824949492106,0.627066364410178,11.924448721404087,11.918055925351322,-1.1124170709361711,0.7419388421765446,0.7419555071692885,11.158226790778269,11.15591099489773,-1.3163202959050693,0.6188370278055366,0.626666121814704,11.900066020983388,11.918055925351322,-1.1124170709361711,0.7144102164253233,0.728645039019516,11.13061008723141,11.15591099489773,-1.3163202959050693,0.6621267988810806,0.6260486818690034,11.924518759696904,11.918055925351322,-1.1124170709361711
798.6273639006948,0.7421194476656051,0.7598511057026571,10.966013355591077,11.00909387101087,-1.346262351843874,0.6611271426588854,0.6552246933516648,11.792224843968665,11.858922811287114,-1.1377450594360832,0.7657054460984078,0.7592438705068707,11.018736329099461,11.00909387101087,-1.346262351843874,0.6539022528280175,0.6413811909900585,11.818911589167614,11.858922811287114,-1.1377450594360832,0.7681375270955079,0.7588821742809189,11.01199643186148,11.00909387101087,-1.346262351843874,0.655139964053955,0.6409718442643064,11.833333150705013,11.858922811287114,-1.1377450594360832,0.731979481066871,0.7452692605366871,11.002847270306507,11.00909387101087,-1.346262351843874,0.6422010720819737,0.6403403596299668,11.810250418165896,11.858922811287114,-1.1377450594360832
807.7278821701804,0.7719251693968768,0.7771843436523902,10.850009483767476,10.855149993535747,-1.376881397188643,0.6836844306418872,0.6701799322446184,11.77596901443358,11.784860744503387,-1.1636465649899312,0.7752633153548143,0.7765633137735272,10.866938637900528,10.855149993535747,-1.376881397188643,0.6503386255538118,0.656021606048508,11.770409784755419,11.784860744503387,-1.1636465649899312,0.7911398500463295,0.776193400785139,10.880180059883303,10.855149993535747,-1.376881397188643,0.659595218854717,0.6556029494467321,11.783681383912375,11.784860744503387,-1.1636465649899312,0.7314518811535041,0.7622712181090521,10.820578345270896,10.855149993535747,-1.376881397188643,0.6469825715735307,0.6549571027229382,11.782700974207025,11.784860744503387,-1.1636465649899312
816.9321026624007,0.7781815807809312,0.7949113113374239,10.675081126405779,10.695127374995897,-1.4081925975850573,0.6760513138739708,0.6854752289874068,11.717762678429292,11.696707994500041,-1.1901344600545167,0.7860560797769012,0.7942761756711032,10.696715694828088,10.695127374995897,-1.4081925975850573,0.6636572803005664,0.6709949667139868,11.704660973246792,11.696707994500041,-1.1901344600545167,0.8084593418118738,0.7938978606104439,10.698017482519047,10.695127374995897,-1.4081925975850573,0.6641358498612462,0.6705667898907026,11.680802172781627,11.696707994500041,-1.1901344600545167,0.7554026122119971,0.7796594334578286,10.666555186720405,10.695127374995897,-1.4081925975850573,0.6418254865338624,0.6699062565802416,11.691393587475895,11.696707994500041,-1.1901344600545167
826.2412070848893,0.808141305583096,0.8130408871897005,10.511745855182495,10.530018276141753,-1.4402114544579738,0.6965938641154648,0.7011182640995344,11.588336504374999,11.595418362599526,-1.2172219025897344,0.801739033970658,0.8123913276949049,10.538637666271525,10.530018276141753,-1.4402114544579738,0.6959448488725329,0.6863087945728495,11.591535245858184,11.595418362599526,-1.2172219025897344,0.8134368154798891,0.8120044211203621,10.528707325963929,10.530018276141753,-1.4402114544579738,0.705386655349157,0.6858708824812036,11.600189565152291,11.595418362599526,-1.2172219025897344,0.8048198549232047,0.7974426183915813,10.534860691867422,10.530018276141753,-1.4402114544579738,0.6373567680860108,0.6851953308344084,11.566929011161884,11.595418362599526,-1.2172219025897344
835.6563906109734,0.8374334672345544,0.8315821475732715,10.349464428383445,10.36075081244414,-1.47295381235869,0.69769659635067,0.7171168896787861,11.413655037933623,11.482031304511708,-1.2449223423237403,0.8170494193297124,0.8309178391196306,10.344284437014911,10.36075081244414,-1.47295381235869,0.6972396229902448,0.7019707792904374,11.444510197836093,11.482031304511708,-1.2449223423237403,0.8357841518633363,0.8305221473669312,10.336893819173019,10.36075081244414,-1.47295381235869,0.6964780395168244,0.7015229120788826,11.440776789297894,11.482031304511708,-1.2449223423237403,0.8005810502656651,0.8156296789864843,10.364838561519068,10.36075081244414,-1.47295381235869,0.6770665400588114,0.7008320029337732,11.432367670860407,11.482031304511708,-1.2449223423237403
845.1788620332188,0.875116518973169,0.8505443711360481,10.215241131197107,10.188183746693912,-1.5064358664677453,0.7359372612951571,0.7334791331779867,11.335929030347243,11.357642259388449,-1.2732495271539814,0.8327032571470394,0.8498649813480179,10.187216966051317,10.188183746693912,-1.5064358664677453,0.7119127282339094,0.7179887823119755,11.296007616146962,11.357642259388449,-1.2732495271539814,0.8529680975870572,0.8494603064371489,10.186984077198948,10.188183746693912,-1.5064358664677453,0.7376608445940906,0.7175307352183936,11.328858101497653,11.357642259388449,-1.2732495271539814,0.8153775077261173,0.8342297198587467,10.169696136839278,10.188183746693912,-1.5064358664677453,0.7531026152702487,0.7168241218374392,11.359271274658722,11.357642259388449,-1.2732495271539814
854.8098439186238,0.8831471546395399,0.8699370432569975,10.016250298858669,10.0131039844109,-1.5406741702522178,0.7638276466839795,0.7502132012639275,11.216947237352654,11.223374657128229,-1.3022175096883981,0.8657720484609144,0.8692422323548505,10.01662984463433,10.0131039844109,-1.5406741702522178,0.7100236848174583,0.734370840643104,11.243254480769373,11.223374657128229,-1.3022175096883981,0.8661790923719773,0.8688283718953898,10.002694428559623,10.0131039844109,-1.5406741702522178,0.7304157797851722,0.7339023838869327,11.25579717322223,11.223374657128229,-1.3022175096883981,0.8339231665636063,0.8532520485295035,10.007014076992938,10.0131039844109,-1.5406741702522178,0.7290085735238487,0.733179711790518,11.246712186017934,11.223374657128229,-1.3022175096883981
864.5505727655817,0.8976113388565569,0.8897698605913824,9.848759820542995,9.836226271098102,-1.5756856432831952,0.7267742589683917,0.7673274837603122,11.081379138230796,11.080354721204218,-1.3318406539261542,0.8746088261456137,0.8890592812280856,9.844195759770113,9.836226271098102,-1.5756856432831952,0.749695755893465,0.7511251707136785,11.13666020114336,11.080354721204218,-1.3318406539261542,0.8866423193055456,0.8886360283220915,9.823555700432166,9.836226271098102,-1.5756856432831952,0.7541774862334982,0.7506460693851857,11.096995041505142,11.080354721204218,-1.3318406539261542,0.8599645856660668,0.8727061798859024,9.83459079300443,9.836226271098102,-1.5756856432831952,0.7638649656990579,0.7499069761812238,11.096399010003722,11.080354721204218,-1.3318406539261542
874.4022991626323,0.9407607730271955,0.9100527357143773,9.672358587153495,9.658194610139537,-1.6114875792115453,0.6984356209199405,0.7848305576769887,10.891507270992925,10.92968979945968,-1.3621336420857713,0.9043406545825665,0.909326032809457,9.657653139032934,9.658194610139537,-1.6114875792115453,0.8049027881793877,0.7682601723253814,10.941194529618382,10.92968979945968,-1.3621336420857713,0.9058617210364729,0.90889317595265,9.659507515038035,9.658194610139537,-1.6114875792115453,0.7915398604147406,0.767770186273234,10.903940155833894,10.92968979945968,-1.3621336420857713,0.8772313377981081,0.8926018407397771,9.633909606485563,9.658194610139537,-1.6114875792115453,0.7607426056410449,0.7670143014827295,10.858120654436734,10.92968979945968,-1.3621336420857713
884.3662879490211,0.9472639834031437,0.9307958018678418,9.481119715011012,9.479584963991632,-1.6480976539029766,0.6984844972392203,0.802731191327324,10.722999868274306,10.772450589202956,-1.3931114815775345,0.928884383963074,0.9300526124372915,9.475256589896926,9.479584963991632,-1.6480976539029766,0.8166705469626078,0.7857844326856107,10.805391391512233,10.772450589202956,-1.3931114815775345,0.9321381665639467,0.9296099354174892,9.452307056272554,9.479584963991632,-1.6480976539029766,0.7923321776745773,0.7852833164010915,10.720416731117545,10.772450589202956,-1.3931114815775345,0.8810893684640536,0.9129489744859582,9.40850128936767,9.479584963991632,-1.6480976539029766,0.801821032965472,0.7845102612807743,10.730401882555805,10.772450589202956,-1.3931114815775345
894.4438183770893,0.9493449605598808,0.9520094178101319,9.28759869685286,9.300908858315154,-1.6855339337358304,0.7262036229511974,0.8210383485349337,10.614506269791855,10.60965730894052,-1.424789512126822,0.9795493262044908,0.9512493707927225,9.303350137624934,9.300908858315154,-1.6855339337358304,0.8292238511020952,0.8037067305293057,10.577836426500303,10.60965730894052,-1.424789512126822,0.9467664845107463,0.9507966525865258,9.29696433973303,9.300908858315154,-1.6855339337358304,0.8037189126518776,0.803194233028809,10.586598611978498,10.60965730894052,-1.424789512126822,0.9318753619914769,0.9337577458633973,9.274362958093949,9.300908858315154,-1.6855339337358304,0.7826574011791858,0.8024036203892514,10.59655443523524,10.60965730894052,-1.424789512126822
904.6361842765143,0.9639138637183823,0.9737041727733204,9.099757403189741,9.122617570632727,-1.723814884058128,0.7944116746766323,0.8397611929331779,10.395500182393986,10.442269625893946,-1.4571834130479613,0.979266942921645,0.9729268888531224,9.142328904957369,9.122617570632727,-1.723814884058128,0.8364449314646557,0.8220360403310552,10.396415183082917,10.442269625893946,-1.4571834130479613,0.9615228963722141,0.9724639035201154,9.120269870472578,9.122617570632727,-1.723814884058128,0.8264708835859746,0.8215119050355977,10.41176905924348,10.442269625893946,-1.4571834130479613,0.9570361165383957,0.955038545819672,9.13791256644559,9.122617570632727,-1.723814884058128,0.8030646882018835,0.8207033390550864,10.423014875864565,10.442269625893946,-1.4571834130479613
914.9446942204207,0.9848559234717061,0.9958908915285507,8.916140582149033,8.945106645829497,-1.762959377804919,0.812091558148299,0.8589090923576719,10.278254405731012,10.271179980325973,-1.49030921067185,1.0199740197245089,0.9950959829534787,8.975336983722276,8.945106645829497,-1.762959377804919,0.8715251424712428,0.840781536609172,10.27805315064219,10.271179980325973,-1.49030921067185,0.9827447016031402,0.9946224995283005,8.980502496964638,8.945106645829497,-1.762959377804919,0.8145801516299329,0.8402455012214648,10.256942350475349,10.271179980325973,-1.49030921067185,0.9780967690401215,0.976801996483816,8.943078944075822,8.945106645829497,-1.762959377804919,0.8144146413672213,0.8394185772565488,10.290985201268244,10.271179980325973,-1.49030921067185
925.3706716933845,1.0112376732051573,1.0185806395635193,8.76844043191443,8.768720536938035,-1.802986704275325,0.8258302015857766,0.8784916233363999,10.06023591876406,10.097209849132652,-1.5241832859299493,1.0106524218949418,1.0177677099599034,8.790379487694283,8.768720536938035,-1.802986704275325,0.872082558811745,0.859952598323903,10.081595574264636,10.097209849132652,-1.5241832859299493,1.0178721110464348,1.0172834923414795,8.797327690565956,8.768720536938035,-1.802986704275325,0.8467783470823989,0.8594043947023493,10.072657330496545,10.097209849132652,-1.5241832859299493,0.9916431800103233,0.9990589562469114,8.73055411402984,8.768720536938035,-1.802986704275325,0.8447344941137884,0.8585586990940202,10.070154658107393,10.097209849132652,-1.5241832859299493
935.9154552613551,1.0299850768411205,1.0417847283729549,8.557911977660183,8.593757218856744,-1.8439165780654392,0.9091522363524558,0.8985185756767358,9.883474389609807,9.921108450670953,-1.55882238209422,1.0358968242975906,1.0409533725558937,8.573798391908433,8.593757218856744,-1.8439165780654392,0.8948733340258838,0.8795588133718018,9.980388794724142,9.921108450670953,-1.55882238209422,1.0596218684215426,1.0404581793950736,8.575071312523066,8.593757218856744,-1.8439165780654392,0.8674880243209984,0.8789981674024065,9.888035831778286,9.921108450670953,-1.55882238209422,1.0289331522269978,1.0218205249554326,8.572282056929584,8.593757218856744,-1.8439165780654392,0.8585925772441416,0.8781332772775317,9.89045108275603,9.921108450670953,-1.55882238209422
946.5803987435057,1.0594472789848912,1.0655147208661817,8.42052839288218,8.42047266449708,-1.885769148156463,0.902395886272138,0.9189999571540436,9.685721277314373,9.743553396406224,-1.594243612677451,1.0634080203132374,1.0646645246460733,8.419716146051558,8.42047266449708,-1.885769148156463,0.895082383064051,0.8996099831793867,9.749808737062935,9.743553396406224,-1.594243612677451,1.0808942406059199,1.0641581092296633,8.445252380887307,8.42047266449708,-1.885769148156463,0.8946063621764413,0.8990366146441776,9.729091175551067,9.743553396406224,-1.594243612677451,1.0397338427842053,1.0450980492182278,8.410407973381027,8.42047266449708,-1.885769148156463,0.8812675792524884,0.8981520977131354,9.707609260372898,9.743553396406224,-1.594243612677451
957.3668713860501,1.0924200718950883,1.0897824368931297,8.243325791463379,8.2490851070432,-1.9285650071513074,0.951860722290925,0.9399459983023934,9.565778493255038,9.565152828740635,-1.6304644694908954,1.0992746384386376,1.0889129768777452,8.260878961386968,8.2490851070432,-1.9285650071513074,0.9274417416070201,0.9201161273960661,9.56125011785661,9.565152828740635,-1.6304644694908954,1.1130441776305986,1.0883950870109669,8.266427892701262,8.2490851070432,-1.9285650071513074,0.8970271546195026,0.9195297498389445,9.574087956843645,9.565152828740635,-1.6304644694908954,1.062847321554946,1.0689031278304677,8.2323264335996,8.2490851070432,-1.9285650071513074,0.9446646903914178,0.9186251641887875,9.595849204792582,9.565152828740635,-1.6304644694908954
968.2762580380361,1.1158804878527957,1.1145999588921074,8.087233509785623,8.079779039364896,-1.9723252006569307,0.9769433514289514,0.9613671573112486,9.342535553374981,9.386448636326802,-1.6675028308660413,1.1239517601494537,1.1137108022841737,8.102413670340937,8.079779039364896,-1.9723252006569307,0.9197729965267268,0.9410874886911642,9.4031545118006,9.386448636326802,-1.6675028308660413,1.1410970253336874,1.1131811801701395,8.126772286356948,8.079779039364896,-1.9723252006569307,0.9252906327278207,0.9404878092810925,9.352499871678349,9.386448636326802,-1.6675028308660413,1.0710487404180251,1.0932476173168033,8.054715244062695,8.079779039364896,-1.9723252006569307,0.9392840248320229,0.9395627031637019,9.35518317937929,9.386448636326802,-1.6675028308660413
979.3099593291428,1.1234377219954763,1.1399796376618432,7.885860629380358,7.912708922870733,-2.0170712368048944,1.024983327046731,0.9832741250291599,9.205118665980487,9.207920398639825,-1.7053769700331278,1.1652343956168896,1.1390703420522383,7.924750898097287,7.912708922870733,-2.0170712368048944,0.9428692929231247,0.9625345376563826,9.210415048425507,9.207920398639825,-1.7053769700331278,1.1551782399041581,1.1385287241688606,7.903095259905664,7.912708922870733,-2.0170712368048944,0.9591125464243095,0.9619212570467777,9.210640553946238,9.207920398639825,-1.7053769700331278,1.178006985421295,1.1181436375964142,7.953640585843741,7.912708922870733,-2.0170712368048944,0.943997179091594,0.9609751686629151,9.173305198824687,9.207920398639825,-1.7053769700331278
990.4693918495043,1.1810437017740125,1.1659340982599993,7.748890199474414,7.748002594039484,-2.062825095900446,1.0372493634964137,1.0056778300772173,9.062484682516033,9.029989773413137,-1.7441055636636493,1.1879283758679684,1.1650042114167989,7.7539388712408925,7.748002594039484,-2.062825095900446,0.9556616913495873,0.9844679778144406,9.042059300891626,9.029989773413137,-1.7441055636636493,1.1729893617436264,1.1644503283906738,7.763537200781805,7.748002594039484,-2.062825095900446,1.012201076798842,0.9838407900005428,9.086521115324079,9.029989773413137,-1.7441055636636493,1.171152557354571,1.143603577772546,7.783782637104394,7.748002594039484,-2.062825095900446,0.9672029810132794,0.982873247278821,9.056357201871437,9.029989773413137,-1.7441055636636493
1001.7559883315811,1.2156019151092043,1.1924762460316516,7.6017366250868905,7.585764368682973,-2.1096092401923614,1.0228560931295185,1.0285894440755978,8.876513911958579,8.853025099300408,-1.7837077005703306,1.222076230561066,1.1915253056840616,7.611950098911805,7.585764368682973,-2.1096092401923614,0.9934140885756165,1.0068987507399791,8.831791364059029,8.853025099300408,-1.7837077005703306,1.2032341390739791,1.1909588821621204,7.612010147345957,7.585764368682973,-2.1096092401923614,1.0390894345633672,1.0062573429117374,8.914743361443445,8.853025099300408,-1.7837077005703306,1.2033805627021812,1.1696401020496627,7.597676204439295,7.585764368682973,-2.1096092401923614,0.9785719818106915,1.0052678632829983,8.826734249261582,8.853025099300408,-1.7837077005703306
1013.1711978341091,1.2152155353905951,1.2196192727699664,7.456558606702619,7.426077852190806,-2.157446623751015,0.9518660603083469,1.0520203869844102,8.688951019707746,8.677346038738795,-1.8242028905654009,1.244870805649721,1.218646806387397,7.442512878076851,7.426077852190806,-2.157446623751015,0.9999151227841033,1.0298380412906947,8.6267638865288,8.677346038738795,-1.8242028905654009,1.19356100721774,1.2180675609056082,7.447966550364933,7.426077852190806,-2.157446623751015,1.0833936842675058,1.0291820936840135,8.73716437629099,8.677346038738795,-1.8242028905654009,1.2633926031173497,1.1962661557799574,7.482805141083575,7.426077852190806,-2.157446623751015,1.017375414434738,1.028170183850424,8.675134614941921,8.677346038738795,-1.8242028905654009
1024.716485928135,1.2475328031229922,1.2473766630113166,7.294867662699585,7.2690084696794575,-2.206360702436576,0.9586568116609098,1.0759823325624245,8.473968614810763,8.503228131422047,-1.8656110734759048,1.2455536244722734,1.2463821875784862,7.259633938966626,7.2690084696794575,-2.206360702436576,1.0561745611682989,1.0532972829556166,8.474750558184773,8.503228131422047,-1.8656110734759048,1.2300642210416282,1.2457898324270864,7.297241278969709,7.2690084696794575,-2.206360702436576,1.0961468884356282,1.0526264686990747,8.518496840124968,8.503228131422047,-1.8656110734759048,1.2633656072249482,1.2234949716427903,7.285912487955888,7.2690084696794575,-2.206360702436576,1.0552456784029984,1.0515916243982828,8.448650263540058,8.503228131422047,-1.8656110734759048
1036.3933348851806,1.277762156503457,1.2757622004691322,7.1090623046055486,7.11460573337952,-2.2563754439449455,1.0152351580212742,1.1004872139453266,8.293180343096376,8.33090716663054,-1.9079526283086512,1.2631455463408987,1.2747452222550792,7.088988362546772,7.11460573337952,-2.2563754439449455,1.0864693420555502,1.077288163319654,8.311829025549029,8.33090716663054,-1.9079526283086512,1.2628152578550793,1.2741394633417276,7.11584621106673,7.11460573337952,-2.2563754439449455,1.1365972843539538,1.0766021482781494,8.294852082623247,8.33090716663054,-1.9079526283086512,1.2561655586961786,1.2513400759596363,7.102152504466264,7.11460573337952,-2.2563754439449455,1.078738634828459,1.0755438540426312,8.236869965138943,8.33090716663054,-1.9079526283086512
1048.2032438675485,1.3049661233797534,1.3047899746065161,6.944511680513114,6.962905266563978,-2.3075153379075473,1.1819107520650054,1.1255472293476962,8.175161964274716,8.160583313138863,-1.9512483825642861,1.305397319850946,1.3037499889296296,6.929962365372576,6.962905266563978,-2.3075153379075473,1.110128607333972,1.1018226296488323,8.184296569046163,8.160583313138863,-1.9512483825642861,1.3015051702250933,1.303130525638946,6.969253759928819,6.962905266563978,-2.3075153379075473,1.162652207703747,1.101121072264279,8.18219585826948,8.160583313138863,-1.9512483825642861,1.2968950339720247,1.279815295146921,6.9688969996198376,6.962905266563978,-2.3075153379075473,1.090260488873287,1.1000388011744737,8.131103230445245,8.160583313138863,-1.9512483825642861
1060.1477291207946,1.3231236850232428,1.334474387353373,6.821554638799667,6.813930604122288,-2.359805406019385,1.1872986797623828,1.15117484788909,8.010127201840143,7.992424969544175,-1.995519621691745,1.3237487445488771,1.3334108783406546,6.7738195385101605,6.813930604122288,-2.359805406019385,1.1284132021921964,1.1269128945982323,8.033681302800296,7.992424969544175,-1.995519621691745,1.3313747463528252,1.3327774033912052,6.813758670659894,6.813930604122288,-2.359805406019385,1.1698336372309281,1.1261954457261498,8.03419463437138,7.992424969544175,-1.995519621691745,1.353505969618061,1.3089347623090823,6.812469763293707,6.813930604122288,-2.359805406019385,1.0951007986893049,1.1250886591591478,7.987186019457651,7.992424969544175,-1.995519621691745
1072.2283241683956,1.3476353712231792,1.3648301599683195,6.671794681397274,6.667694789783928,-2.4132712121713147,1.1751394227110403,1.1773828155488806,7.799551603360339,7.82657231620415,-2.040788098677908,1.3291904334813165,1.3637426003096356,6.642413150763932,6.667694789783928,-2.4132712121713147,1.1725194693746337,1.1525714420454465,7.808056077036166,7.82657231620415,-2.040788098677908,1.375656890577421,1.363094799607309,6.669055661595937,6.667694789783928,-2.4132712121713147,1.1666043574178442,1.15183774478829,7.799910193356285,7.82657231620415,-2.040788098677908,1.346646848412924,1.3387129239758138,6.667359710245651,6.667694789783928,-2.4132712121713147,1.1564172529159502,1.1507058921605664,7.798389761116194,7.82657231620415,-2.040788098677908
1084.4465800086346,1.395039910423368,1.3958723400488913,6.520865322418827,6.524201789454361,-2.467938872548266,1.1871544388605149,1.2041841612516746,7.6545504285624215,7.6631405636446095,-2.087076043760548,1.387518181259215,1.3947601907458875,6.515915119388406,6.524201789454361,-2.467938872548266,1.1904065656462217,1.1788110330524129,7.66020878765395,7.6631405636446095,-2.087076043760548,1.4056191666389477,1.3940977432346024,6.523959515946656,6.524201789454361,-2.467938872548266,1.184192157524162,1.1780607225892887,7.671916086526024,7.6631405636446095,-2.087076043760548,1.3642499390329201,1.369164546984696,6.516318671096372,6.524201789454361,-2.467938872548266,1.195515144724323,1.1769032410935727,7.688783753480196,7.6631405636446095,-2.087076043760548
1096.8040653137298,1.4194270887347131,1.427616308691935,6.401352016045158,6.383447739127893,-2.523835065658548,1.1538382608015116,1.2315922030862554,7.503636525502083,7.502222902152274,-2.134406174256272,1.428118462527679,1.426479018801883,6.399711210013459,6.383447739127893,-2.523835065658548,1.223038039868963,1.205644711957922,7.522244698377598,7.502222902152274,-2.134406174256272,1.4555206036996147,1.4258015963105204,6.40212584847608,6.383447739127893,-2.523835065658548,1.200205342523077,1.2048774153700128,7.54558615395604,7.502222902152274,-2.134406174256272,1.402337243287928,1.400304725512733,6.362358970912777,6.383447739127893,-2.523835065658548,1.1930017181960078,1.2036937297068642,7.559565886096735,7.502222902152274,-2.134406174256272
1109.3023666312324,1.4459504086773163,1.4600777878073963,6.2629517720472885,6.245422044628937,-2.580987042244845,1.235879600583231,1.2596205546601107,7.398450417281916,7.343893164063179,-2.182801704487254,1.462187204158025,1.4589147941813305,6.261249488588039,6.245422044628937,-2.580987042244845,1.2441506669297313,1.233085812603198,7.39349015512175,7.343893164063179,-2.182801704487254,1.4811470795740966,1.458222061267945,6.279762441720118,6.245422044628937,-2.580987042244845,1.2435312305908823,1.2323011486963806,7.38007850661534,7.343893164063179,-2.182801704487254,1.426852590565636,1.4321488882579534,6.234848674718891,6.245422044628937,-2.580987042244845,1.2040134520617154,1.231090670799381,7.386006355426272,7.343893164063179,-2.182801704487254
1121.9430885877196,1.4898939348671711,1.4932728475871302,6.116353139440807,6.1101083491653085,-2.6394226350297694,1.207993641111574,1.2882831315937087,7.192259314303181,7.188208214655562,-2.232286355792935,1.495450815232496,1.4920835746021028,6.138502556384815,6.1101083491653085,-2.6394226350297694,1.269142560775621,1.2611479646949855,7.199796810771492,7.188208214655562,-2.232286355792935,1.5137459454738131,1.49137518839487,6.156723956097011,6.1101083491653085,-2.6394226350297694,1.2641117597189702,1.2603455438174427,7.221703539441145,7.188208214655562,-2.232286355792935,1.4894873241666657,1.4647128057749113,6.1173546227167686,6.1101083491653085,-2.6394226350297694,1.2568006252493436,1.259107672572919,7.234009085020594,7.188208214655562,-2.232286355792935
1134.7278540948093,1.5365485234171516,1.5272179141297315,5.971478004263189,5.977485383257748,-2.6991702682319567,1.2378669105584035,1.3175941581553872,7.0277521100647515,7.03521009017273,-2.282884366606411,1.5450119465085532,1.5260017734162798,5.988942180748758,5.977485383257748,-2.6991702682319567,1.2919150286294654,1.2898451003062448,7.062770364074151,7.03521009017273,-2.282884366606411,1.5443011306913839,1.5252773834504485,6.0383968051110735,5.977485383257748,-2.6991702682319567,1.3189866608817127,1.2890245241630294,7.020194215189789,7.03521009017273,-2.282884366606411,1.5235375411115444,1.4980125979655492,6.005576913079744,5.977485383257748,-2.6991702682319567,1.3047107218659675,1.2877586451231702,7.047020070698084,7.03521009017273,-2.282884366606411
1147.658304557521,1.552196612672518,1.5619297772257024,5.84948904305189,5.847527710350912,-2.760258966783881,1.2311070761760388,1.3475681740407564,6.875205799418309,6.884927902846575,-2.33462050257182,1.5607381484576888,1.560686167388692,5.839913753079513,5.847527710350912,-2.760258966783881,1.3626682778896724,1.319191460519429,6.907217793604801,6.884927902846575,-2.33462050257182,1.5820328542973314,1.5599454154410608,5.849141542105727,5.847527710350912,-2.760258966783881,1.3264380949754297,1.3183523219823239,6.87832733118995,6.884927902846575,-2.33462050257182,1.5601194307109216,1.5320647417265265,5.8795379795725315,5.847527710350912,-2.760258966783881,1.3424670032536485,1.317057807072379,6.86869671804447,6.884927902846575,-2.33462050257182
1160.7361000850121,1.588504624610302,1.597425598300965,5.744612756670375,5.7202063800332725,-2.8227183651729852,1.2919982476388185,1.3782200412989978,6.766663705965787,6.73737953301739,-2.3875200666800946,1.6095465874590282,1.5961539046357203,5.7372212579638955,5.7202063800332725,-2.8227183651729852,1.3747766676839062,1.3492016022136302,6.746747448955293,6.73737953301739,-2.3875200666800946,1.6038941758543057,1.59539642455492,5.712871810352157,5.7202063800332725,-2.8227183651729852,1.3320306890647693,1.3483434851272593,6.743197251136293,6.73737953301739,-2.3875200666800946,1.5961582843920576,1.5668860787562249,5.74036935827817,5.7202063800332725,-2.8227183651729852,1.381369105167241,1.3470196923461277,6.779841651938574,6.73737953301739,-2.3875200666800946
1173.9629197037154,1.6234121997941764,1.6337229185229043,5.593144784851934,5.595489499619682,-2.8865787158126146,1.2370727403792128,1.4095649514074826,6.519398039049788,6.592573128158956,-2.441608909386277,1.6480811551069963,1.6324225127252103,5.586740318813021,5.595489499619682,-2.8865787158126146,1.4303682054051778,1.3798904049983833,6.581957521169535,6.592573128158956,-2.441608909386277,1.6627741290745224,1.6316479302589793,5.59884989174944,5.595489499619682,-2.8865787158126146,1.3514283289096447,1.379012883982057,6.533570028517974,6.592573128158956,-2.441608909386277,1.6110831275577875,1.60249382352163,5.585413289989067,5.595489499619682,-2.8865787158126146,1.4018552713696582,1.3776591570966958,6.58795404228197,6.592573128158956,-2.441608909386277
1187.3404615729053,1.6447006925733985,1.6708396670686927,5.453548470041565,5.473342733729121,-2.9518708968375096,1.2907082338162763,1.4416184324994483,6.375509378139133,6.450508427774873,-2.4969134386774026,1.6891147068442447,1.6695099069384687,5.452527726209254,5.473342733729121,-2.9518708968375096,1.4481256803339493,1.411273078297334,6.421772988713499,6.450508427774873,-2.4969134386774026,1.6807776572188864,1.6687178395576443,5.473419076211739,5.473342733729121,-2.9518708968375096,1.392228906173651,1.4103757185425094,6.378930774351063,6.450508427774873,-2.4969134386774026,1.6895741673432172,1.638905571387462,5.489460909379567,5.473342733729121,-2.9518708968375096,1.4230076763750659,1.4089913867757002,6.4329453118896165,6.450508427774873,-2.4969134386774026
1200.8704432027198,1.7127300406697104,1.708794169554623,5.3576991936906255,5.353729740371202,-3.0186264192020595,1.437710275433662,1.4743963567437448,6.270633403221922,6.311177932020269,-2.553460630046534,1.7497951977443347,1.7074343986947904,5.364583262176424,5.353729740371202,-3.0186264192020595,1.4619587999395973,1.4433651685829862,6.2394789479020485,6.311177932020269,-2.553460630046534,1.7212672909919515,1.7066244554134238,5.334468715961124,5.353729740371202,-3.0186264192020595,1.4107266226339803,1.4424475256467328,6.245630251610154,6.311177932020269,-2.553460630046534,1.738620492673553,1.6761393069059591,5.390679296321259,5.353729740371202,-3.0186264192020595,1.4756956463353208,1.4410319033577568,6.32423516344452,6.311177932020269,-2.553460630046534
1214.5546016746684,1.7298046040252406,1.7476051566287965,5.235786660034383,5.23661255119004,-3.0868774329457223,1.506900374631811,1.5079149478817513,6.170221098569538,6.174567930640733,-2.611278036325064,1.766962143222034,1.7462147041378113,5.264650000820939,5.23661255119004,-3.0868774329457223,1.4892996656623518,1.4761825667655226,6.159979463499376,6.174567930640733,-2.611278036325064,1.7685018483251103,1.7453864853302172,5.250161023273344,5.23661255119004,-3.0868774329457223,1.4435148556244268,1.4752441863592536,6.154393075435361,6.174567930640733,-2.611278036325064,1.7105479139901194,1.7142134122705524,5.236592241158264,5.23661255119004,-3.0868774329457223,1.4877461012245958,1.4737965727185673,6.213527976026201,6.174567930640733,-2.611278036325064
1228.3946938646504,1.786750008204891,1.7872917727243864,5.115388621711731,5.121951902570593,-3.1566567324603194,1.5290625761176824,1.5421907889213533,5.996550253030664,6.040659407508546,-2.6703937973156138,1.7943648173711246,1.7858699528831328,5.133652435528509,5.121951902570593,-3.1566567324603194,1.5174209535603405,1.509741515738106,6.062528131765415,6.040659407508546,-2.6703937973156138,1.8098587743287595,1.7850230500975206,5.139832764796404,5.121951902570593,-3.1566567324603194,1.5037154996483082,1.5087819335119534,6.012708383050824,6.040659407508546,-2.6703937973156138,1.759290609816125,1.7531466759307943,5.102208591733912,5.121951902570593,-3.1566567324603194,1.5238618251383484,1.5073016121685012,6.072304936488715,6.040659407508546,-2.6703937973156138
1242.3924966685165,1.8332725647331345,1.8278735849723406,5.003576184976732,5.009707523599789,-3.2279977605844703,1.620691333695839,1.5772408299908223,5.921264375748608,5.909428834605603,-2.730836649162347,1.8480192949702012,1.8264196969259092,5.030922759097951,5.009707523599789,-3.2279977605844703,1.534247570414391,1.544058618079434,5.952064866136025,5.909428834605603,-2.730836649162347,1.8368333566036856,1.8255536926943887,5.0338126394704314,5.009707523599789,-3.2279977605844703,1.5900906362113023,1.5430773594022675,5.941182021199462,5.909428834605603,-2.730836649162347,1.7950617338394326,1.7929583013679569,4.968749592914809,5.009707523599789,-3.2279977605844703,1.5330680081400145,1.5415635981437172,5.943428966802523,5.909428834605603,-2.730836649162347
1256.5498072302037,1.8607408981207514,1.8693705922718906,4.903834924081328,4.899838386124962,-3.300934611312099,1.632330275698178,1.6130823963529681,5.820578598440145,5.780848868065966,-2.7926359333838873,1.8897024942819673,1.867883919705145,4.919827802179034,4.899838386124962,-3.300934611312099,1.5386740396322311,1.5791508439158832,5.7803876184540925,5.780848868065966,-2.7926359333838873,1.881286581749114,1.866998387350667,4.924950129713386,4.899838386124962,-3.300934611312099,1.5763300116679542,1.5781474236506021,5.776866077011477,5.780848868065966,-2.7926359333838873,1.8424624058554004,1.8336679160307578,4.89082785034389,4.899838386124962,-3.300934611312099,1.5611748652101798,1.5765994740571874,5.794368547847403,5.780848868065966,-2.7926359333838873
1270.868443172459,1.9345095190844046,1.9118032345135851,4.788859319482552,4.792302921558366,-3.375502030877901,1.6485943634057378,1.6497331965810405,5.669964179287813,5.654888957602397,-2.855821605481112,1.9044043418264842,1.9102830453216706,4.768636697991708,4.792302921558366,-3.375502030877901,1.6157846459791232,1.6150355389445126,5.606185746070938,5.654888957602397,-2.855821605481112,1.9181625853071491,1.9093775487618838,4.798233863736259,4.792302921558366,-3.375502030877901,1.6193093455102172,1.6140094612191012,5.648818593682875,5.654888957602397,-2.855821605481112,1.8978354889999027,1.8752955804268459,4.77600982806218,4.792302921558366,-3.375502030877901,1.6130160937924685,1.6124265583098225,5.6271756157268005,5.654888957602397,-2.855821605481112
1285.3502428302047,1.95663523282099,1.9551924019516997,4.704722962663793,4.687059208533323,-3.4517354169516077,1.6573152766390298,1.6872113308972252,5.552216722073888,5.531515879420401,-2.9204242430214666,1.9594992492413497,1.9536379479053914,4.686450266752219,4.687059208533323,-3.4517354169516077,1.650227977202909,1.6517304326181046,5.4884688906647305,5.531515879420401,-2.9204242430214666,1.959471506486338,1.952712041453216,4.717279081073391,4.687059208533323,-3.4517354169516077,1.6596942398976786,1.6506811905916834,5.528640229595164,5.531515879420401,-2.9204242430214666,1.9250962052091103,1.9178617973678724,4.689718493819902,4.687059208533323,-3.4517354169516077,1.6432545641041663,1.6490625524639144,5.526310519847222,5.531515879420401,-2.9204242430214666
1299.9970654865576,1.9983045269516588,1.9995594447196825,4.6036769388839796,4.584065134990397,-3.5296708156247893,1.6817457813167966,1.7255352996730864,5.415701399894088,5.41069420170626,-2.9864750530897926,1.9882837759383325,1.9979699611260608,4.5657431478911015,4.584065134990397,-3.5296708156247893,1.6735372239204205,1.6892536464917296,5.385457045325051,5.41069420170626,-2.9864750530897926,1.9869177370563857,1.9970231892870478,4.57847349890549,4.584065134990397,-3.5296708156247893,1.688707661019782,1.68818072211634,5.383547708820946,5.41069420170626,-2.9864750530897926,2.0130501912304752,1.9613875213620837,4.5988601725824365,4.584065134990397,-3.5296708156247893,1.7110378703211544,1.6865255495780191,5.391014162019946,5.41069420170626,-2.9864750530897926
1314.8107916115355,2.018563907131592,2.044926182480527,4.498233425289244,4.483278537877356,-3.6093449158408655,1.6871955934772693,1.7647240120920293,5.315934952589316,5.292386690722147,-3.0540058789682756,2.0577219317588447,2.0433008878382193,4.493997617179197,4.483278537877356,-3.6093449158408655,1.7009096802024102,1.7276237027324903,5.249313455576177,5.292386690722147,-3.0540058789682756,2.0642327594374663,2.0423327851060122,4.4866103386745415,4.483278537877356,-3.6093449158408655,1.7245136826182677,1.72652656651,5.28376530212572,5.292386690722147,-3.0540058789682756,2.0506678635265225,2.005894168149374,4.518050075522075,4.483278537877356,-3.6093449158408655,1.7204536817372271,1.7248340427048527,5.292397817009258,5.292386690722147,-3.0540058789682756
1329.7933231034872,2.068678055310514,2.0913149142037715,4.393673308692361,4.384657323235187,-3.6907950408613077,1.6624870283395528,1.8047967949717922,5.219444517242136,5.1765546646523255,-3.123049205904323,2.102633878580615,2.0896530098547834,4.400733340327779,4.384657323235187,-3.6907950408613077,1.7444694537537542,1.7668595327901477,5.158577093215905,5.1765546646523255,-3.123049205904323,2.101417704472391,2.0886631005028633,4.397081860725388,4.384657323235187,-3.6907950408613077,1.7780884247702478,1.7657376435251815,5.191739536381239,5.1765546646523255,-3.123049205904323,2.0617083631100255,2.051403624370351,4.414790944110547,4.384657323235187,-3.6907950408613077,1.7605403659520706,1.764006933550652,5.184533898718389,5.1765546646523255,-3.123049205904323
1344.9465835332762,2.13047808148472,2.1387484280567626,4.282000629339877,4.288159569120927,-3.774059136306639,1.7492727003345199,1.8457734017463872,5.083003321768329,5.063158301523455,-3.1936381657915165,2.16190615932396,2.1370490978338665,4.297334643939239,4.288159569120927,-3.774059136306639,1.7742226870809406,1.8069804862288283,5.058923223874718,5.063158301523455,-3.1936381657915165,2.137153032448138,2.1360368957060154,4.287161207371538,4.288159569120927,-3.774059136306639,1.8154741150699962,1.8058332907763752,5.122439065887913,5.063158301523455,-3.1936381657915165,2.104114816471647,2.097938257359816,4.300970419457774,4.288159569120927,-3.774059136306639,1.7977348221484077,1.8040635412950554,5.1128199408125266,5.063158301523455,-3.1936381657915165
1360.2725183912366,2.2130661783097243,2.187250011397259,4.199850065577508,4.193743613511962,-3.859175754245207,1.7881565200320246,1.8876740216029146,4.953608940276872,4.95215690680146,-3.265806540567861,2.1983110316747445,2.18551242126833,4.185934469523904,4.193743613511962,-3.859175754245207,1.8547049059170595,1.8480063397169038,4.928322874707682,4.95215690680146,-3.265806540567861,2.183015745575025,2.184477429566321,4.193840258565096,4.193743613511962,-3.859175754245207,1.8675756395356924,1.8468332727259338,4.9776106139648,4.95215690680146,-3.265806540567861,2.1442366158220687,2.145520925053337,4.158330008617656,4.193743613511962,-3.859175754245207,1.8257997630909677,1.8450236115700829,4.970671543054403,4.95215690680146,-3.265806540567861
1375.7730953369546,2.269066697192342,2.23684346085071,4.090118118574973,4.1013681290755235,-3.9461840327299234,1.805179165519527,1.9305192887703004,4.805209349569038,4.843509145571918,-3.3395887641116655,2.2496852064932464,2.235066758560397,4.0813448071749665,4.1013681290755235,-3.9461840327299234,1.92234894048556,1.8899573061723727,4.783060348783106,4.843509145571918,-3.3395887641116655,2.239377650555804,2.2340084696307407,4.107985761506409,4.1013681290755235,-3.9461840327299234,1.8957746368489428,1.888757789825128,4.803312823083716,4.843509145571918,-3.3395887641116655,2.2091112575733036,2.1941749859928343,4.062666368286059,4.1013681290755235,-3.9461840327299234,1.8522707052816343,1.8869073255938815,4.770642056223879,4.843509145571918,-3.3395887641116655
1391.45030445189,2.3071899440331607,2.2875530924533933,4.000004912895535,4.010992186458818,-4.035123670095116,1.9021706903075135,1.974330291954887,4.712388236163768,4.737173243685675,-3.415019922376899,2.302838685765584,2.285736407162682,3.9894904473865367,4.010992186458818,-4.035123670095116,1.9471155300490848,1.9328540440596016,4.686603960881477,4.737173243685675,-3.415019922376899,2.2896773588799455,2.284654302281291,4.005880249017331,4.010992186458818,-4.035123670095116,1.9338230869797624,1.9316274878065989,4.727770401253536,4.737173243685675,-3.415019922376899,2.263598012748425,2.243924309414432,3.990149023473614,4.010992186458818,-4.035123670095116,1.9304923937828167,1.929735309457208,4.704908559039957,4.737173243685675,-3.415019922376899
1407.3061584948778,2.3299580093333767,2.339403751837509,3.9285571576227083,3.922575307552228,-4.126034893233166,2.059814696422538,2.019128583914834,4.639070701118797,4.633107161659652,-3.492135751478411,2.3523704253686772,2.3375461937621993,3.929679525302774,3.922575307552228,-4.126034893233166,1.9820254617328876,1.9767176668321569,4.618116556786264,4.633107161659652,-3.492135751478411,2.360285733353285,2.33643974291976,3.9311654623613617,3.922575307552228,-4.126034893233166,2.0265169338234834,1.9754634671231512,4.6668017969882305,4.633107161659652,-3.492135751478411,2.2739753476620774,2.294793285399136,3.8831604890104936,3.922575307552228,-4.126034893233166,1.9189649725901865,1.9735286435558748,4.601043486118,4.633107161659652,-3.492135751478411
1423.3426931605427,2.3696374845629475,2.3924208244326945,3.849985209916718,3.836077509998238,-4.218958418956612,2.017040570376348,2.064936191167456,4.5698725217397325,4.531268744730214,-3.570972633394339,2.39972041855691,2.3905214844818743,3.85227104337217,3.836077509998238,-4.218958418956612,2.0370530857628646,2.0215697525154357,4.576970500902158,4.531268744730214,-3.570972633394339,2.384803060388464,2.389390146167689,3.8707382152846197,3.836077509998238,-4.218958418956612,2.0431326269896672,2.020287292526552,4.5906937719493355,4.531268744730214,-3.570972633394339,2.3392410964972687,2.346806835061475,3.8412806734883143,3.836077509998238,-4.218958418956612,2.0090251284555563,2.0183088721633995,4.562610942589105,4.531268744730214,-3.570972633394339
1439.5619673406559,2.444560844876744,2.4466302456514786,3.758621519619564,3.7514593440534334,-4.313935407432573,2.0941365193500796,2.111775623816458,4.4602221954189645,4.431615852007026,-3.6515675889047463,2.4413043694398158,2.4446881950673562,3.74875141095443,3.7514593440534334,-4.313935407432573,2.0625334589403,2.0674323534198993,4.49772653690485,4.431615852007026,-3.6515675889047463,2.4512058737477034,2.443531416054984,3.767714161722159,3.7514593440534334,-4.313935407432573,2.071774844339563,2.0661210027771193,4.47326749660773,4.431615852007026,-3.6515675889047463,2.4543694360080246,2.399990420751246,3.802208833261612,3.7514593440534334,-4.313935407432573,2.04311830409898,2.0640980131354163,4.42722072279175,4.431615852007026,-3.6515675889047463
1455.9660633884707,2.4921260313986093,2.5020585110227738,3.677809845559124,3.668681922807112,-4.41100740652306,2.0500072943040197,2.159669885489902,4.353874666174182,4.334106467330435,-3.733958267334075,2.5014813931455016,2.5000728010227045,3.660464807402299,3.668681922807112,-4.41100740652306,2.11705485861732,2.114328005975467,4.313831983000277,4.334106467330435,-3.733958267334075,2.49315348422466,2.4988900161563965,3.66327144171761,3.668681922807112,-4.41100740652306,2.127935420851852,2.1129871204747634,4.3528719967772025,4.334106467330435,-3.733958267334075,2.5772172650536764,2.454370056233933,3.7761721563020396,3.668681922807112,-4.41100740652306,2.102167392276916,2.1109185677352955,4.340159788554013,4.334106467330435,-3.733958267334075
1472.5570873860722,2.544566068650529,2.55873268623062,3.5603785335754674,3.5877069465829936,-4.51021628571438,2.111719063075865,2.2086424833713685,4.26724665796316,4.238698794116211,-3.8181829326035883,2.5637015869972326,2.5567023476535704,3.5854096150110717,3.5877069465829936,-4.51021628571438,2.162708818053402,2.1622797406739043,4.215269303439074,4.238698794116211,-3.8181829326035883,2.5542874971256406,2.5554929796373935,3.5787648140295243,3.5877069465829936,-4.51021628571438,2.165399738590942,2.160908661998812,4.224292672255202,4.238698794116211,-3.8181829326035883,2.590702059034833,2.5099723168132653,3.6424147928551074,3.5877069465829936,-4.51021628571438,2.1660710629362643,2.158793530569675,4.21852578399486,4.238698794116211,-3.8181829326035883
1489.3371694147713,2.597278743864065,2.616680417009036,3.4858630424509593,3.5084967223100176,-4.611604158123945,2.2381995492064823,2.258717438308111,4.135200040756073,4.145351336192181,-3.904280445028046,2.5918744078464644,2.614604459967669,3.4916542177845376,3.5084967223100176,-4.611604158123945,2.2116015213967968,2.2113110921050745,4.1195482911843495,4.145351336192181,-3.904280445028046,2.6312107799047713,2.613367919158463,3.5067850863474934,3.5084967223100176,-4.611604158123945,2.220036219468538,2.209909147541798,4.146742372373246,4.145351336192181,-3.904280445028046,2.6551861362223126,2.566824349353094,3.5700883611172296,3.5084967223100176,-4.611604158123945,2.1919062484698713,2.2077463996186477,4.154287867489307,4.145351336192181,-3.904280445028046
1506.3084638285807,2.6677164931182618,2.675929938835538,3.4091417270004998,3.4310141784947854,-4.715213288866411,2.209440823292954,2.3099192949757867,4.034165869772661,4.0540229663966185,-3.992290238211631,2.6678768271839934,2.673807352377426,3.394520330045122,3.4310141784947854,-4.715213288866411,2.266710930641751,2.261446109069357,4.05481144613778,4.0540229663966185,-3.992290238211631,2.690559183581337,2.672543036581851,3.419389578148566,3.4310141784947854,-4.715213288866411,2.2315281163636502,2.2600126112194356,4.047586663216285,4.0540229663966185,-3.992290238211631,2.722384927495146,2.624953882147403,3.462748300475053,3.4310141784947854,-4.715213288866411,2.2599294520186226,2.257801186342366,4.025817118460372,4.0540229663966185,-3.992290238211631
1523.4731495308065,2.744716750951627,2.736510086358983,3.350851952094362,3.355222876398436,-4.821085987821213,2.2240567608555692,2.362273132074218,3.962373629278113,3.964672984473902,-4.082252290313536,2.735516491847194,2.7343398381369086,3.3633464473613337,3.355222876398436,-4.821085987821213,2.323359343781239,2.31270936474343,3.9319987457078405,3.964672984473902,-4.082252290313536,2.7365156013200806,2.733047132415834,3.3476201757366066,3.355222876398436,-4.821085987821213,2.2582141621508818,2.311243611236318,3.9415723872029043,3.964672984473902,-4.082252290313536,2.8163229404917183,2.6843892345806273,3.4314374332292905,3.355222876398436,-4.821085987821213,2.3315610327427367,2.3089824258452585,3.927728675094265,3.964672984473902,-4.082252290313536
1540.8334302537944,2.7973832789891806,2.7984503024832574,3.2771612553938327,3.281087017904341,-4.929264484569688,2.2675692707532913,2.4158045725259902,3.86961736728859,3.8772611656217797,-4.174207088838821,2.7947689353497736,2.7962313384407,3.2972232795758494,3.281087017904341,-4.929264484569688,2.356995487135497,2.3651259668780105,3.8324648181789236,3.8772611656217797,-4.174207088838821,2.8046958689158608,2.7949096149208548,3.280214368634617,3.281087017904341,-4.929264484569688,2.3471743605247255,2.3636272400818705,3.8502903964908723,3.8772611656217797,-4.174207088838821,2.8074732217120872,2.745159326511693,3.3041494018282203,3.281087017904341,-4.929264484569688,2.3614172714435884,2.3613151870709292,3.8480000345567547,3.8772611656217797,-4.174207088838821
1558.391534841859,2.864287224995121,2.861780647022845,3.202487299171559,3.2085714505428187,-5.039790782956811,2.296204303472981,2.470539793644161,3.7707043700339518,3.7917478008914536,-4.268195588005333,2.8646541026069126,2.8595118910955564,3.2107990100411126,3.2085714505428187,-5.039790782956811,2.3825487043671236,2.418721567995063,3.7566376843104585,3.7917478008914536,-4.268195588005333,2.883821659647646,2.8581605087910393,3.2132007459571437,3.2085714505428187,-5.039790782956811,2.3587348529906897,2.417189134728871,3.7921189339668606,3.7917478008914536,-4.268195588005333,2.9078696609984243,2.807293687302934,3.265441883384187,3.2085714505428187,-5.039790782956811,2.3973708027396774,2.4148250830018108,3.7831994409350163,3.7917478008914536,-4.268195588005333
1576.1497175374416,2.9305952854264423,2.9265318048273254,3.144583797386294,3.1376416700421164,-5.1527064923902675,2.326431476995747,2.5265055372302077,3.7224901609530963,3.7080937304672816,-4.36425915759289,2.9353558115670793,2.924212158665627,3.1474407865831004,3.1376416700421164,-5.1527064923902675,2.4100928713308756,2.473522375553135,3.6403697824668626,3.7080937304672816,-4.36425915759289,2.930211803498027,2.9228304633126974,3.1547757593947257,3.1376416700421164,-5.1527064923902675,2.4362913964402395,2.471955486799814,3.7305102888655304,3.7080937304672816,-4.36425915759289,3.006645886356232,2.870822464407511,3.2279476763648036,3.1376416700421164,-5.1527064923902675,2.437914798553613,2.4695382808264434,3.700798914700963,3.7080937304672816,-4.36425915759289
1594.1102582705255,3.018520605860165,2.992735093261944,3.092874600883282,3.0682638207629465,-5.26805263257876,2.417151507134388,2.58372911955673,3.6308144296974585,3.6262603707584526,-4.462439522034564,2.978540533034527,2.990363435977736,3.0596758229321708,3.0682638207629465,-5.26805263257876,2.477760021326067,2.5295551620402517,3.6065546106192414,3.6262603707584526,-4.462439522034564,3.013020383287225,2.9889507598831373,3.0914285188833173,3.0682638207629465,-5.26805263257876,2.4787177005549417,2.527953052662784,3.6225252961776198,3.6262603707584526,-4.462439522034564,3.0734036998721277,2.93577643141012,3.1213948845467714,3.0682638207629465,-5.26805263257876,2.4909701730926925,2.525481512040932,3.6224943477847535,3.6262603707584526,-4.462439522034564
1612.2754629513522,3.0805065155373836,3.060422468910299,3.018006794892618,3.0004046943101925,-5.385869407968096,2.446402744230349,2.6422384411829123,3.546946664121831,3.54620973608857,-4.562778688333582,3.0462862368337738,3.0579976568548424,2.9843157007502796,3.0004046943101925,-5.385869407968096,2.572680334636753,2.586847274949003,3.502753779620747,3.54620973608857,-4.562778688333582,3.089068485567049,3.0565533187631515,2.996944617255414,3.0004046943101925,-5.385869407968096,2.5663781097594267,2.5852091634100915,3.5200898048652656,3.54620973608857,-4.562778688333582,3.1225112812106937,3.0021869954058107,3.035854766547245,3.0004046943101925,-5.385869407968096,2.5425569028334727,2.582682082432508,3.500043019291377,3.54620973608857,-4.562778688333582
1630.6476637664705,3.1478043865894976,3.1296265333501374,2.964249300575509,2.934031726581459,-5.506195947623103,2.6274274449506314,2.7020619965404817,3.4555302279937723,3.467904455698536,-4.665318861190334,3.0978588229729076,3.127147399926746,2.90214574167387,2.934031726581459,-5.506195947623103,2.629323657595024,2.6454266465810186,3.4147164356320783,3.467904455698536,-4.665318861190334,3.129817016532522,3.125670704907562,2.958312908105439,2.934031726581459,-5.506195947623103,2.6123882243054197,2.6437517346687702,3.435260733029369,3.467904455698536,-4.665318861190334,3.1669603655567617,3.0700862035829153,2.9995333787567846,2.934031726581459,-5.506195947623103,2.63928816818149,2.641167881899133,3.4400560947176064,3.467904455698536,-4.665318861190334
1649.2292194781585,3.1972456724832026,3.20038053782735,2.9070158879944445,2.8691129934865978,-5.629070005722754,2.7558057970039918,2.7632288832225815,3.3669569138965634,3.3913077866721633,-4.770102343501117,3.179958737184886,3.1978458933469858,2.864282257150057,2.8691129934865978,-5.629070005722754,2.6842108440345784,2.7053218036192472,3.3842227653507617,3.3913077866721633,-4.770102343501117,3.2066155412764044,3.196336132708584,2.8918425063319635,2.8691129934865978,-5.629070005722754,2.700082519828019,2.7036092761802664,3.3763702330467664,3.3913077866721633,-4.770102343501117,3.2053552793978395,3.1395067488534756,2.920948267705101,2.8691129934865978,-5.629070005722754,2.744933556098077,2.700967394040452,3.428754624289928,3.3913077866721633,-4.770102343501117
1668.022515727267,3.280257844987523,3.2727183866319383,2.862641181618142,2.8056172055340407,-5.754527617199651,2.765363596105343,2.825768810893379,3.2872579213013124,3.31638362333116,-4.877171420129347,3.260828452222126,3.270127018217886,2.8340217947661586,2.8056172055340407,-5.754527617199651,2.7511565933185667,2.7665618763982214,3.310291680236407,3.31638362333116,-4.877171420129347,3.2756245169849567,3.2685834694492266,2.824937704260126,2.8056172055340407,-5.754527617199651,2.748985907789166,2.764810901080211,3.298271789025555,3.31638362333116,-4.877171420129347,3.239816640705675,3.2104819743571467,2.8261251238516847,2.8056172055340407,-5.754527617199651,2.814094450953959,2.7621097054526937,3.3876470204893554,3.31638362333116,-4.877171420129347
1687.0299653394954,3.3643626654431373,3.346674638948328,2.7755081100795804,2.743513701465459,-5.882602702322675,2.8654552042278936,2.88971210972544,3.2173338582029607,3.2430965035667314,-4.986568222563495,3.346243355290738,3.3440253104995135,2.768110353359715,2.743513701465459,-5.882602702322675,2.8323118433529872,2.829176607790682,3.2383850733977297,3.2430965035667314,-4.986568222563495,3.347482224844926,3.342447237247534,2.7561889809052875,2.743513701465459,-5.882602702322675,2.8311110610599606,2.8273863347972017,3.2311982583231673,3.2430965035667314,-4.986568222563495,3.3094851389933173,3.2830458766364883,2.732115220795788,2.743513701465459,-5.882602702322675,2.818287931994005,2.824624514645147,3.2362971107822975,3.2430965035667314,-4.986568222563495
1706.2540086351753,3.425763722910466,3.4222845089215177,2.6772306024515915,2.6827724410848406,-6.013326613220469,2.896065661660525,2.9550897382606465,3.187923361972707,3.171411612532001,-5.09833457174148,3.4180342278532456,3.4195759611443464,2.698630058144568,2.6827724410848406,-6.013326613220469,2.85675136133477,2.8931963616173895,3.1641213451171915,3.171411612532001,-5.09833457174148,3.4507270992046433,3.417962613231307,2.711020842623393,2.6827724410848406,-6.013326613220469,2.890869091237903,2.8913659234773355,3.191004092171723,3.171411612532001,-5.09833457174148,3.453112871192293,3.35723310725212,2.7015815342299456,2.6827724410848406,-6.013326613220469,2.9305408642280155,2.8885421404883123,3.1996111200479387,3.171411612532001,-5.09833457174148
1725.6971137425758,3.488527225452849,3.499583863645088,2.6436898386549688,2.623363997424488,-6.14672761444563,2.8983419745292287,3.021933290569443,3.122379676361992,3.1012947840493927,-5.212511795944767,3.507619362209398,3.4968148141631494,2.6483172668700874,2.623363997424488,-6.14672761444563,2.9508629225831795,2.9586521304723616,3.080644788439974,3.1012947840493927,-5.212511795944767,3.494056820676125,3.495165427651071,2.610302145044024,2.623363997424488,-6.14672761444563,2.9336723356982617,2.956780641827759,3.085916850363179,3.1012947840493927,-5.212511795944767,3.5055137173367545,3.433078972575162,2.6464518330373936,2.623363997424488,-6.14672761444563,2.94752111082815,2.9538935300850504,3.080164728684645,3.1012947840493927,-5.212511795944767
1745.3617769147804,3.5630803995580362,3.5786092187304415,2.5575276097846436,2.565259548353909,-6.2828302886909295,2.9211005735750084,3.090275002571878,3.0549934153675067,3.0327125000603528,-5.329140520244078,3.5578892754254787,3.5757783622875925,2.5583995607182892,2.565259548353909,-6.2828302886909295,3.0368453418079673,3.0255755428418145,3.0324652718693432,3.0327125000603528,-5.329140520244078,3.590920488365411,3.574092159597338,2.562752958681516,2.565259548353909,-6.2828302886909295,3.017820903108614,3.023662100257579,3.041153535128106,3.0327125000603528,-5.329140520244078,3.5680799186678933,3.5106194314549777,2.5650350213174447,2.565259548353909,-6.2828302886909295,3.0232854705049923,3.020710265944358,3.0276759347272932,3.0327125000603528,-5.329140520244078
1765.2505228501748,3.6637350390314674,3.659397731074936,2.517685515158246,2.508430867747442,-6.421654857691703,3.0195199777152797,3.1601477573570467,3.0050059379207634,2.9656318883920867,-5.448260423492695,3.641239270836427,3.656503739844241,2.494742030784259,2.508430867747442,-6.421654857691703,3.0805139370310632,3.093998869374856,2.984290024882041,2.9656318883920867,-5.448260423492695,3.6565319162455996,3.6547799299377264,2.493319038457674,2.508430867747442,-6.421654857691703,3.105500554623326,3.092042551174087,3.0063031911591898,2.9656318883920867,-5.448260423492695,3.6476158957420783,3.5898910904186936,2.5179960969374298,2.508430867747442,-6.421654857691703,3.088323320722757,3.089024572318774,2.985080289532739,2.9656318883920867,-5.448260423492695
1785.3659050165854,3.749682279167598,3.7419871883868745,2.429389985379424,2.452850316285087,-6.5632164071704855,3.025773190508294,3.231585089319941,2.8724330960265667,2.900020719086397,-5.569909958324201,3.724480762242196,3.739028712402452,2.4705028947986314,2.452850316285087,-6.5632164071704855,3.1717298289428983,3.163955028144337,2.9262653574782007,2.900020719086397,-5.569909958324201,3.7424053049169768,3.7372664910378877,2.4444877370641844,2.452850316285087,-6.5632164071704855,3.2134691083183906,3.1619548942756106,2.9356220512861,2.900020719086397,-5.569909958324201,3.7491614814556766,3.670931196009515,2.4704389837572185,2.452850316285087,-6.5632164071704855,3.1867672677382877,3.1588693205436345,2.930150977698071,2.900020719086397,-5.569909958324201
1805.7105059791193,3.8056865594763427,3.826415994965742,2.365761183325959,2.398490831973484,-6.707524003431418,3.1324820244257245,3.3046211869044857,2.8118373485600965,2.8358473995045386,-5.69412602899983,3.8336544683899247,3.8233916626971243,2.4139752119371067,2.398490831973484,-6.707524003431418,3.2309799009808726,3.235477588714479,2.8138073007245747,2.8358473995045386,-5.69412602899983,3.825017006791617,3.821590212768913,2.4032344446683407,2.398490831973484,-6.707524003431418,3.2681920175467347,3.233432680654283,2.851455256675812,2.8358473995045386,-5.69412602899983,3.8162904778892757,3.7537776238163785,2.4305115490220652,2.398490831973484,-6.707524003431418,3.2458143106562978,3.230278033196958,2.853718417924444,2.8358473995045386,-5.69412602899983
1826.2869377317236,3.880279872116344,3.9127231531643587,2.31688588298893,2.345325920450205,-6.8545796878823975,3.226086922253653,3.3792908937132267,2.753702399730624,2.7730809683997952,-5.820943621260797,3.9091968027404707,3.9096315722546136,2.350954770149798,2.345325920450205,-6.8545796878823975,3.309781152450875,3.30860077480184,2.7703704172014323,2.7730809683997952,-5.820943621260797,3.9048658983529148,3.907790064230083,2.3539013639228212,2.345325920450205,-6.8545796878823975,3.346666489140839,3.3065101155013354,2.7898857422699175,2.7730809683997952,-5.820943621260797,3.9112794212842066,3.838468863681329,2.371119890211845,2.345325920450205,-6.8545796878823975,3.290600319417894,3.30328488686966,2.7437267225291144,2.7730809683997952,-5.820943621260797
1847.0978420325398,3.9884346080144426,4.0009482398798895,2.28150337313457,2.2933296451322516,-7.004377334405403,3.4337603994771846,3.4556297077103872,2.7206188067906445,2.7116910891116177,-5.950395377583357,4.0183833770004584,3.9977879980716757,2.3209438133866325,2.2933296451322516,-7.004377334405403,3.380032097947322,3.3833594652900323,2.730443281388764,2.7116910891116177,-5.950395377583357,4.010049728838036,3.99590559053971,2.28412885042942,2.2933296451322516,-7.004377334405403,3.4004916154351363,3.38122205917132,2.7269402326679026,2.7116910891116177,-5.950395377583357,3.9597084961053093,3.9250440005028664,2.291110279519912,2.2933296451322516,-7.004377334405403,3.31353751777428,3.3779247133075807,2.727971952900335,2.7116910891116177,-5.950395377583357
1868.1458907430704,4.1249444681901615,4.091131377325924,2.239490902074963,2.2424766172534185,-7.156901353124524,3.4851407808075243,3.5336737782035255,2.6484090006287437,2.6516480420353554,-6.082511110375743,4.111879449951378,4.087901043604379,2.2747260097388846,2.2424766172534185,-7.156901353124524,3.478598552662265,3.459789193321407,2.714398655272543,2.6516480420353554,-6.082511110375743,4.080951209340814,4.085976883952735,2.222678231236575,2.2424766172534185,-7.156901353124524,3.498112753852345,3.457604026332011,2.6749010195880443,2.6516480420353554,-6.082511110375743,4.039689194025714,4.0135426899679265,2.2121892023290384,2.2424766172534185,-7.156901353124524,3.4032907456255965,3.454232998650941,2.6464710948355723,2.6516480420353554,-6.082511110375743
1889.4337861712136,4.219481389411893,4.183313197235993,2.1766113642951703,2.192741985841798,-7.312125222817738,3.5558264115789355,3.6134599002475487,2.5692624771773978,2.5929227164835966,-6.217317244708823,4.204736180375542,4.180011323220229,2.1789351363539176,2.192741985841798,-7.312125222817738,3.5833609794436603,3.537926143149212,2.6458015890951163,2.5929227164835966,-6.217317244708823,4.17757136752539,4.178044548460599,2.157988594646296,2.192741985841798,-7.312125222817738,3.591006910793773,3.535692182885412,2.6132482100077157,2.5929227164835966,-6.217317244708823,4.131953123090819,4.104005128451868,2.1695776974142786,2.192741985841798,-7.312125222817738,3.5604810149086723,3.532245880460078,2.59232169833893,2.5929227164835966,-6.217317244708823
1910.9642614182055,4.301916462729922,4.277534797526839,2.1351200966669053,2.1441014276671604,-7.47000983304738,3.635528531102263,3.695025506062564,2.5444195828461598,2.5354866020534246,-6.354836181151326,4.273894637600571,4.274159919146988,2.13932966788645,2.1441014276671604,-7.47000983304738,3.6594938590860453,3.6178071443919677,2.5582401198970537,2.5354866020534246,-6.354836181151326,4.239492673487872,4.272149656909069,2.1041901042435747,2.1441014276671604,-7.47000983304738,3.650443913205958,3.615523340300512,2.569936234748572,2.5354866020534246,-6.354836181151326,4.267071044278897,4.196472016221133,2.1487447140718254,2.1441014276671604,-7.47000983304738,3.5858254898126662,3.612000142168985,2.515058135979741,2.5354866020534246,-6.354836181151326
1932.7400807295166,4.373135956288955,4.373837690314427,2.05956958822894,2.0965311371973105,-7.63050161618311,3.683126156458705,3.7784086529985195,2.489076983616705,2.4793117795919426,-6.495085568131929,4.376598040636618,4.370388329815661,2.106205435539497,2.0965311371973105,-7.63050161618311,3.7531146486148375,3.699469663277428,2.5043890776086677,2.4793117795919426,-6.495085568131929,4.344836852128905,4.368333699535846,2.0561597400351115,2.0965311371973105,-7.63050161618311,3.7393673805981678,3.6971349469485015,2.5215393399719206,2.4793117795919426,-6.495085568131929,4.354526216583357,4.29098451294757,2.1151096160712752,2.0965311371973105,-7.63050161618311,3.6845974941483326,3.693533204561325,2.507978489889094,2.4793117795919426,-6.495085568131929
1954.7640398497467,4.462860625423538,4.472263740020709,2.031773342521512,2.05000781658685,-7.79353044900305,3.6438251167485993,3.8636480075166495,2.4417339113999144,2.4243709118428804,-6.638077472046212,4.470965056040229,4.468738408341551,2.0419321284389316,2.05000781658685,-7.79353044900305,3.8196893031595964,3.7829517904073344,2.4365413071739006,2.4243709118428804,-6.638077472046212,4.39884347921914,4.466638522673893,2.0001590450582682,2.05000781658685,-7.79353044900305,3.8017465000463915,3.7805650759733793,2.4707773372331863,2.4243709118428804,-6.638077472046212,4.501152509688776,4.387584184408116,2.064392058864269,2.05000781658685,-7.79353044900305,3.7541735145109842,3.7768831138024144,2.4707161539504927,2.4243709118428804,-6.638077472046212
1977.038966381563,4.548971355406234,4.572855090128738,1.9919261573182938,2.004508665720146,-7.959007303698566,3.729639333267428,3.9507828245785377,2.4230877736341028,2.370637233848239,-6.783817432034126,4.556766038766075,4.5692522897092305,2.01031053101088,2.004508665720146,-7.959007303698566,3.860547286677881,3.8682922245074103,2.343956673733091,2.370637233848239,-6.783817432034126,4.534590645431367,4.5671062561911615,1.9815660798971437,2.004508665720146,-7.959007303698566,3.856204563694021,3.865852409163048,2.3965617018723053,2.370637233848239,-6.783817432034126,4.555138608903492,4.486312939081892,2.0249536958196144,2.004508665720146,-7.959007303698566,3.8364686625763844,3.8620885254972483,2.384008217895831,2.370637233848239,-6.783817432034126
1999.5677201487297,4.684921707526696,4.675654076947906,1.9646663609251318,1.9600113723352433,-8.126821629159123,3.8511782351942734,4.039852921752308,2.344201877031654,2.3180845431616697,-6.932303384994849,4.669698963089677,4.671972305028177,1.9342144206134984,1.9600113723352433,-8.126821629159123,3.9490851506226052,3.9555302515500395,2.3114582762630604,2.3180845431616697,-6.932303384994849,4.664471034072346,4.669779228037984,1.95447960660492,1.9600113723352433,-8.126821629159123,3.950923564701128,3.9530362162127153,2.2779235368995296,2.3180845431616697,-6.932303384994849,4.665821742433273,4.5872129531795665,1.9692713401913222,1.9600113723352433,-8.126821629159123,3.9501278863501574,3.949188684169103,2.3098503079030035,2.3180845431616697,-6.932303384994849
2022.3531935632743,4.774804798065595,4.780703128515352,1.9291510696052727,1.9164941022394277,-8.296838445723138,3.890216039686855,4.13089864724475,2.302822925229577,2.2666871899358867,-7.08352444504813,4.744620916696957,4.77694088099604,1.8917439141156114,1.9164941022394277,-8.296838445723138,4.061845434568059,4.04470571855541,2.2799305838864914,2.2666871899358867,-7.08352444504813,4.766989421934307,4.774699864043514,1.894100605705798,1.9164941022394277,-8.296838445723138,4.036594883595635,4.0421563286856905,2.260479499537994,2.2666871899358867,-7.08352444504813,4.78560191255103,4.690326582431056,1.9009181372295005,1.9164941022394277,-8.296838445723138,4.086052133933369,4.038223397468063,2.3051561290247147,2.2666871899358867,-7.08352444504813
2045.3983119968364,4.903829983694639,4.888044646502035,1.8859664779797063,1.8739354896325102,-8.468895140603752,3.9294654750921025,4.223960840958141,2.1887857012142358,2.216420066922739,-7.237459520294678,4.849829610536813,4.884200422446715,1.8253537810617038,1.8739354896325102,-8.468895140603752,4.160558936672435,4.1358590012705925,2.2493255527399576,2.216420066922739,-7.237459520294678,4.855336659772638,4.8819105708450685,1.846493976736278,1.8739354896325102,-8.468895140603752,4.141348481016642,4.13325310787936,2.20984664097898,2.216420066922739,-7.237459520294678,4.944705212692153,4.795696258727207,1.8877888907388405,1.8739354896325102,-8.468895140603752,4.20813003497305,4.129233004320067,2.236298799510335,2.216420066922739,-7.237459520294678
2068.7060341562496,4.999696412912346,4.997720868693699,1.8532445656052987,1.8323146275500068,-8.642797957476484,4.076973466553633,4.319080787544819,2.1528739184031394,2.167258599429664,-7.394075748491619,4.992809021291541,4.993793175565486,1.799260769962055,1.8323146275500068,-8.642797957476484,4.230261578720511,4.2290309648237825,2.18286899734497,2.167258599429664,-7.394075748491619,4.938266708887186,4.9914535995394544,1.8399036865578802,1.8323146275500068,-8.642797957476484,4.241313293045144,4.226367405690087,2.1833304791796104,2.167258599429664,-7.394075748491619,5.086600616789813,4.903364369441341,1.9036357323098594,1.8323146275500068,-8.642797957476484,4.30588377192256,4.222258336119654,2.209597881008488,2.167258599429664,-7.394075748491619
2092.279352463403,5.097954631598192,5.109773709281665,1.8078702306806678,1.7916110584367813,-8.818318182923797,4.266294982753183,4.416300160286772,2.1355359367449416,2.1191787352703857,-7.553326732205639,5.084782907573353,5.10576106901627,1.7691661965357335,1.7916110584367813,-8.818318182923797,4.328258398792195,4.324262916316057,2.1146192359508476,2.1191787352703857,-7.553326732205639,5.1006022192531155,5.103370887306921,1.7979106788161976,1.7916110584367813,-8.818318182923797,4.320938293899818,4.321540517449589,2.1602073050323183,2.1191787352703857,-7.553326732205639,5.240857347993407,5.013373116958064,1.936909703439146,1.7916110584367813,-8.818318182923797,4.349254532921486,4.31734066993874,2.1493943533658033,2.1191787352703857,-7.553326732205639
2116.1212934394302,5.197971339046427,5.224244573809985,1.7328243832553012,1.751804764856625,-8.99518804534389,4.3087205589331345,4.515660954462245,2.0763019657313424,2.072156934733132,-7.715150553297727,5.2037057969017235,5.2201455298476676,1.747478728828973,1.751804764856625,-8.99518804534389,4.432358185902866,4.4215965481694335,2.0855285428700387,2.072156934733132,-7.715150553297727,5.181996309535245,5.217703873885774,1.7561000824117252,1.751804764856625,-8.99518804534389,4.376441857831502,4.41881412555162,2.0923502528958933,2.072156934733132,-7.715150553297727,5.343214625371234,5.125764355590643,1.8939688733891584,1.751804764856625,-8.99518804534389,4.418793351830016,4.414521672583571,2.0757975199051426,2.072156934733132,-7.715150553297727
2140.234918093278,5.301112114760759,5.34117414520204,1.6943595886627039,1.712876160346157,-9.173096359418645,4.33204265416735,4.617205408677446,2.0473741731357378,2.026170160595084,-7.879467546405552,5.280212870090769,5.336987270609251,1.7035922097799305,1.712876160346157,-9.173096359418645,4.453579245542687,4.521073870887155,2.0343785777479155,2.026170160595084,-7.879467546405552,5.273005969013623,5.334493289337275,1.7068622118769043,1.712876160346157,-9.173096359418645,4.449303923587905,4.518230232531877,2.0536360708743446,2.026170160595084,-7.879467546405552,5.441870993136101,5.240579402679586,1.8479305258289207,1.712876160346157,-9.173096359418645,4.473215668343211,4.513843334164897,2.0587472588640487,2.026170160595084,-7.879467546405552
2164.6233223146996,5.440774988740074,5.4606021367893,1.639102474237382,1.6748060804171383,-9.351683972235783,4.679607125892958,4.72097591242328,2.0253414291080936,1.9811958682066715,-8.046177811660295,5.466479709287303,5.456326043626779,1.7009789654502379,1.6748060804171383,-9.351683972235783,4.607128349660514,4.622737133688674,2.009008228317043,1.9811958682066715,-8.046177811660295,5.381060828877619,5.453778909059124,1.644542647066874,1.6748060804171383,-9.351683972235783,4.5882902453167915,4.619831082069176,1.9565911950853048,1.9811958682066715,-8.046177811660295,5.534757595674414,5.357858820224416,1.7740785330461941,1.6748060804171383,-9.351683972235783,4.5943845189869,4.615347889661849,1.9708090765023538,1.9811958682066715,-8.046177811660295
2189.2896372717323,5.584886189061063,5.582567007719838,1.6239781666899384,1.6375757737123589,-9.530539096583903,4.687060741732037,4.827014897877556,1.939725126475899,1.9372119956594702,-8.215158448539366,5.60387812247741,5.578200357829163,1.6160683358901602,1.6375757737123589,-9.530539096583903,4.776039394218633,4.726628731271553,1.988018113276688,1.9372119956594702,-8.215158448539366,5.531935445967571,5.575599271456345,1.598696471893726,1.6375757737123589,-9.530539096583903,4.757915500434834,4.723659066165758,1.937200609559567,1.9372119956594702,-8.215158448539366,5.6801074099128215,5.477642162903552,1.7143474571661566,1.6375757737123589,-9.530539096583903,4.738688826045615,4.719077726745328,1.8965679610487172,1.9372119956594702,-8.215158448539366
2214.2370298126953,5.715012011090593,5.707105635497395,1.595125174517377,1.601166893315518,-9.70919265358075,4.682752702110942,4.935364713697354,1.9004217836150283,1.894196954057499,-8.386260495885434,5.722626199221566,5.702647152904658,1.6164389681588884,1.601166893315518,-9.70919265358075,4.9114673445903465,4.8327910947036425,1.9365451041721455,1.894196954057499,-8.386260495885434,5.7235277028564795,5.699991353057184,1.5786251005588985,1.601166893315518,-9.70919265358075,4.890511428636286,4.829756616518296,1.8622666383946855,1.894196954057499,-8.386260495885434,5.807446678640385,5.599967687771853,1.6766436721922071,1.601166893315518,-9.70919265358075,4.831169207586158,4.8250752778840535,1.8455256731498402,1.894196954057499,-8.386260495885434
2239.4687028727826,5.852210413993026,5.834252939707363,1.5712172821738752,1.5655614882186741,-9.887113791082689,4.78231191465379,5.046067478226982,1.8434775265542187,1.8521296179013524,-8.559305568257052,5.8538712439094995,5.8297014248667445,1.5741330420157345,1.5655614882186741,-9.887113791082689,4.966529765419996,4.941266564174571,1.8517419826585135,1.8521296179013524,-8.559305568257052,5.851389985142388,5.826990195171582,1.5599092539564052,1.5655614882186741,-9.887113791082689,4.998470218233347,4.938166077816664,1.8166813910433062,1.8521296179013524,-8.559305568257052,5.94395368305895,5.724872020294784,1.6224291777356763,1.5655614882186741,-9.887113791082689,4.9509393390338525,4.9333828944848355,1.845246342271908,1.8521296179013524,-8.559305568257052
2264.987895885269,5.948162752024425,5.964041450203011,1.5370009000105194,1.5307419949491907,-10.063705796142656,4.788442207560778,5.159164909199382,1.8014732533135314,1.8109893155982817,-8.7340821864791,5.954751348492679,5.959395796333644,1.5252843532759461,1.5307419949491907,-10.063705796142656,5.007098062896708,5.052097241016745,1.794576152331308,1.8109893155982817,-8.7340821864791,5.9651870822982485,5.956628475413501,1.534336231966911,1.5307419949491907,-10.063705796142656,5.048708577858363,5.04892956038952,1.7741052318437616,1.8109893155982817,-8.7340821864791,5.967605372922716,5.8523897706707215,1.5288017902167121,1.5307419949491907,-10.063705796142656,5.027284100941887,5.044042700498036,1.8083266291552018,1.8109893155982817,-8.7340821864791
2290.797885197419,6.053878074333586,6.096500812159535,1.494582687937755,1.4966912293534604,-10.238302678054968,4.962285281894171,5.274698126596706,1.7941462776202284,1.7707558201052147,-8.910341811307463,6.106657403007275,6.091760023960264,1.4930845164314837,1.4966912293534604,-10.238302678054968,5.155043230776326,5.165324816049276,1.7482465095090876,1.7707558201052147,-8.910341811307463,6.085808593303183,6.08893601654585,1.5131926786602798,1.4966912293534604,-10.238302678054968,5.153964140481811,5.162088769262812,1.7389213084288633,1.7707558201052147,-8.910341811307463,6.173114469943606,5.9825530935981375,1.561089807945664,1.4966912293534604,-10.238302678054968,5.177586953597882,5.157096422572875,1.7911792400338822,1.7707558201052147,-8.910341811307463
2316.9019844911295,6.207529899027534,6.23165721944455,1.4580402141776156,1.4633923785420158,-10.410166760758614,5.009578705095053,5.392707424883479,1.7552448633944964,1.7314093397135857,-9.087794604293837,6.249303090931201,6.226820434506829,1.482011325553042,1.4633923785420158,-10.410166760758614,5.263661444342529,5.280990370890235,1.6753014740888832,1.7314093397135857,-9.087794604293837,6.231476673882083,6.2239392241503175,1.4884791091063467,1.4633923785420158,-10.410166760758614,5.23854173798459,5.277684806285448,1.7225393556020139,1.7314093397135857,-9.087794604293837,6.358983010014109,6.115391183764707,1.5877648073057182,1.4633923785420158,-10.410166760758614,5.287216069565372,5.2725851934355195,1.7503703271005921,1.7314093397135857,-9.087794604293837
2343.3035452083636,6.379584535499976,6.3695327666965404,1.4356552404923102,1.4308289929900684,-10.578487685322461,5.140425778672339,5.513232010307966,1.7287768828949923,1.6929305089802833,-9.26610496018814,6.384988269236687,6.3645992799750095,1.4536593914982772,1.4308289929900684,-10.578487685322461,5.399122765483296,5.39913414842238,1.6275825244763242,1.6929305089802833,-9.26610496018814,6.389463390951196,6.3616604435816635,1.4677187635749573,1.4308289929900684,-10.578487685322461,5.366884223549649,5.395757941526206,1.6249846735482452,1.6929305089802833,-9.26610496018814,6.632047955255837,6.250929698363981,1.7003787952176443,1.4308289929900684,-10.578487685322461,5.445180063030514,5.390549324713695,1.6922612638093142,1.6929305089802833,-9.26610496018814
2370.0059569814352,6.569783692855925,6.510144709358693,1.4255169767814921,1.3989849787982513,-10.742383278212236,5.179273442205589,5.636309698385254,1.6843336255420274,1.655300379808736,-9.444886881449769,6.5027467008913655,6.505114001103096,1.4127103314616247,1.3989849787982513,-10.742383278212236,5.547681182880431,5.5197952880811165,1.5300612398948081,1.655300379808736,-9.444886881449769,6.484470294614045,6.50211722551603,1.3937432783127333,1.3989849787982513,-10.742383278212236,5.499340359495443,5.51634734961996,1.6093858421689466,1.655300379808736,-9.444886881449769,6.725214279727332,6.3891900968766615,1.6274772709023084,1.3989849787982513,-10.742383278212236,5.5603763897550325,5.511028044911707,1.698598235814961,1.655300379808736,-9.444886881449769
2397.0126480681947,6.704949880560301,6.6535046196798175,1.410583328271298,1.3678445901071612,-10.9009027798935,5.3272027297543945,5.76197656602141,1.6228653106838296,1.618500412684871,-9.623699298542999,6.642357062704954,6.648376387271838,1.351064581957983,1.3678445901071612,-10.9009027798935,5.632591625182605,5.643011521041008,1.482273423014439,1.618500412684871,-9.623699298542999,6.6767416380124835,6.645321488178788,1.3874090629980633,1.3678445901071612,-10.9009027798935,5.608700982946008,5.6394908061629865,1.5856036639955855,1.618500412684871,-9.623699298542999,6.875903404653229,6.530188887193935,1.6144810497255664,1.3678445901071612,-10.9009027798935,5.647001772024848,5.634059197661269,1.6393642676508264,1.618500412684871,-9.623699298542999
2424.3270857921757,6.845445768983918,6.799617425381145,1.348737750659466,1.3373924216668276,-11.053032939185059,5.456033284995141,5.890266552004708,1.5414678689527983,1.5825124680698552,-9.802041480291997,6.805600473325376,6.794391619573103,1.3388903207874365,1.3373924216668276,-11.053032939185059,5.757035759849763,5.7688188197263415,1.4831368057116256,1.5825124680698552,-9.802041480291997,6.796819581819522,6.791278563026629,1.3422397043820007,1.3373924216668276,-11.053032939185059,5.733964943795449,5.765224338597742,1.5333457919988005,1.5825124680698552,-9.802041480291997,6.955208014663484,6.673936765911479,1.5113654001753725,1.3373924216668276,-11.053032939185059,5.744721660731298,5.75967889471962,1.5967971662297824,1.5825124680698552,-9.802041480291997
2451.952776987755,6.999447206645058,6.9484803163232245,1.3020119635979883,1.3076134015599266,-11.197707447890842,5.747493245904473,6.021210998774115,1.4874815561145007,1.5473187979490952,-9.979348726853319,6.932859930048697,6.9431571824224765,1.2986016009809125,1.3076134015599266,-11.197707447890842,5.909091643778965,5.897250995328322,1.488597665681832,1.5473187979490952,-9.979348726853319,6.9487265942925145,6.939986109298564,1.3172666926485623,1.3076134015599266,-11.197707447890842,5.903663309346239,5.8935818252952075,1.4972891973135125,1.5473187979490952,-9.979348726853319,7.066345226511913,6.820437639307784,1.4490958238331766,1.3076134015599266,-11.197707447890842,5.895166896527422,5.887921117456947,1.5693286968033302,1.5473187979490952,-9.979348726853319
2479.893268450386,7.136680166297456,7.100081503128468,1.2650409249918857,1.2784927840747218,-11.333820103289938,5.903984811476694,6.154838127465912,1.470796130381167,1.5129020375425046,-10.154988593249302,7.086321134637958,7.094661627717416,1.2707662981358376,1.2784927840747218,-11.333820103289938,6.017098230172601,6.028339236191823,1.4681420297863765,1.5129020375425046,-10.154988593249302,7.0765902970513626,7.091432881463184,1.255411809787535,1.2784927840747218,-11.333820103289938,6.021345197476009,6.024594535720006,1.4930786298237377,1.5129020375425046,-10.154988593249302,7.1957307309926115,6.969687510144248,1.4124652370967405,1.2784927840747218,-11.333820103289938,6.067068633816111,6.0188172597538125,1.5309048479001017,1.5129020375425046,-10.154988593249302
2508.152147391971,7.268944627456566,7.25439881035358,1.2318610144749629,1.2500161427259235,-11.460241930558974,6.027636401831406,6.291172437241696,1.4701393058667411,1.4792451971708251,-10.328257952165728,7.239032596372469,7.248883174186083,1.216932186224369,1.2500161427259235,-11.460241930558974,6.179566232792987,6.162111579023087,1.4198573626236597,1.4792451971708251,-10.328257952165728,7.249335073310485,7.245597332237739,1.2414152227115982,1.2500161427259235,-11.460241930558974,6.186495630338289,6.158290603658694,1.456379492851215,1.4792451971708251,-10.328257952165728,7.343394501134712,7.1216732140450745,1.357163962628369,1.2500161427259235,-11.460241930558974,6.17942143619332,6.152395604334467,1.4866768485830058,1.4792451971708251,-10.328257952165728
2536.7330419014015,7.42720915961873,7.411398085568427,1.2000647581773167,1.2221693634222777,-11.575842266068344,6.207467842069735,6.430234018802604,1.4612510428839547,1.4463316542830928,-10.498381267461976,7.421597996210946,7.405788123322181,1.231694958972264,1.2221693634222777,-11.575842266068344,6.28291686867458,6.298592303863235,1.385726713993119,1.4463316542830928,-10.498381267461976,7.39674731367286,7.402446032598201,1.2094016560063225,1.2221693634222777,-11.575842266068344,6.291097968057279,6.294694424482403,1.3927764496602455,1.4463316542830928,-10.498381267461976,7.529290253427213,7.276370987872822,1.3454709459578789,1.2221693634222777,-11.575842266068344,6.3006222957183775,6.288680723550051,1.4082461914827942,1.4463316542830928,-10.498381267461976
2565.6396214103675,7.564611694242284,7.5710314046620635,1.1781959912598774,1.194938637778607,-11.679513497921114,6.3131737267349815,6.572037770811903,1.4284415994634114,1.4141451456398153,-10.664510509159019,7.551729288111699,7.565329072259242,1.2060992855897437,1.194938637778607,-11.679513497921114,6.4366190084241355,6.4378012426720375,1.3939980048102323,1.4141451456398153,-10.664510509159019,7.562758848394841,7.56193188915049,1.170152063606128,1.194938637778607,-11.679513497921114,6.423476203097644,6.433825966325081,1.3889186827823101,1.4141451456398153,-10.664510509159019,7.668524489848036,7.433744851290921,1.3156525466641193,1.194938637778607,-11.679513497921114,6.4317109070432865,6.427692794543073,1.4221374541740612,1.4141451456398153,-10.664510509159019
2594.875597164467,7.731110184638947,7.733235053018004,1.1501313556595294,1.168310456567304,-11.770198797689059,6.474593814658783,6.716592506674262,1.4125193404548086,1.3826697596545894,-10.825727188561858,7.754292735986353,7.727442903240858,1.1585238087968983,1.168310456567304,-11.770198797689059,6.620465645915716,6.579752990176139,1.3510341129086856,1.3826697596545894,-10.825727188561858,7.719922330078214,7.7239921385335375,1.1570245712685538,1.168310456567304,-11.770198797689059,6.612349600238513,6.575699983863743,1.3510492176612532,1.3826697596545894,-10.825727188561858,7.842189459623103,7.5937447817154915,1.2979746457731371,1.168310456567304,-11.770198797689059,6.601600824638191,6.569446817534534,1.3513472868704195,1.3826697596545894,-10.825727188561858
2624.4447226996817,7.8757264258125055,7.8979272620686425,1.1225786386689167,1.142271603309994,-11.846921788347213,6.556793118781205,6.863899937786487,1.3532997402820628,1.35188992888963,-10.981047018050818,7.894315695607792,7.89204852919119,1.1573531404718211,1.142271603309994,-11.846921788347213,6.684577134455014,6.724456004362567,1.362543901661198,1.35188992888963,-10.981047018050818,7.857251254081639,7.888546098351602,1.1147143796554635,1.142271603309994,-11.846921788347213,6.70010433719332,6.72032512211843,1.3422025967612834,1.35188992888963,-10.981047018050818,8.003382711909573,7.756304662238234,1.2410646676123074,1.142271603309994,-11.846921788347213,6.694791314127067,6.71395172470712,1.314939404387525,1.35188992888963,-10.981047018050818
2654.350794324286,8.026696234097386,8.065005681407717,1.1067938537482638,1.116809148004506,-11.908816724700397,6.696498157508684,7.013953517991178,1.3026594369606384,1.3217904227056596,-11.12942769099343,8.051346583643147,8.059044375521978,1.1384590218629211,1.116809148004506,-11.908816724700397,6.8767410602014225,6.871911582654226,1.3236971684677352,1.3217904227056596,-11.12942769099343,8.015017370917255,8.05549265474916,1.0770897767730199,1.116809148004506,-11.908816724700397,6.8490563956035615,6.867702896348535,1.3078509824901667,1.3217904227056596,-11.12942769099343,8.111289051357852,7.92133998207328,1.2088187373908168,1.116809148004506,-11.908816724700397,6.888730414575858,6.861209365823097,1.3249155903468566,1.3217904227056596,-11.12942769099343
2684.5976516062456,8.171885077456071,8.23434456843194,1.0746042739292312,1.091910440985264,-11.955157471638563,6.798469185411588,7.1667371325931795,1.264060666192348,1.2923563400626619,-11.26978021885693,8.220039270947739,8.228305580063621,1.092523556746755,1.091910440985264,-11.955157471638563,7.001316499642907,7.022112698429531,1.3196647513818915,1.2923563400626619,-11.26978021885693,8.205629304744964,8.224707468464253,1.055035058364753,1.091910440985264,-11.955157471638563,7.036905209017512,7.017826532746198,1.3400433475657527,1.2923563400626619,-11.26978021885693,8.310219868627815,8.088745269880175,1.2051090806673779,1.091910440985264,-11.955157471638563,6.979112330869982,7.011213355333936,1.3051773610927864,1.2923563400626619,-11.26978021885693
2715.189177866168,8.35246271762952,8.405791680823292,1.0439900111733396,1.0675631069154434,-11.985383411650627,6.989470791979159,7.3222236139760355,1.2214554677032596,1.2635731024712058,-11.400984141230344,8.372155456144347,8.399680896276283,1.052858552118838,1.0675631069154434,-11.985383411650627,7.129853573773034,7.175042681168481,1.2491076350767758,1.2635731024712058,-11.400984141230344,8.369094103450673,8.396039884429618,1.0419828737509726,1.0675631069154434,-11.985383411650627,7.195210177072354,7.170679653246975,1.2530507710790628,1.2635731024712058,-11.400984141230344,8.474278783149591,8.258391242303109,1.1564229744009653,1.0675631069154434,-11.985383411650627,7.16712163633919,7.163947764366126,1.2595636208403018,1.2635731024712058,-11.400984141230344
2746.1293006758756,8.54986969878864,8.579164862573416,1.0278405792745362,1.0437550389055763,-11.999120444541905,7.208783314688348,7.480373064692715,1.2439115467805608,1.2354264470893033,-11.52190672995057,8.556877493949633,8.572989290214222,1.0431380004040134,1.0437550389055763,-11.999120444541905,7.309351891789228,7.330673722196225,1.2086234502338515,1.2354264470893033,-11.52190672995057,8.583124945956618,8.569309535255874,1.0022410701601439,1.0437550389055763,-11.999120444541905,7.3828164581688025,7.326234786466123,1.258141820570171,1.2354264470893033,-11.52190672995057,8.726110536924171,8.430121653656602,1.196678891928955,1.0437550389055763,-11.999120444541905,7.32260298665022,7.319385639641826,1.2256399801707065,1.2354264470893033,-11.52190672995057
2777.4219923626556,8.721193888052948,8.75424832233984,1.004184614507973,1.020474392760133,-11.9961954836015,7.418973545396059,7.641130968001249,1.2150386789031236,1.2079024199662052,-11.6314260380733,8.729509120313727,8.748016229689432,1.0061839105618693,1.020474392760133,-11.9961954836015,7.465783909881268,7.488965186843882,1.1745823615119255,1.2079024199662052,-11.6314260380733,8.747899122929505,8.744302636842967,0.9740415718381887,1.020474392760133,-11.9961954836015,7.488917906200188,7.48445168560604,1.189383488320721,1.2079024199662052,-11.6314260380733,8.849192614341572,8.603749838424381,1.131412727665805,1.020474392760133,-11.9961954836015,7.450360747394581,7.477487330230897,1.181711869252803,1.2079024199662052,-11.6314260380733
2809.071270519258,8.885199043914426,8.93078861443135,0.9731412874171629,0.9977095813444142,-11.976643293972877,7.656578882570725,7.804426065352741,1.2099127424810605,1.1809873694268107,-11.72845730681233,8.91517170557723,8.924509675459062,0.9716857194415629,0.9977095813444142,-11.976643293972877,7.606031754265046,7.64986171295602,1.1747629894349798,1.1809873694268107,-11.72845730681233,8.940369824156226,8.920767985662296,0.9807416859903364,0.9977095813444142,-11.976643293972877,7.6404791432254875,7.645275433289598,1.150304253356036,1.1809873694268107,-11.72845730681233,8.998877695903058,8.779054946754597,1.0912753124813621,0.9977095813444142,-11.976643293972877,7.689009797998264,7.638198602114759,1.1754112485973867,1.1809873694268107,-11.72845730681233
2841.0811985197015,9.09251200845275,9.108490348522505,0.9719780270656696,0.9754492690741478,-11.940705114308418,7.725632743517452,7.970167980512999,1.168133970104021,1.1546679395969963,-11.811981862384012,9.141445763040279,9.10217579988935,0.9589846760236893,0.9754492690741478,-11.940705114308418,7.773765868421019,7.813291075245335,1.1773977932580755,1.1546679395969963,-11.811981862384012,9.089266216410218,9.098412682782701,0.9588178053660508,0.9754492690741478,-11.940705114308418,7.770823410663798,7.808634312818713,1.1256305149772023,1.1546679395969963,-11.811981862384012,9.24028686495554,8.955777885198582,1.126073774793512,0.9754492690741478,-11.940705114308418,7.825301024743438,7.80144852007428,1.1553048763658609,1.1546679395969963,-11.811981862384012
2873.4558860409716,9.300437496881612,9.287011675198327,0.9572857115803978,0.9536823665217706,-11.888819175091047,7.875945577871803,8.138244571116566,1.120383791981485,1.128931064065834,-11.8810772496111,9.300347197317885,9.280674479356394,0.9435065490810162,0.9536823665217706,-11.888819175091047,8.005013229982794,7.979161795208732,1.2043719859658035,1.128931064065834,-11.8810772496111,9.278697001286142,9.276897630400939,0.9345790159543286,0.9536823665217706,-11.888819175091047,8.033762633716922,7.974437425559058,1.1275050427532198,1.128931064065834,-11.8810772496111,9.380948502891094,9.133616991413554,1.0635641011536423,0.9536823665217706,-11.888819175091047,8.048824309036736,7.9671470765736,1.1054069273531297,1.128931064065834,-11.8810772496111
2906.199489590634,9.479737586218649,9.465959621594823,0.9418438182198966,0.9323980251377222,-11.821603883569487,7.96049360921065,8.308518990856367,1.0993843908134016,1.1037639596826987,-11.934947013403175,9.459596036267522,9.459614633568854,0.9135912486351001,0.9323980251377222,-11.821603883569487,8.209811219942779,8.147360477496163,1.1392550307170668,1.1037639596826987,-11.934947013403175,9.46048060829776,9.45583287342306,0.9335300607694348,0.9323980251377222,-11.821603883569487,8.185028323580585,8.14257203528922,1.0876772221255466,1.1037639596826987,-11.934947013403175,9.499614180743146,9.312223493369551,0.9757090315532624,0.9323980251377222,-11.821603883569487,8.201718944213315,8.13518254840558,1.0887078357246676,1.1037639596826987,-11.934947013403175
2939.316213040493,9.73929492830656,9.644885385577041,0.9626548601683823,0.9115856320862491,-11.739834996633318,8.095110771529939,8.480826449672453,1.0655526429878497,1.0791541204863468,-11.972948312667702,9.643237782491283,9.638549518917378,0.9087631009783494,0.9115856320862491,-11.739834996633318,8.394434165259764,8.317748856109946,1.1102650729843637,1.0791541204863468,-11.972948312667702,9.680178923894157,9.63477289240773,0.9364621141063727,0.9115856320862491,-11.739834996633318,8.358075294562099,8.312900622803532,1.0784975225919853,1.0791541204863468,-11.972948312667702,9.639446064979303,9.491196831697952,0.9150701410715678,0.9115856320862491,-11.739834996633318,8.351917459256851,8.305418564246823,1.0844607837489288,1.0791541204863468,-11.972948312667702
2972.81030816631,9.868501716916033,9.82327973870322,0.9481876842267781,0.8912348051896475,-11.644418481180898,8.114415165694192,8.654970665781413,1.0487937673431487,1.0550893117635107,-11.994615489120246,9.823044870079924,9.81697212448054,0.8959873167962813,0.8912348051896475,-11.644418481180898,8.536775426222324,8.490160538083948,1.0480305549391888,1.0550893117635107,-11.994615489120246,9.835537506199303,9.81321199554445,0.9161792999641223,0.8912348051896475,-11.644418481180898,8.477979513620689,8.485257638263908,1.0859409996460316,1.0550893117635107,-11.994615489120246,9.969992295751194,9.670079959049918,1.0485437756495317,0.8912348051896475,-11.644418481180898,8.500114529591222,8.477690870390223,1.0386966906381687,1.0550893117635107,-11.994615489120246
3006.6860751936797,10.03733465928889,10.00056873776499,0.9302610240739914,0.8713353879822004,-11.536360932250014,8.251816059800037,8.83072001286321,1.0409068288241483,1.0315575642345016,-11.999677853251868,9.987195270507138,9.994310868599284,0.8362622539330109,0.8713353879822004,-11.536360932250014,8.654871334338797,8.664397438909724,1.0199980635119703,1.0315575642345016,-11.999677853251868,9.981531220396068,9.990580006457726,0.8719872399545385,0.8713353879822004,-11.536360932250014,8.664798491207806,8.659445945344595,1.0707618558888763,1.0315575642345016,-11.999677853251868,10.133854299564089,9.848354773231415,1.0005364063640032,0.8713353879822004,-11.536360932250014,8.578400897634255,8.651803788357233,1.0055890982939832,1.0315575642345016,-11.999677853251868
3040.947863350127,10.21321942751113,10.176110001310752,0.9251215652155257,0.851877444868266,-11.41673938481807,8.40840873340237,9.007803378982398,1.0040362996643848,1.0085471683626392,-11.988070298905347,10.156274430325317,10.169925850309466,0.8185158397601595,0.851877444868266,-11.41673938481807,8.853434056464849,8.84022591363656,1.039298279559148,1.0085471683626392,-11.988070298905347,10.168837395827277,10.16623850087547,0.8474828129679801,0.851877444868266,-11.41673938481807,8.814912827393313,8.83523296077496,1.0257805437359062,1.0085471683626392,-11.988070298905347,10.337971774557182,10.025437891489366,1.0028970516481275,0.851877444868266,-11.41673938481807,8.732025972173082,8.827526367499656,0.9888567341029831,1.0085471683626392,-11.988070298905347
3075.600071423494,10.37376790137497,10.34918986930002,0.8808881849765012,0.8328512563853825,-11.286672149456349,8.584805374255128,9.185905771764112,0.9928434264244871,0.986046668785719,-11.959935887557293,10.368754107521587,10.343105971544277,0.8387376424633606,0.8328512563853825,-11.286672149456349,8.999461475983356,9.017372601062752,1.035039695178691,0.986046668785719,-11.959935887557293,10.352637312394043,10.339477906736342,0.8255210198399856,0.8328512563853825,-11.286672149456349,9.03608707679297,9.012346506255467,1.0102098238733523,0.986046668785719,-11.959935887557293,10.393589362078782,10.200677030810832,0.914619255287616,0.8328512563853825,-11.286672149456349,8.912797336141315,9.004588248894683,0.9826329466768496,0.986046668785719,-11.959935887557293
3110.6471483266846,10.53748709609713,10.51902182732906,0.8241879954940704,0.81424731456739,-11.147291978458046,8.885308554655149,9.364663727908374,0.9869456218533955,0.96404485886623,-11.915620189851914,10.5400229795041,10.513067309333834,0.8041240032950296,0.81424731456739,-11.147291978458046,9.206674102594715,9.195520016655111,0.9840281440940386,0.96404485886623,-11.915620189851914,10.546458657428913,10.509515845641197,0.7998179208193095,0.81424731456739,-11.147291978458046,9.247663416712392,9.190470407791045,1.043618091479014,0.96404485886623,-11.915620189851914,10.698842053393342,10.373348321321279,0.9560313711115933,0.81424731456739,-11.147291978458046,9.20573058419909,9.18267527467686,1.0015646326931726,0.96404485886623,-11.915620189851914
3146.0935936688584,10.736546254619554,10.684746635910018,0.8180988196239171,0.7960563184067331,-10.999722487601636,9.097870751828319,9.543660615236977,0.9718140196348998,0.9425307753585386,-11.855657847863853,10.710827173891134,10.67895317654637,0.8091143957693807,0.7960563184067331,-10.999722487601636,9.367362787690698,9.374301953724812,0.9842468277968577,0.9425307753585386,-11.855657847863853,10.70966627913532,10.675497153038148,0.7888475153698804,0.7960563184067331,-10.999722487601636,9.38228665954567,9.369239901216224,1.013112209705132,0.9425307753585386,-11.855657847863853,10.82278952125024,10.542654942966735,0.8598402546620152,0.7960563184067331,-10.999722487601636,9.365614276569344,9.361424900411725,0.9681040627464058,0.9425307753585386,-11.855657847863853
3181.9439583331164,10.890000440925547,10.845434651729,0.8306681881152763,0.778269169413514,-10.845058374117668,9.236726754847867,9.722421952906439,0.9448793549892557,0.9214936931896964,-11.780752433489809,10.893891339482055,10.83983635678675,0.8060402832917644,0.778269169413514,-10.845058374117668,9.568490027820786,9.553298782882628,0.9327558310168949,0.9214936931896964,-11.780752433489809,10.84922411847401,10.836496061953735,0.7496784061426867,0.778269169413514,-10.845058374117668,9.592573374444301,9.548236932965722,0.9875679725354704,0.9214936931896964,-11.780752433489809,11.04894390686206,10.707727533494253,0.9822359837573993,0.778269169413514,-10.845058374117668,9.525908011117581,9.540421498095856,0.9262698643382753,0.9214936931896964,-11.780752433489809
3218.2028450607822,11.033343095458106,11.000090850644227,0.8166915197146069,0.7608769672693204,-10.684349625590928,9.58832912726919,9.900410920605188,0.9249114812555949,0.9009231203523205,-11.691751146052379,11.01927194919722,10.994724022947608,0.7880464569638812,0.7608769672693204,-10.684349625590928,9.731912400254695,9.732032777637096,0.9574827670788741,0.9009231203523205,-11.691751146052379,10.992322972497176,10.991521059590735,0.7258786283490275,0.7608769672693204,-10.684349625590928,9.757214348671358,9.726985482780634,0.9688442085452699,0.9009231203523205,-11.691751146052379,11.262437619196353,10.867626859599206,0.9996676375378586,0.7608769672693204,-10.684349625590928,9.726690104748856,9.719191674671087,0.9356767203039685,0.9009231203523205,-11.691751146052379
3254.874909042336,11.237781762886314,11.147663048062725,0.7788924173786097,0.7438710055737175,-10.518589633410958,9.809513173754901,10.077024280315632,0.9291184405154379,0.8808087929057009,-11.589616164208245,11.172785912378899,11.142565836347337,0.7575460667742318,0.7438710055737175,-10.518589633410958,9.996840200013192,9.909963639610007,0.8964736817537349,0.8808087929057009,-11.589616164208245,11.160481036220332,11.139522914467292,0.708543029878477,0.7438710055737175,-10.518589633410958,9.98978545994788,9.904947080431763,0.8884542949434407,0.8808087929057009,-11.589616164208245,11.466604157792691,11.021349261566456,1.0390650381161484,0.7438710055737175,-10.518589633410958,9.959739219025787,9.897199775983365,0.8699782071733485,0.8808087929057009,-11.589616164208245
3291.9648585150794,11.350016858790788,11.287053746734646,0.7594078639091454,0.7272427676807369,-10.348706918720909,9.876323821223574,10.251588993383274,0.9064282762864334,0.8611406700854801,-11.475394528594109,11.341017669156221,11.282265659860155,0.7699296406241094,0.7272427676807369,-10.348706918720909,10.157202288092357,10.086484449989353,0.8505117040652392,0.8611406700854801,-11.475394528594109,11.29840868191084,11.279406309468218,0.6999660841880482,0.7272427676807369,-10.348706918720909,10.153884771521707,10.081516741475562,0.8660134191962988,0.8611406700854801,-11.475394528594109,11.589151457265352,11.167835361254593,1.0353606222473646,0.7272427676807369,-10.348706918720909,10.072481982850286,10.073843798753279,0.8669044014016248,0.8611406700854801,-11.475394528594109
3329.477455367629,11.45187616445203,11.417135911286362,0.7098301844229135,0.7109839226246849,-10.175560047276505,9.883851658223087,10.423359878612246,0.8484025476854665,0.8419089295156796,-11.350188302209027,11.443442382964173,11.412697190228373,0.7474291595270939,0.7109839226246849,-10.175560047276505,10.296355011270773,10.260918333286115,0.8492809715577716,0.8419089295156796,-11.350188302209027,11.38661549940914,11.410045389457757,0.6545188371470532,0.7109839226246849,-10.175560047276505,10.243297361825162,10.256019606364859,0.8420800063966257,0.8419089295156796,-11.350188302209027,11.63318633364743,11.305982449256684,0.9558727964926321,0.7109839226246849,-10.175560047276505,10.239835028634031,10.248451992179358,0.8367972095877293,0.8419089295156796,-11.350188302209027
3367.417515751261,11.61023320611142,11.536772763364212,0.7290525198771122,0.6950863211320167,-9.999935242870349,10.194622434747366,10.591518719406626,0.8329573064832939,0.8231039625244616,-11.215126481003146,11.556425398621657,11.532723612040742,0.6861582390288559,0.6950863211320167,-9.999935242870349,10.436793889270486,10.432516182538588,0.8637292592769799,0.8231039625244616,-11.215126481003146,11.523151939332417,11.530303331014409,0.6296347771791682,0.6950863211320167,-9.999935242870349,10.428896042316694,10.427708630259877,0.7981571159613018,0.8231039625244616,-11.215126481003146,11.759101332957012,11.434660826262729,0.9037469994899299,0.6950863211320167,-9.999935242870349,10.432536865825933,10.420280493749308,0.8073856273058003,0.8231039625244616,-11.215126481003146
3405.7899106982622,11.670853192385788,11.64484140942829,0.7050084569737088,0.6795419917180944,-9.822546193595535,10.261847026823554,10.755175282731903,0.8331503859226409,0.804716369559413,-11.071339766026728,11.645782588465535,11.641221096632377,0.6499965055182668,0.6795419917180944,-9.822546193595535,10.605111853065562,10.600455857198089,0.7959160964509311,0.804716369559413,-11.071339766026728,11.593471974972827,11.63905576419709,0.6289642689897563,0.6795419917180944,-9.822546193595535,10.573445841252898,10.595763733086653,0.7936096033488848,0.804716369559413,-11.071339766026728,11.792302239852996,11.552734157293374,0.8397221781166335,0.6795419917180944,-9.822546193595535,10.548006455515303,10.588512406187041,0.8061341936076049,0.804716369559413,-11.071339766026728
3444.5995667473044,11.793774705020834,11.740259765529412,0.6877851424564633,0.664343136867024,-9.64403556685858,10.487818452896532,10.913370750378293,0.7538471129398495,0.7867369557005344,-10.919938919257495,11.736383699280227,11.737105623449013,0.6270032416911844,0.664343136867024,-9.64403556685858,10.784263506746697,10.763843319031851,0.7709457791308856,0.7867369557005344,-10.919938919257495,11.692324983915592,11.735217531728264,0.6300730315965362,0.664343136867024,-9.64403556685858,10.781890683334936,10.759292873840474,0.7644102811506982,0.7867369557005344,-10.919938919257495,11.986108679891768,11.659083605394674,0.9381095139417974,0.664343136867024,-9.64403556685858,10.842470260719255,10.752258777445387,0.7971479514885847,0.7867369557005344,-10.919938919257495
3483.851466575951,11.82455626060855,11.822015855655374,0.6568980568076349,0.6494821292927073,-9.464977794457026,10.757179291519082,11.065084071533636,0.763379183207158,0.7691567262688491,-10.761997056587182,11.846967079679088,11.819362214462686,0.630290880316213,0.6494821292927073,-9.464977794457026,10.868465590664556,10.921716207847851,0.7166909103377608,0.7691567262688491,-10.761997056587182,11.813745208746964,11.817771884528147,0.633611492816369,0.6494821292927073,-9.464977794457026,10.917494171258674,10.917335550255036,0.7313689564904912,0.7691567262688491,-10.761997056587182,12.020869840818701,11.752635156087743,0.8565400888218493,0.6494821292927073,-9.464977794457026,10.913862934968295,10.910561983753215,0.7250086166375508,0.7691567262688491,-10.761997056587182
3523.55064964037,11.88834095007557,11.889198174477873,0.672674128277788,0.6349515082788875,-9.285882747234258,10.823423366412454,11.209241711006431,0.7386047991349628,0.7519668825288193,-10.598535917117458,11.901630388947003,11.887075285520044,0.6005276680917413,0.6349515082788875,-9.285882747234258,11.135196163971694,11.07305036541415,0.7201815228486395,0.7519668825288193,-10.598535917117458,11.901580762163766,11.885800825288374,0.6371056828851012,0.6349515082788875,-9.285882747234258,11.14824199778025,11.068869232557967,0.7943708602483489,0.7519668825288193,-10.598535917117458,12.04456815953096,11.832389153501646,0.7832424883350386,0.6349515082788875,-9.285882747234258,11.07646561955437,11.062402024920207,0.7099488348773325,0.7519668825288193,-10.598535917117458
3563.702212822341,11.969024639489238,11.941025476724382,0.6537584343298047,0.6207439760968583,-9.107199981474142,10.981954466817696,11.344731175090171,0.7288751870513309,0.7351588174817048,-10.430515905631616,11.966846354379433,11.939458486833928,0.600339429079513,0.6207439760968583,-9.107199981474142,11.281250025996636,11.216769778533255,0.6947121376451391,0.7351588174817048,-10.430515905631616,11.962393787743403,11.938514978323138,0.6125807088322472,0.6207439760968583,-9.107199981474142,11.278555383882546,11.212819204070657,0.7447420554301064,0.7351588174817048,-10.430515905631616,12.085461660111676,11.897450687848714,0.7796276815974759,0.6207439760968583,-9.107199981474142,11.228711381527383,11.20670620732919,0.6981368674926253,0.7351588174817048,-10.430515905631616
3604.311311083628,11.988992281502385,11.976874144611509,0.6285430735281768,0.6068523944997064,-8.929323300498503,11.06603530503108,11.470418534714211,0.6961392569505073,0.7187241117493843,-10.258829538848648,11.97853483200417,11.975882188864324,0.5905800926206763,0.6068523944997064,-8.929323300498503,11.302083585491298,11.351760316395506,0.6362953454006954,0.7187241117493843,-10.258829538848648,12.009838850592288,11.97528114490735,0.6096084687747731,0.6068523944997064,-8.929323300498503,11.384474357178595,11.34807218740912,0.727022653038465,0.7187241117493843,-10.258829538848648,12.022121690385676,11.947059158233186,0.6855294418501172,0.6068523944997064,-8.929323300498503,11.38957833152698,11.342362598874464,0.7073685812256302,0.7187241117493843,-10.258829538848648
3645.383158127813,12.014050059077126,11.996301246234943,0.6337158260465355,0.593269781290108,-8.75259543124278,11.219787098609226,11.585169926499233,0.6805494810220708,0.7026545295447927,-10.084297829791351,11.986580208143833,11.995896724434782,0.5831184220870005,0.593269781290108,-8.75259543124278,11.496212031961061,11.476887470956648,0.6505224785147272,0.7026545295447927,-10.084297829791351,12.042882827113504,11.995645653856172,0.6056972464759622,0.593269781290108,-8.75259543124278,11.480487637942273,11.473493970781021,0.6884622885444297,0.7026545295447927,-10.084297829791351,12.0782444432024,11.98061514529883,0.6795099467088237,0.593269781290108,-8.75259543124278,11.532333162818643,11.468237479101518,0.7041099355788206,0.7026545295447927,-10.084297829791351
3686.923027069672,12.019264880673706,11.999061566143181,0.6169427669416326,0.5799893069618545,-8.577312664959564,11.274860726265189,11.687876699774186,0.6944940211539926,0.6869420147284113,-9.907669106413966,11.97455748754395,11.999249658670319,0.5986841368050386,0.5799893069618545,-8.577312664959564,11.615824287299503,11.591018065916938,0.6458844990973349,0.6869420147284113,-9.907669106413966,12.007217189689973,11.999351773310325,0.5825313417291278,0.5799893069618545,-8.577312664959564,11.666432060260448,11.587951007886533,0.715044560311081,0.6869420147284113,-9.907669106413966,12.082079528915848,11.997702717357138,0.6531475822699102,0.5799893069618545,-8.577312664959564,11.65170261255611,11.583196770173458,0.6732737025614278,0.6869420147284113,-9.907669106413966
3728.9362511121763,12.027334020182012,11.985117267674482,0.6122091151759282,0.5670042914111377,-8.403729352932608,11.449122462519947,11.777483508377976,0.6964800538559711,0.6715786869487748,-9.729619766303285,11.962094650638361,11.985895729608771,0.5918849915197872,0.5670042914111377,-8.403729352932608,11.738981156139669,11.693045583688138,0.7146991283260322,0.6715786869487748,-9.729619766303285,11.99215978796252,11.98634981671903,0.5625244153443896,0.5670042914111377,-8.403729352932608,11.737461863737789,11.690335650631953,0.6820714392229955,0.6715786869487748,-9.729619766303285,12.16556112033184,11.998105492231339,0.723842115081319,0.5670042914111377,-8.403729352932608,11.764892024804931,11.686131122955256,0.6766842293295082,0.6715786869487748,-9.729619766303285
3771.42822423121,11.977172664220083,11.95463940087835,0.5740014151489764,0.554308200719117,-8.232062182238232,11.636619070392548,11.853018253139044,0.6950741096111092,0.6565568378644003,-9.550756504812242,11.93995126649238,11.955998651337438,0.5616278684283047,0.554308200719117,-8.232062182238232,11.752335425315199,11.7819183882475,0.6399291012754207,0.6565568378644003,-9.550756504812242,11.961709772166953,11.956799121843598,0.5529792690533026,0.554308200719117,-8.232062182238232,11.821328536847233,11.77959430355588,0.6666657808154951,0.6565568378644003,-9.550756504812242,12.119465250978688,11.9818151831231,0.7321910930001119,0.554308200719117,-8.232062182238232,11.845800495353886,11.775983964059268,0.6633281799817629,0.6565568378644003,-9.550756504812242
3814.4044018680866,11.932581567301899,11.908001131684467,0.5465628186260546,0.5418946440015389,-8.062494183790156,11.63033835154997,11.913622412644385,0.6921493627541647,0.6418689274466824,-9.371619607265664,11.917280611640356,11.90992463099779,0.5722180869372087,0.5418946440015389,-8.062494183790156,11.806672964437979,11.856669728811335,0.6363459047493871,0.6418689274466824,-9.371619607265664,11.909906123065808,11.911061739642236,0.52556172182941,0.5418946440015389,-8.062494183790156,11.833308318522942,11.854757395898174,0.6303355269030969,0.6418689274466824,-9.371619607265664,12.092583970584762,11.949031931033558,0.7332595590253073,0.5418946440015389,-8.062494183790156,11.909129098108885,11.851781416799243,0.6498726358298336,0.6418689274466824,-9.371619607265664
3857.8703016299723,11.880386854430437,11.845763247124808,0.556206434750396,0.5297573703255632,-7.895178445957462,11.60622450620641,11.9585800150656,0.6605801173657252,0.6275075803602512,-9.192686957264897,11.847742265468314,11.848228131172242,0.5597937268333195,0.5297573703255632,-7.895178445957462,11.876497347186401,11.916448043925545,0.637168558317754,0.6275075803602512,-9.192686957264897,11.84849586234097,11.849688350622092,0.5217754803661891,0.5297573703255632,-7.895178445957462,11.900637606397613,11.914969700341052,0.6417914565032411,0.6275075803602512,-9.192686957264897,11.985001626860045,11.90015639631578,0.681815769160937,0.5297573703255632,-7.895178445957462,11.938082851541113,11.91266263977882,0.6142395889393929,0.6275075803602512,-9.192686957264897
3901.831503998258,11.80453031774653,11.768653093953755,0.5369671487262736,0.5178902656915833,-7.730241522912616,11.74107620587584,11.987343361949174,0.6623818007166516,0.6134655824210182,-9.014378475649096,11.784910131312744,11.771631015900502,0.5323003508666095,0.5178902656915833,-7.730241522912616,11.959849650630531,11.960545806951615,0.6455519300775097,0.6134655824210182,-9.014378475649096,11.783356207193476,11.773397535431613,0.5161795030189749,0.5178902656915833,-7.730241522912616,11.919119776463145,11.959519245537445,0.6116138881585843,0.6134655824210182,-9.014378475649096,11.895848282992127,11.835774255798517,0.6671693225112216,0.5178902656915833,-7.730241522912616,11.99210773005692,11.957908839932635,0.5857691022170998,0.6134655824210182,-9.014378475649096
3946.2936530450393,11.724653919675633,11.677538555865885,0.5388865232710732,0.5062873500795959,-7.567786538448631,11.74091180068764,11.999553663518775,0.6441674439389097,0.5997358771288543,-8.837060763693655,11.6642226400277,11.680996672931883,0.4900349139257132,0.5062873500795959,-7.567786538448631,11.975519880269221,11.98842502129403,0.5619793603182777,0.5997358771288543,-8.837060763693655,11.74388599096145,11.683049984671003,0.5250715325197974,0.5062873500795959,-7.567786538448631,11.964818724811046,11.987862932049627,0.5935319978467383,0.5997358771288543,-8.837060763693655,11.79201088354073,11.756634336801053,0.6432721151263463,0.5062873500795959,-7.567786538448631,11.988260265839719,11.986969071918342,0.561764306980166,0.5997358771288543,-8.837060763693655
3991.2624571577376,11.629374971093066,11.573398920350888,0.5325403053647325,0.49494277455728847,-7.407895994159444,11.762395972709566,11.995055006296074,0.657841586067638,0.5863115622738758,-8.661051776994137,11.567754820840195,11.57730095821383,0.5075841568299511,0.49494277455728847,-7.407895994159444,12.034654434242224,11.999737533518726,0.5697273547989783,0.5863115622738758,-8.661051776994137,11.617898853558911,11.579619490788861,0.5130479406052382,0.49494277455728847,-7.407895994159444,12.009635387837559,11.999647015252084,0.6173989165162538,0.5863115622738758,-8.661051776994137,11.643247510218828,11.663622040767102,0.6249735295656,0.49494277455728847,-7.407895994159444,12.021679562128433,11.999480980654052,0.5607688965731069,0.5863115622738758,-8.661051776994137
4036.7436897719913,11.494090604992088,11.457294519947078,0.5189698127410382,0.4838508184500922,-7.250634296335018,11.743882190502124,11.973900534924017,0.5985352911080352,0.5731858866149185,-8.486625401893026,11.453109196825508,11.46160184962155,0.4931627218061061,0.4838508184500922,-7.250634296335018,11.990651441585326,11.994338605200916,0.5782710140097314,0.5731858866149185,-8.486625401893026,11.49091956880345,11.46416261029392,0.5064648005188415,0.4838508184500922,-7.250634296335018,11.995917078563895,11.9947208854411,0.5761866338756675,0.5731858866149185,-8.486625401893026,11.471258775327026,11.557729924929795,0.5564289059842116,0.4838508184500922,-7.250634296335018,12.019532924284325,11.995284901208123,0.5745556847256968,0.5731858866149185,-8.486625401893026
4082.7431901128894,11.370114649726823,11.330336878624568,0.5154210089897447,0.4730058865709435,-7.096050019320273,11.62396880180686,11.936350341080466,0.6125253539012775,0.5603522466277191,-8.314015844047308,11.361133969441818,11.335009548831332,0.5013076313753897,0.4730058865709435,-7.096050019320273,11.996467739227082,11.972292655079844,0.5750643261786907,0.5603522466277191,-8.314015844047308,11.370972389247372,11.337788739967316,0.5061268223867665,0.4730058865709435,-7.096050019320273,12.00875917858825,11.973143041081977,0.562604460872378,0.5603522466277191,-8.314015844047308,11.415698288139247,11.440027315502078,0.6307003109327711,0.4730058865709435,-7.096050019320273,12.027136927583282,11.974430188047444,0.6018343870588582,0.5603522466277191,-8.314015844047308
4129.2668639446565,11.22070109346362,11.19366080107617,0.46742513440641253,0.46240250650850584,-6.944177924931011,11.442726290443979,11.882861233486153,0.5970942708961392,0.5478041833228432,-8.143421769167803,11.20163246350435,11.198658481209467,0.4642231204737166,0.46240250650850584,-6.944177924931011,11.993286687870249,11.933870700118238,0.550742864695142,0.5478041833228432,-8.143421769167803,11.208233560871546,11.2016320641131,0.4876023156759269,0.46240250650850584,-6.944177924931011,11.96036077497615,11.93517876500943,0.5372404684092383,0.5478041833228432,-8.143421769167803,11.237878548528812,11.31163064891168,0.5684001458040102,0.46240250650850584,-6.944177924931011,11.966399664555277,11.937173254575072,0.6213350969411932,0.5478041833228432,-8.143421769167803
4176.320684328881,11.076098598830097,11.048399470736872,0.47323470904383746,0.4520353259732857,-6.795040758234576,11.396358833097143,11.814069219925539,0.5478081005367553,0.5355353791304208,-7.975010159845671,11.073137070578282,11.053682273399284,0.45556346874626263,0.4520353259732857,-6.795040758234576,11.886854661183916,11.879539706323987,0.5831331859024849,0.5355353791304208,-7.975010159845671,11.094009926098915,11.05682646077078,0.4939263018602789,0.4520353259732857,-6.795040758234576,11.899801060056832,11.881289695095065,0.5295098720114925,0.5355353791304208,-7.975010159845671,11.102695030444206,11.173675929791136,0.5146227074660681,0.4520353259732857,-6.795040758234576,11.875093115578636,11.8839674845601,0.5871574269087675,0.5355353791304208,-7.975010159845671
4223.910692391379,10.866284525614942,10.895663229681308,0.43635788203069736,0.44189911019975314,-6.648650839904063,11.385356667631362,11.730766075638408,0.5628250736446333,0.5235396548510679,-7.808919870614125,10.907582388375861,10.901192395451282,0.43565302272603446,0.44189911019975314,-6.648650839904063,11.82934550356561,11.809944713133492,0.5008277707123645,0.5235396548510679,-7.808919870614125,10.940177674340935,10.90448406192113,0.4693763994563794,0.44189911019975314,-6.648650839904063,11.832686869047809,11.81211613595357,0.5053557646943015,0.5235396548510679,-7.808919870614125,10.927120250138891,11.02729431620208,0.4976418441896966,0.44189911019975314,-6.648650839904063,11.772583870577515,11.815445835253605,0.5482392900061602,0.5235396548510679,-7.808919870614125
4272.0429980978015,10.714384838275901,10.736522347507883,0.42400006210209795,0.4319887394035215,-6.505011474711409,11.36682275390698,11.633871736272088,0.5424709499061567,0.5118109666714752,-7.645264876914429,10.755759374531346,10.742260786723318,0.4154219977544249,0.4319887394035215,-6.505011474711409,11.68817295824429,11.72588513032954,0.5129334527950749,0.5118109666714752,-7.645264876914429,10.772925975097904,10.745677794163965,0.4635824875145554,0.4319887394035215,-6.505011474711409,11.742051938289329,11.728453497800588,0.5187002571827818,0.5118109666714752,-7.645264876914429,10.824905430250377,10.873591451115171,0.5103986320543035,0.4319887394035215,-6.505011474711409,11.727989517115253,11.732397498155827,0.5526150919379288,0.5118109666714752,-7.645264876914429
4320.72378103808,10.56613332791456,10.57199377870458,0.43185464498918236,0.422299206292635,-6.36411819471522,11.241425978139748,11.52440440640168,0.5305262705539914,0.5003434032432542,-7.48413722333636,10.56295818162002,10.577906474726133,0.39713720233715555,0.422299206292635,-6.36411819471522,11.594401185863305,11.628286959398384,0.46318045801864494,0.5003434032432542,-7.48413722333636,10.609738726281423,10.581427914864578,0.4756086540896208,0.422299206292635,-6.36411819471522,11.673128939486602,11.631224607240057,0.536103733025768,0.5003434032432542,-7.48413722333636,10.581218111349616,10.713630799825118,0.4499282431815592,0.422299206292635,-6.36411819471522,11.660914238443402,11.635740350877338,0.505250468811207,0.5003434032432542,-7.48413722333636
4369.959291219807,10.421859217298714,10.403031674548933,0.40532763998336285,0.41282561363129194,-6.225959854475952,11.27798452124106,11.403450222131195,0.5307144021275573,0.48913118282323786,-7.3256096831621615,10.40424458444106,10.409085959920311,0.3796219946284347,0.41282561363129194,-6.225959854475952,11.506123411622095,11.518172832524442,0.48286556185243,0.48913118282323786,-7.3256096831621615,10.441268813860411,10.412692320957524,0.4579029559597812,0.41282561363129194,-6.225959854475952,11.610108439527815,11.521449782105396,0.5307577139346985,0.48913118282323786,-7.3256096831621615,10.43576421030151,10.54842095520895,0.44148475706866197,0.41282561363129194,-6.225959854475952,11.522958116081824,11.526491090229111,0.4749848346021058,0.48913118282323786,-7.3256096831621615
4419.755849870651,10.251291246935896,10.230521258638367,0.3863977145325518,0.40356317185584084,-6.09051959429287,11.124957344220114,11.272134084982504,0.4943752191256718,0.4781686504748292,-7.1697381455618325,10.244753276803378,10.236686979871283,0.3530181922185045,0.40356317185584084,-6.09051959429287,11.387684101836596,11.396631699680839,0.4740753377211393,0.4781686504748292,-7.1697381455618325,10.259062792125471,10.240360246432644,0.4342558063007987,0.40356317185584084,-6.09051959429287,11.487478323840136,11.400216505102083,0.526627131533279,0.4781686504748292,-7.1697381455618325,10.384398812968662,10.37890665021063,0.5373595710457826,0.40356317185584084,-6.09051959429287,11.427383854548525,11.405734887650246,0.46619879257594127,0.4781686504748292,-7.1697381455618325
4470.119850249951,10.074484386753168,10.055275587432549,0.41369589803070717,0.39450719674076234,-5.957775686091161,10.93555382876667,11.131592949510036,0.4734946626577227,0.4674502753287004,-7.016563749311697,10.058940471051981,10.061525176205379,0.3657749325369577,0.39450719674076234,-5.957775686091161,11.228308657878705,11.264789765341598,0.46833946697039885,0.4674502753287004,-7.016563749311697,10.078136479057134,10.065248873204744,0.4071187007960065,0.39450719674076234,-5.957775686091161,11.38733633257879,11.268650306056314,0.5489521873480775,0.4674502753287004,-7.016563749311697,10.165050182461062,10.205963070334597,0.5039141785839094,0.39450719674076234,-5.957775686091161,11.284000871155355,11.274596189378375,0.46155136333965713,0.4674502753287004,-7.016563749311697
4521.057758469495,9.911131033864903,9.878034686138545,0.39863241416597794,0.3856531071145996,-5.827702275229955,10.697655893933094,10.982952459442572,0.4977461087437544,0.4569706479009797,-6.8661147831227884,9.879972808690718,9.884343154989523,0.37041320453906024,0.3856531071145996,-5.827702275229955,11.122552919947202,11.123783937190304,0.4238107574203289,0.4569706479009797,-6.8661147831227884,9.90958836053385,9.88810234619012,0.39865131683957583,0.3856531071145996,-5.827702275229955,11.28136297170924,11.127888125697618,0.5265236310111386,0.4569706479009797,-6.8661147831227884,10.068111969586166,10.03039298005252,0.5697155467464734,0.3856531071145996,-5.827702275229955,11.1864984252543,11.134211950506646,0.48457106195657934,0.4569706479009797,-6.8661147831227884
4572.576114323711,9.73315923962636,9.699466561371166,0.3789435812439742,0.3769964226243454,-5.700270030201162,10.53083306208995,10.827307441091165,0.5044975614898558,0.44672447746886473,-6.71840837291656,9.708008548755922,9.705811441013818,0.34732108294183184,0.3769964226243454,-5.700270030201162,11.017644326620063,10.974738660362105,0.4293026996708209,0.44672447746886473,-6.71840837291656,9.704714820075598,9.7095926925197,0.3393782155436183,0.3769964226243454,-5.700270030201162,11.081625690999413,10.979055045679935,0.46986535710669053,0.44672447746886473,-6.71840837291656,9.861520737854324,9.852926152800407,0.524763910228093,0.3769964226243454,-5.700270030201162,11.00935599786969,10.985708204878854,0.4545984212779573,0.44672447746886473,-6.71840837291656
4624.681532129293,9.587940498053072,9.520169631335373,0.39166235945291816,0.36853276154713377,-5.575446710958469,10.513975158313459,10.665706419146028,0.467480192103016,0.4367065895016265,-6.5734519759792,9.560384138379865,9.526530864989764,0.3780512494297168,0.36853276154713377,-5.575446710958469,10.900863575198528,10.81874662607568,0.39164364004347285,0.4367065895016265,-6.5734519759792,9.535356182160612,9.530322182873526,0.34799600410157067,0.36853276154713377,-5.575446710958469,10.959934121039945,10.82324488412403,0.49048551823642506,0.4367065895016265,-6.5734519759792,9.679860450015934,9.674220610134054,0.5011799917444053,0.36853276154713377,-5.575446710958469,10.925668150579712,10.830180486271196,0.41529924418513003,0.4367065895016265,-6.5734519759792
4677.380701574391,9.408714627358584,9.340676169866661,0.36232990355574024,0.36025783864878264,-5.4531976654767025,10.256068274612344,10.499140043510549,0.4928551813498527,0.4269119231460536,-6.431244701066191,9.40774436243518,9.347035977863015,0.39611403925782773,0.36025783864878264,-5.4531976654767025,10.718359992697263,10.656853503034117,0.4143161412726768,0.4269119231460536,-6.431244701066191,9.32715237893914,9.350826727871434,0.3160238276622403,0.36025783864878264,-5.4531976654767025,10.716751590806835,10.661504813828893,0.460587877760955,0.4269119231460536,-6.431244701066191,9.460749961947489,9.494865217884325,0.47187193064512645,0.36025783864878264,-5.4531976654767025,10.68075805156467,10.668678271656077,0.368413837354078,0.4269119231460536,-6.431244701066191
4730.68038857749,9.205525676357428,9.161456423216933,0.35076112420471517,0.35216746308765956,-5.333486263088268,10.215658970643661,10.328533115950162,0.4404316246800321,0.417335528765059,-6.291778472396134,9.171995761100094,9.167799148874487,0.36490627214460836,0.35216746308765956,-5.333486263088268,10.5052622829708,10.490046567499682,0.44012083476839003,0.417335528765059,-6.291778472396134,9.141468028722874,9.171579964806067,0.3301159619382153,0.35216746308765956,-5.333486263088268,10.546065422334216,10.494823885721313,0.433184030823763,0.417335528765059,-6.291778472396134,9.298202420164028,9.315383244228244,0.49573990316518124,0.35216746308765956,-5.333486263088268,10.535516323433994,10.502193339527492,0.4266709767853723,0.417335528765059,-6.291778472396134
4784.5874361560645,9.041364967647478,8.982923121295974,0.3565950840597524,0.3442575363631242,-5.216274272188663,10.12486040606785,10.154739779728141,0.4415481947189723,0.4079725655291696,-6.1550390541778555,9.010885723574583,8.98923506690324,0.35993772879504937,0.3442575363631242,-5.216274272188663,10.380439694905236,10.319246912228998,0.4206187753707751,0.4079725655291696,-6.1550390541778555,8.96474370015673,8.992997752953865,0.312299303055587,0.3442575363631242,-5.216274272188663,10.350523872441496,10.324125142214937,0.35824479866518566,0.4079725655291696,-6.1550390541778555,9.097656822258218,9.136236547523406,0.441963147789898,0.3442575363631242,-5.216274272188663,10.403009325900157,10.331651735002572,0.42974789787099793,0.4079725655291696,-6.1550390541778555
4839.108765305142,8.851202719609546,8.80543616384697,0.33248123443599276,0.3365240503078773,-5.10152218903688,9.845292480466973,9.978541374016606,0.35085081849732064,0.39881829905833155,-6.021006950953803,8.834284684690008,8.8117054235879,0.3563736967557263,0.3365240503078773,-5.10152218903688,10.116299359508695,10.145304792612976,0.40678568159168216,0.39881829905833155,-6.021006950953803,8.780331768208,8.81544285477613,0.3091349550037686,0.3365240503078773,-5.10152218903688,10.133511134905085,10.150260881337921,0.3479409787017388,0.39881829905833155,-6.021006950953803,8.918364266807714,8.957830124223719,0.40404743544517263,0.3365240503078773,-5.10152218903688,10.200849892430615,10.157908906536775,0.4639971827921237,0.39881829905833155,-6.021006950953803
4894.251375885867,8.682477408775277,8.629307314269036,0.3127440699705585,0.32896308512283035,-4.98918952359786,9.521322578206421,9.800646443901943,0.34795642594994697,0.38986809911417986,-5.889658197675947,8.656529779866672,8.63552360921546,0.33908611618205575,0.32896308512283035,-4.98918952359786,9.970165409275172,9.968997610062356,0.44191845208689906,0.38986809911417986,-5.889658197675947,8.633447954390153,8.639229632965622,0.3148755080682813,0.32896308512283035,-4.98918952359786,10.015903489623515,9.974010572565362,0.3844543642012016,0.38986809911417986,-5.889658197675947,8.781951788307655,8.780516805151418,0.45273371767262294,0.32896308512283035,-4.98918952359786,10.00362374648144,9.981747516657556,0.44473454841068444,0.38986809911417986,-5.889658197675947
4950.022347524202,8.492400364291633,8.454804778425963,0.3133523796484007,0.3215708074539489,-4.879235047678357,9.440976130404868,9.62169242177892,0.321197472529892,0.3811174373414058,-5.760965052097769,8.457840220779472,8.460959297268634,0.3360441865175987,0.3215708074539489,-4.879235047678357,9.869612542774512,9.791030024018243,0.4133362252209134,0.3811174373414058,-5.760965052097769,8.427187736595434,8.464628638362294,0.33987789154662257,0.3215708074539489,-4.879235047678357,9.85810456143053,9.796080915433299,0.4127498886278992,0.3811174373414058,-5.760965052097769,8.57704218949701,8.604601939600968,0.3929115940067236,0.3215708074539489,-4.879235047678357,9.82343255283691,9.803877417375178,0.3895858580755594,0.3811174373414058,-5.760965052097769
5006.42884051986,8.33475365709742,8.282157582663448,0.34092432785207627,0.3143434685102336,-4.771617009984764,9.269576423425745,9.442248543619822,0.3640648607219867,0.3725618850568966,-5.634896600802306,8.310058106244293,8.28824283067446,0.33782440600077,0.3143434685102336,-4.771617009984764,9.644846919717427,9.612035710476258,0.33624888444068923,0.3725618850568966,-5.634896600802306,8.261007156458634,8.291871001075439,0.32270557767948366,0.3143434685102336,-4.771617009984764,9.64319919945199,9.617107557711464,0.38107431963326477,0.3725618850568966,-5.634896600802306,8.359597562975626,8.430347950277802,0.3819248726921183,0.3143434685102336,-4.771617009984764,9.640624493974743,9.6249373053722,0.4288464116708948,0.3725618850568966,-5.634896600802306
5063.478096765595,8.155044717890416,8.111559694867537,0.29729467301125545,0.30727740222154365,-4.6662933221795795,9.018393119975881,9.262819623204173,0.31264768284832706,0.36419711108589764,-5.511419289001704,8.14661135896039,8.117569352654884,0.34591451046475163,0.30727740222154365,-4.6662933221795795,9.503542591969575,9.432580333503862,0.3096214701456417,0.36419711108589764,-5.511419289001704,8.126268899314706,8.12115256714937,0.3233563154684001,0.30727740222154365,-4.6662933221795795,9.478283932564377,9.437658038040581,0.4039713089930653,0.36419711108589764,-5.511419289001704,8.165915494050685,8.25797867789311,0.37324119952159673,0.30727740222154365,-4.6662933221795795,9.45389707912649,9.445497619460589,0.41380074766368585,0.36419711108589764,-5.511419289001704
5121.177440676988,7.983168571092818,7.943173855522932,0.3177171102894033,0.30036902343609645,-4.563221719524756,8.738010371232333,9.083850370735242,0.3524017310631106,0.35601887964437134,-5.390497383143313,8.035298053988202,7.9491026484167415,0.3781960217418996,0.30036902343609645,-4.563221719524756,9.250941713302353,9.253165356211802,0.27001926434165235,0.35601887964437134,-5.390497383143313,7.973298548370892,7.9526377465817175,0.32518204477522855,0.30036902343609645,-4.563221719524756,9.315697151103016,9.258235577719727,0.4218737342877211,0.35601887964437134,-5.390497383143313,8.063751619479063,8.087683462879188,0.39979343836532255,0.30036902343609645,-4.563221719524756,9.29649519108127,9.26606430226062,0.3809152264164802,0.35601887964437134,-5.390497383143313
5179.534280132783,7.805118937699859,7.777135103296777,0.3205430369321193,0.29361482615611806,-4.46235989926438,8.638104769443876,8.905730003748081,0.3306116030050725,0.3480230482662272,-5.272093374365328,7.824016801124388,7.78297868167082,0.3509700587746527,0.29361482615611806,-4.46235989926438,9.11063758213335,9.074232381006691,0.25943068371898925,0.3480230482662272,-5.272093374365328,7.783999607859082,7.786463056358168,0.29921802257908486,0.29361482615611806,-4.46235989926438,9.092989341716436,9.079283409686417,0.3870926103433706,0.3480230482662272,-5.272093374365328,7.86158345770539,7.919620933975379,0.37111268459195745,0.29361482615611806,-4.46235989926438,9.104191523204312,9.08708311138368,0.3686090849765496,0.3480230482662272,-5.272093374365328
5238.5561074259895,7.600987679400156,7.613553992638092,0.2538470331603414,0.2870113818115842,-4.363665639519907,8.365701324238769,8.728796954351019,0.33977680230123547,0.3402055657745997,-5.156168329927579,7.698358383894138,7.619308823077104,0.34770102840097095,0.2870113818115842,-4.363665639519907,8.830813912313175,8.896167770207285,0.23892823498173876,0.3402055657745997,-5.156168329927579,7.596409038330902,7.622740355366701,0.24187602710451,0.2870113818115842,-4.363665639519907,8.837473097828928,8.901189394103762,0.3000447253183395,0.3402055657745997,-5.156168329927579,7.675201520860018,7.753922490296383,0.35198572875578993,0.2870113818115842,-4.363665639519907,8.8824194977371,8.908944226950258,0.3508855062111991,0.3402055657745997,-5.156168329927579
5298.250500225788,7.450858604908744,7.452519510110057,0.24725205369714842,0.2805553375705489,-4.267096901129537,8.25304033677564,8.55334352584839,0.27006182717029475,0.3325624702966573,-5.042682198929266,7.45511695427384,7.458182777062826,0.28969252743056173,0.2805553375705489,-4.267096901129537,8.752911139399457,8.719307353901538,0.24596789475017666,0.3325624702966573,-5.042682198929266,7.4467254834647765,7.461559777472459,0.266427893585975,0.2805553375705489,-4.267096901129537,8.669159135774263,8.72429072594744,0.31494114915589144,0.3325624702966573,-5.042682198929266,7.524879459490718,7.59069547587901,0.36752028741149356,0.2805553375705489,-4.267096901129537,8.750656367412473,8.73198695853015,0.32368493909281254,0.3325624702966573,-5.042682198929266
5358.625122550413,7.295136184395069,7.294101702464553,0.2762954170346753,0.27424341468569546,-4.172611914570905,8.150645337382949,8.379620393024972,0.3107740606011455,0.3250898873203871,-4.93159407788649,7.330005952195269,7.29967121984071,0.2957081626753568,0.27424341468569546,-4.172611914570905,8.50767765676849,8.54394108050911,0.26778376829904027,0.3250898873203871,-4.93159407788649,7.301483901323252,7.302992375473566,0.252928757271137,0.27424341468569546,-4.172611914570905,8.538799150860301,8.548878588787787,0.30404153544299206,0.3250898873203871,-4.93159407788649,7.383922627157592,7.430026054474724,0.3403092474981877,0.27424341468569546,-4.172611914570905,8.568001775710671,8.556504403733477,0.3111969253270193,0.3250898873203871,-4.93159407788649
5419.68772575112,7.148683643236346,7.138354033481039,0.2540740154193831,0.2680724068764867,-4.080169253841008,8.034650876769534,8.207840874022644,0.34678539674041325,0.3177840277929226,-4.822862441089005,7.132370336015296,7.143828165540897,0.27385005138990315,0.2680724068764867,-4.080169253841008,8.401779277036987,8.37031750633274,0.25027910161873046,0.3177840277929226,-4.822862441089005,7.159755325494318,7.147092492782729,0.2420969074548987,0.2680724068764867,-4.080169253841008,8.371269198246871,8.37520265000458,0.2990752041181014,0.3177840277929226,-4.822862441089005,7.261172703597424,7.271981798285431,0.36313427806651166,0.2680724068764867,-4.080169253841008,8.36760503983768,8.38274795205528,0.26639787864737313,0.3177840277929226,-4.822862441089005
5481.446149507355,7.009053923281197,6.985315488893146,0.2430217017094617,0.26203917874561156,-3.989727898939816,8.050567317365823,8.038184928422648,0.3920361016924347,0.3106411862595247,-4.716445340068038,6.9621685482668605,6.990693079720989,0.250070675900403,0.26203917874561156,-3.989727898939816,8.232366701727514,8.198648053636841,0.20420516738537864,0.3106411862595247,-4.716445340068038,7.015854580338283,6.993899882066193,0.27086649727604223,0.26203917874561156,-3.989727898939816,8.201736974794578,8.203475326127576,0.2597565387226509,0.3106411862595247,-4.716445340068038,7.173069192636939,7.116614008082905,0.44170574269846963,0.26203917874561156,-3.989727898939816,8.211035168196425,8.210931561361095,0.2676988794423583,0.3106411862595247,-4.716445340068038
5543.908322833281,6.846296048948716,6.835012449758438,0.2553350718227251,0.25614066422972326,-3.901247288400269,7.857246153794697,7.870802856744205,0.39011820455051244,0.3036577390420569,-4.612300575990088,6.82355304103609,6.8402927605916695,0.2223785196818786,0.25614066422972326,-3.901247288400269,7.9951709057563045,8.029110993120526,0.271456186766436,0.3036577390420569,-4.612300575990088,6.846888658066314,6.843441591163507,0.2867789654923614,0.25614066422972326,-3.901247288400269,8.085191628089444,8.03387577351683,0.270786350034551,0.3036577390420569,-4.612300575990088,7.080594968950187,6.9639597842465095,0.5131697573080283,0.25614066422972326,-3.901247288400269,8.077290923482245,8.041235761197997,0.326178809376339,0.3036577390420569,-4.612300575990088
5607.082265095759,6.687618161460417,6.687460354751964,0.23384749320284193,0.2503738650832738,-3.814687363131818,7.753071750796427,7.705818692026085,0.39856337659908875,0.29683014245652384,-4.510385848331403,6.683834170686121,6.692643008445874,0.22768545395263984,0.2503738650832738,-3.814687363131818,7.832362302891828,7.861855126953667,0.29164867819507045,0.29683014245652384,-4.510385848331403,6.710737517419803,6.695733636781423,0.282330711508388,0.2503738650832738,-3.814687363131818,7.921948661271106,7.866553580047438,0.2862586333770639,0.29683014245652384,-4.510385848331403,6.926206774304699,6.81404386914185,0.5094806032691226,0.2503738650832738,-3.814687363131818,7.9069381603341595,7.873811357820411,0.3117793393451614,0.29683014245652384,-4.510385848331403
5670.976087043936,6.544201450442742,6.542665171357412,0.21028335689755273,0.24473584939470128,-3.730008602687336,7.5201444812315925,7.543333285394377,0.3703199746664951,0.2901549310686998,-4.410658882781094,6.540435466320994,6.54775010329104,0.20991899233787925,0.24473584939470128,-3.730008602687336,7.674418266808318,7.6970031637446965,0.29822152707836325,0.2901549310686998,-4.410658882781094,6.578422104913944,6.550782485977093,0.2622134529165317,0.24473584939470128,-3.730008602687336,7.7464631819766225,7.70163214880203,0.28747626527269177,0.2901549310686998,-4.410658882781094,6.809996487449542,6.666880281280687,0.5191172225425023,0.24473584939470128,-3.730008602687336,7.6795756170287754,7.7087828313559665,0.2895367365849442,0.2901549310686998,-4.410658882781094
5735.597991850564,6.375388815697548,6.400624695006959,0.2249696502744748,0.2392237501347896,-3.647172054927026,7.16021963761908,7.383427095386668,0.3239019408531811,0.28362871598698225,-4.313077540964465,6.372395940146466,6.4056121097742285,0.2024834216085727,0.2392237501347896,-3.647172054927026,7.497672693632318,7.534654787847991,0.3112632268674036,0.28362871598698225,-4.313077540964465,6.429361501012474,6.4085863645418755,0.24366488226236332,0.2392237501347896,-3.647172054927026,7.521586233682889,7.539211775914753,0.2725531772843218,0.28362871598698225,-4.313077540964465,6.67380491419307,6.52247376112839,0.5563407698018006,0.2392237501347896,-3.647172054927026,7.542510548682315,7.5462514268446546,0.24335361266303587,0.28362871598698225,-4.313077540964465
5800.956276165188,6.254539470285845,6.261329694037529,0.2386427506430867,0.2338347637360037,-3.566139359934257,7.088026361131129,7.226162696025726,0.30912689059566184,0.2772481831917124,-4.217599914258894,6.242336043257997,6.266220027312382,0.20266258725905018,0.2338347637360037,-3.566139359934257,7.393881803355693,7.3748894331216235,0.3408785807737209,0.2772481831917124,-4.217599914258894,6.264585182346334,6.269136410225055,0.22296540438380658,0.2338347637360037,-3.566139359934257,7.325783866091513,7.37937243249837,0.24780624689481912,0.2772481831917124,-4.217599914258894,6.5553443348325935,6.380821047454011,0.5584512515459332,0.2338347637360037,-3.566139359934257,7.372875304236168,7.386297948803694,0.24587376127998803,0.2772481831917124,-4.217599914258894
5867.059331179325,6.080330441267229,6.124764917008182,0.24174835565575037,0.22856614870247383,-3.486872768930401,6.93018010505537,7.071587021847373,0.25674733817924505,0.27101009190029784,-4.124184403701253,6.153419136976017,6.129558802020513,0.25108566151875755,0.22856614870247383,-3.486872768930401,7.257329442426635,7.217768776349506,0.29781242146954434,0.27101009190029784,-4.124184403701253,6.106609733059495,6.132417687419915,0.22382921220207114,0.22856614870247383,-3.486872768930401,7.195113696779536,7.222176265755246,0.27653221322096855,0.27101009190029784,-4.124184403701253,6.400057917519501,6.241912001912722,0.555458611537019,0.22856614870247383,-3.486872768930401,7.2054093786054,7.22898527423723,0.24806924515400305,0.27101009190029784,-4.124184403701253
5933.915643703814,5.977878739769823,5.990909977544207,0.23171379359101152,0.2234152242498247,-3.4093351588461065,6.865530145622871,6.919733369785822,0.2609347062848603,0.2649112729675275,-4.032789787736491,6.024118520896871,5.995608215653129,0.2513992732070027,0.2234152242498247,-3.4093351588461065,7.09549619727392,7.063338968657382,0.27302536191571236,0.2649112729675275,-4.032789787736491,5.984096312724084,5.998410078554793,0.20796364665241446,0.2234152242498247,-3.4093351588461065,7.092066241991041,7.067669837534771,0.27169869608589103,0.2649112729675275,-4.032789787736491,6.372580986189178,6.105730598209826,0.619988177292286,0.2234152242498247,-3.4093351588461065,7.06006903133676,7.074360602251291,0.19635584080968913,0.2649112729675275,-4.032789787736491
6001.533797258377,5.893575286302969,5.85974013049586,0.23665637434224684,0.2183793689742412,-3.3334900431235406,6.658230174691512,6.770623178419395,0.2566034641478258,0.2589486273198156,-3.9433752793457133,5.884567899342385,5.864343665394699,0.2661052458710367,0.2183793689742412,-3.3334900431235406,6.9872207722684125,6.911632624883892,0.2540687038095799,0.2589486273198156,-3.9433752793457133,5.8403050205965545,5.867089066055902,0.2163034305800105,0.2183793689742412,-3.3334900431235406,6.958445142646383,6.91588612026922,0.26437966971988225,0.2589486273198156,-3.9433752793457133,6.278197366257306,5.972255790819646,0.6502173334442078,0.2183793689742412,-3.3334900431235406,6.934050041313715,6.922457460158108,0.2745945130726764,0.2589486273198156,-3.9433752793457133
6069.922473173664,5.762503576976664,5.73122695186787,0.22463682687485587,0.21345601955034046,-3.2593015792545947,6.496945646445909,6.624267604901924,0.24863845452228767,0.2531191244232562,-3.8559005739018337,5.746338342872742,5.735736847001066,0.23817671043886057,0.21345601955034046,-3.2593015792545947,6.859169009279634,6.7626705914167,0.24572336231180736,0.2531191244232562,-3.8559005739018337,5.742628369264635,5.7384264174099195,0.2092191967979085,0.21345601955034046,-3.2593015792545947,6.859240307527253,6.7668462707953605,0.28876983455812877,0.2531191244232562,-3.8559005739018337,6.168880522542073,5.841462276853395,0.6214071432611208,0.21345601955034046,-3.2593015792545947,6.796549329438865,6.773297486569555,0.2795312701569906,0.2531191244232562,-3.8559005739018337
6139.0904517058225,5.634556878984011,5.605338933709286,0.21396678807109104,0.20864266945697824,-3.1867345734956336,6.445210763040609,6.48066891919356,0.227113161200785,0.24741980078443837,-3.7703258889349307,5.60882372447437,5.609756352525621,0.24223203145553973,0.20864266945697824,-3.1867345734956336,6.677221579107715,6.616463512792599,0.19977281967766047,0.24741980078443837,-3.7703258889349307,5.618052941942844,5.612390784586721,0.20058218313735826,0.20864266945697824,-3.1867345734956336,6.635920377784492,6.620561202372923,0.2751988172387324,0.24741980078443837,-3.7703258889349307,6.017788862753058,5.713321163350175,0.610505114248661,0.20864266945697824,-3.1867345734956336,6.67099945167237,6.626892011813126,0.30410399173635133,0.24741980078443837,-3.7703258889349307
6209.046613163771,5.509141048123205,5.482042003975424,0.19060967484740388,0.2039368677305602,-3.1157544831470223,6.353886827246918,6.339821734151636,0.21133823748298547,0.2418477584835642,-3.686611996844895,5.491470776731831,5.4863681926820735,0.2172885932971622,0.2039368677305602,-3.1157544831470223,6.52524955651706,6.473013216625432,0.22998930587770006,0.2418477584835642,-3.686611996844895,5.498692906952451,5.488948227897645,0.20472783934726896,0.2039368677305602,-3.1157544831470223,6.444324544062269,6.477032974491927,0.2000552163998136,0.2418477584835642,-3.686611996844895,5.907723159224371,5.5878005510097815,0.610569425165882,0.2039368677305602,-3.1157544831470223,6.500686600879271,6.483243455300697,0.2742259313359892,0.2418477584835642,-3.686611996844895
6279.799939049322,5.3777896132154,5.36129998028356,0.20387724106683336,0.19933621774540372,-3.0463274167359544,6.173596847964668,6.201714088787629,0.1604463196297627,0.236400163739007,-3.6047202514698258,5.379733034840933,5.365536252801705,0.21560692549974703,0.19933621774540372,-3.0463274167359544,6.435819995377586,6.3323139353603155,0.2622190681497705,0.236400163739007,-3.6047202514698258,5.390431101145651,5.368062673270169,0.22065943795549342,0.19933621774540372,-3.0463274167359544,6.354180259271931,6.336256018998851,0.2613888321386667,0.236400163739007,-3.6047202514698258,5.599175203920847,5.464866044218234,0.47042217851799695,0.19933621774540372,-3.0463274167359544,6.302054225462618,6.342346558432897,0.23094715622320913,0.236400163739007,-3.6047202514698258
6351.359513210294,5.2590841219409405,5.243074965491722,0.183462569012378,0.194838376020046,-2.978420132399378,5.961623864536187,6.066328400639201,0.19970047390716922,0.23107424550258254,-3.524612609308746,5.251600928296614,5.247222690349344,0.18713303632274303,0.194838376020046,-2.978420132399378,6.246101404469468,6.1943533820872885,0.26110319383762737,0.23107424550258254,-3.524612609308746,5.2645627933039645,5.249696310922344,0.2208780910033868,0.194838376020046,-2.978420132399378,6.209437768108343,6.19821821981399,0.26337061652431004,0.23107424550258254,-3.524612609308746,5.436617513492392,5.344481196143567,0.42181175872203003,0.194838376020046,-2.978420132399378,6.148414398356601,6.204189470367466,0.1631784858602768,0.23107424550258254,-3.524612609308746
6423.734523006762,5.092313793648486,5.127327692129065,0.1214504331739591,0.1904410510498435,-2.9120000347272375,5.724388753571481,5.9336423018206315,0.2394161776680243,0.22586729408523284,-3.4462516460960213,5.159206764116324,5.13138828105559,0.1870996800192406,0.1904410510498435,-2.9120000347272375,6.088321821150079,6.059113696289689,0.22699147160122757,0.22586729408523284,-3.4462516460960213,5.162562182994543,5.1338099425132775,0.21887783382670084,0.1904410510498435,-2.9120000347272375,6.072338721856035,6.0629018621530975,0.2333985435868683,0.22586729408523284,-3.4462516460960213,5.311578944241582,5.2266078966978124,0.4563404543709533,0.1904410510498435,-2.9120000347272375,6.018813304196768,6.068754702626695,0.14682196459899907,0.22586729408523284,-3.4462516460960213
6496.9342604906105,4.971426085581706,5.014017821895498,0.14052774376640265,0.18614200216438392,-2.847035170293495,5.514459666157889,5.803629371956217,0.243885553701977,0.22077665981222222,-3.3696005693415936,5.0094877656943995,5.01799271991095,0.16715620275906473,0.18614200216438392,-2.847035170293495,5.926238932668196,5.926572274016914,0.24640297487523655,0.22077665981222222,-3.3696005693415936,5.057423829595553,5.020363283031335,0.20045321451885895,0.18614200216438392,-2.847035170293495,5.958840792184242,5.930284465782392,0.27012785807096507,0.22077665981222222,-3.3696005693415936,5.26472486264478,5.111206710274189,0.5025801501307692,0.18614200216438392,-2.847035170293495,5.823330166459688,5.936019967131766,0.13126528465678086,0.22077665981222222,-3.3696005693415936
6570.968123598503,4.864772982805276,4.903104205720136,0.1564765105427054,0.18193903840992848,-2.783494222073451,5.4126224604514865,5.676259779891328,0.18373388351700698,0.21579975170729584,-3.2946232273734988,4.9321854799812135,4.906994882536165,0.20056664409958969,0.18193903840992848,-2.783494222073451,5.867296231181149,5.796702495612585,0.2891615628238038,0.21579975170729584,-3.2946232273734988,4.932670510477751,4.909315222949094,0.18661207219103898,0.18193903840992848,-2.783494222073451,5.786926361491393,5.800339515476159,0.263377090063183,0.21579975170729584,-3.2946232273734988,5.179215841367938,4.998237169369493,0.49435624518492194,0.18193903840992848,-2.783494222073451,5.72363825395242,5.805958910893087,0.10293690756541282,0.21579975170729584,-3.2946232273734988
6645.845617358473,4.789998535525125,4.794545109221855,0.1595397602770693,0.17783001745568944,-2.721346502921853,5.20263981505757,5.551500844850161,0.24194348347859645,0.21093403620503753,-3.221284115352879,4.799289982950968,4.798353051792504,0.18950161975846824,0.17783001745568944,-2.721346502921853,5.763063584048035,5.6694743628264375,0.23219867643880598,0.21093403620503753,-3.221284115352879,4.803043726064805,4.800624055521629,0.16592067592354615,0.17783001745568944,-2.721346502921853,5.6738812471944655,5.6730371005403235,0.22184611603519422,0.21093403620503753,-3.221284115352879,5.095138995000514,4.887658029486005,0.4979406117585379,0.17783001745568944,-2.721346502921853,5.627236706574549,5.6785417592737595,0.1181244402159046,0.21093403620503753,-3.221284115352879
6721.576355110243,4.678496003759673,4.68829840783481,0.13783896053250622,0.17381284452429868,-2.66056194826327,5.0922750390922635,5.429317526565959,0.1808268197144824,0.20617703589129888,-3.149548378674845,4.677765718898608,4.692025113915952,0.1508554767441781,0.17381284452429868,-2.66056194826327,5.561813512014509,5.5448550559135406,0.16798812672670338,0.20617703589129888,-3.149548378674845,4.720757517213649,4.694247673524026,0.16845556916049792,0.17381284452429868,-2.66056194826327,5.606584033710563,5.548344474039832,0.19642838617015024,0.20617703589129888,-3.149548378674845,5.046505018960165,4.779427490069418,0.5372372611247718,0.17381284452429868,-2.66056194826327,5.530592487624038,5.553735878517574,0.16168454270080632,0.20617703589129888,-3.149548378674845
6798.1700597394565,4.6041038457640635,4.584321755353446,0.1697999593406888,0.16988547134482587,-2.601111108127641,5.0708975099244915,5.309672852864116,0.23521953605683316,0.20152632827041914,-3.079381814115601,4.582101721727764,4.5879687279450305,0.13767830116697488,0.16988547134482587,-2.601111108127641,5.510598434718568,5.422809420188852,0.20494334174349782,0.20152632827041914,-3.079381814115601,4.6122629913443,4.5901437392074556,0.15675291745323233,0.16988547134482587,-2.601111108127641,5.3731704233525335,5.426226541227935,0.20466868043937503,0.20152632827041914,-3.079381814115601,4.935971154387154,4.673503385671257,0.5608385405190477,0.16988547134482587,-2.601111108127641,5.474338487182647,5.431506267086341,0.189072576377015,0.20152632827041914,-3.079381814115601
6875.636564926,4.447703697036802,4.482572729195161,0.16305625581019256,0.16604589512902185,-2.542965138646726,4.974236261475315,5.192528292223969,0.22830852834350396,0.19697954455941769,-3.010750869042772,4.5053214279057014,4.48614147175711,0.13920130756417648,0.16604589512902185,-2.542965138646726,5.395604964075626,5.303300390463211,0.2582163270139761,0.19697954455941769,-3.010750869042772,4.490687900886831,4.488269830798267,0.1844046369640145,0.16604589512902185,-2.542965138646726,5.303973504273195,5.306646285632408,0.19520056865982405,0.19697954455941769,-3.010750869042772,4.912043925122635,4.569843351021055,0.6137703120354656,0.16604589512902185,-2.542965138646726,5.3356708260366945,5.311815984305227,0.17866609214019222,0.19697954455941769,-3.010750869042772
6953.985816406484,4.37434219578298,4.383008955280967,0.16418549582924136,0.16229215756954413,-2.4860957931122227,4.7528253757523915,5.077844077986391,0.2521180026159386,0.19253436850796735,-2.9436226389657887,4.414696006386166,4.386500967625819,0.1485217860321375,0.16229215756954413,-2.4860957931122227,5.241186331781965,5.186289360838724,0.18214480769524877,0.19253436850796735,-2.9436226389657887,4.388092926833597,4.388583568460352,0.19735817050097976,0.16229215756954413,-2.4860957931122227,5.221827213167394,5.189565140301382,0.20002061624825374,0.19253436850796735,-2.9436226389657887,4.858576640949323,4.468404963248965,0.6610381704468002,0.16229215756954413,-2.4860957931122227,5.2249294208256964,5.194626523859052,0.20011106081524418,0.19253436850796735,-2.9436226389657887
7033.227873251183,4.252329910333593,4.285588215079997,0.13760024032418705,0.15862234385985546,-2.430475412683166,4.599995351984544,4.965579490097641,0.227594697359281,0.18818853524400755,-2.8779648636685486,4.307165652657855,4.289004989857938,0.12802744379204056,0.15862234385985546,-2.430475412683166,5.099622509728948,5.071736506485381,0.24404281067277211,0.18818853524400755,-2.8779648636685486,4.277935408354283,4.291042722286378,0.20345400611842718,0.15862234385985546,-2.430475412683166,5.0829406982075795,5.074943310854639,0.22332655044703664,0.18818853524400755,-2.8779648636685486,4.728306511903748,4.369145864105175,0.6426392815509585,0.15862234385985546,-2.430475412683166,5.116783723802484,5.079898138820277,0.14045076081186822,0.18818853524400755,-2.8779648636685486
7113.372909155482,4.17207083560422,4.190268537053311,0.15003859414969944,0.15503458173559656,-2.3760769168193128,4.510882364513729,4.855693099589993,0.17594437049768502,0.1839398301442226,-2.8137459221370253,4.199768676031749,4.193611556755127,0.13438090057441499,0.15503458173559656,-2.3760769168193128,4.949297891811031,4.959601063251493,0.21272525120473618,0.1839398301442226,-2.8137459221370253,4.190384666254163,4.195605304569383,0.20650551355238084,0.15503458173559656,-2.3760769168193128,4.918814294856185,4.962740056212744,0.15666804140734947,0.1839398301442226,-2.8137459221370253,4.615011254391341,4.2720238646763145,0.6252542880027869,0.15503458173559656,-2.3760769168193128,5.027609904030714,4.967590124113122,0.13376323827306189,0.1839398301442226,-2.8137459221370253
7194.431213746061,4.078944128352049,4.097008274459095,0.16163348777436404,0.15152704053662194,-2.3228737935067185,4.259195653745905,4.74814298038202,0.14953146745718343,0.17978608772902763,-2.75093482646688,4.073228412699241,4.100279008871612,0.11489934311319216,0.15152704053662194,-2.3228737935067185,4.832218545238345,4.849841570272705,0.1996937650612518,0.17978608772902763,-2.75093482646688,4.1018220393102585,4.102229648331238,0.18706385085743432,0.15152704053662194,-2.3228737935067185,4.862760355323902,4.852913932187223,0.194887316131788,0.17978608772902763,-2.75093482646688,4.571632104590762,4.176997034793668,0.6438819082155982,0.15152704053662194,-2.3228737935067185,4.917277121883401,4.857661061626438,0.15825037612017576,0.17978608772902763,-2.75093482646688
7276.413193901945,3.9820837495778645,4.005766171239983,0.14888411620588016,0.14809793028952364,-2.2708400893323892,4.094350088488196,4.642886892432469,0.12859804790559232,0.1757251905814847,-2.6895012149133417,3.9718829230328168,4.008966075297064,0.08931231831889241,0.14809793028952364,-2.2708400893323892,4.72328875335761,4.742416080131287,0.1807183345588721,0.1757251905814847,-2.6895012149133417,4.023666176641887,4.010874473842224,0.1981337531265444,0.14809793028952364,-2.2708400893323892,4.730195201834199,4.7454230025000275,0.11864954577075537,0.1757251905814847,-2.6895012149133417,4.424986515788259,4.0840237790591765,0.5890912273727169,0.14809793028952364,-2.2708400893323892,4.805292430339439,4.75006903256776,0.20142126137218605,0.1757251905814847,-2.6895012149133417
7359.329375090629,3.883415597094651,3.9165014175023076,0.16481373535958965,0.14474550081011148,-2.2199503994585563,3.942734669797266,4.539882439798263,0.10861401670560483,0.17175506828958764,-2.6294153442249253,3.8826452872025494,3.919631929481092,0.0806475012857708,0.14474550081011148,-2.2199503994585563,4.595022652658597,4.637282340572038,0.16274194402126896,0.17175506828958764,-2.6294153442249253,3.920677024256028,3.921498944651911,0.15176326260358391,0.14474550081011148,-2.2199503994585563,4.6104531901062344,4.640225021254015,0.19198388989173687,0.17175506828958764,-2.6294153442249253,4.390746819455007,3.993062901178393,0.6251314434114006,0.14474550081011148,-2.2199503994585563,4.668891840061751,4.644771801103127,0.17894069526254172,0.17175506828958764,-2.6294153442249253
7443.190402719406,3.8093919543376864,3.8291736959113494,0.12788926105564513,0.14146804082532366,-2.170179857538809,3.8976513341861696,4.439087206714972,0.10048960161562243,0.16787369641148564,-2.570648081384639,3.8124618924679416,3.8322362359297446,0.08463468411448338,0.14146804082532366,-2.170179857538809,4.468908883064866,4.5343979513006305,0.12602279289402873,0.16787369641148564,-2.570648081384639,3.8325913505843623,3.8340627144660786,0.15125721128879716,0.14146804082532366,-2.170179857538809,4.547316945604219,4.537277590391145,0.17870452568887096,0.16787369641148564,-2.570648081384639,4.231896244251715,3.9040736580830986,0.5218436128627539,0.14146804082532366,-2.170179857538809,4.643098804797735,4.541726972839876,0.19367191018826632,0.16787369641148564,-2.570648081384639
7528.007043502115,3.734757260460914,3.7437432201639043,0.12309022615693699,0.13826387711442628,-2.121504125613254,3.8738788627393688,4.340458874441542,0.1296283805097464,0.1640790954631505,-2.5131708948660902,3.723476735581849,3.7467391889404613,0.0876011121811755,0.13826387711442628,-2.121504125613254,4.415558312621241,4.433720498961667,0.20600180981545813,0.1640790954631505,-2.5131708948660902,3.740440387368114,3.7485259660387142,0.14404991199151757,0.13826387711442628,-2.121504125613254,4.480662471001949,4.436538295248806,0.15882165033194184,0.1640790954631505,-2.5131708948660902,4.138312636700814,3.817015805142712,0.5103317931272295,0.13826387711442628,-2.121504125613254,4.465936730203599,4.440892131279928,0.16638718243436842,0.1640790954631505,-2.5131708948660902
7613.790186841448,3.643023290971025,3.6601707665555505,0.15331163121883484,0.13513137366875042,-2.073899384014561,3.7861788015044993,4.243955321274877,0.12973720119907534,0.1603693299280547,-2.4569558454988596,3.6546896693859536,3.6631015443984385,0.10690305871076666,0.13513137366875042,-2.073899384014561,4.301716784695359,4.3352076730182425,0.1536981816860925,0.1603693299280547,-2.4569558454988596,3.620325554652023,3.6648494431052976,0.11320147625676551,0.13513137366875042,-2.073899384014561,4.3917824883601675,4.337964820945267,0.15830423724978282,0.1603693299280547,-2.4569558454988596,4.215937217741752,3.7318496336046687,0.6579820439851671,0.13513137366875042,-2.073899384014561,4.387085510100747,4.342224954990012,0.21346724440053508,0.1603693299280547,-2.4569558454988596
7700.550846227014,3.5461631939742753,3.578417699535657,0.15841618637429888,0.13206893086986396,-2.027342321311509,3.667953892772912,4.149534707847301,0.16517604694623927,0.15674250728827552,-2.4019755770241056,3.60425288409681,3.581284645530646,0.1284514499685121,0.13206893086986396,-2.027342321311509,4.255341202568032,4.23881736492268,0.06497957456585213,0.15674250728827552,-2.4019755770241056,3.573011711604382,3.5829944762558523,0.15927664479206155,0.13206893086986396,-2.027342321311509,4.274917519296942,4.241515051993073,0.13789324831246852,0.15674250728827552,-2.4019755770241056,4.107325093790774,3.6485360012630244,0.6465260706445095,0.13206893086986396,-2.027342321311509,4.283253918507708,4.245683317901456,0.18756045890434522,0.15674250728827552,-2.4019755770241056
7788.300160649334,3.481118175268208,3.4984459920322823,0.15559852472136348,0.1290749846856484,-1.9818101243139057,3.7065917018192365,4.057155549559854,0.18586265007724173,0.15319677707662824,-2.348203306412014,3.5199479608113395,3.501250443403714,0.13250969100080545,0.1290749846856484,-1.9818101243139057,4.1774941170752,4.144507752676081,0.10402083699057862,0.15319677707662824,-2.348203306412014,3.49403042975608,3.5029230035367127,0.171152913238174,0.1290749846856484,-1.9818101243139057,4.141553611121347,4.147147157245246,0.0721307073897971,0.15319677707662824,-2.348203306412014,3.911327696384659,3.5670363572307826,0.5157213573956954,0.1290749846856484,-1.9818101243139057,4.152091760192678,4.151225374856715,0.1698181783898108,0.15319677707662824,-2.348203306412014
7877.049396029946,3.4429220880986198,3.420218241232668,0.1842694186543231,0.12614800588384648,-1.9372804681577829,3.7204823104512186,3.9667767777776652,0.1643694865522975,0.14973032994957258,-2.295612814002091,3.453718785456919,3.4229615128549873,0.12887086315768825,0.12614800588384648,-1.9372804681577829,4.094060862816193,4.052237372616818,0.1310036543905151,0.14973032994957258,-2.295612814002091,3.4452369907481586,3.424597586471159,0.15398562560813095,0.12614800588384648,-1.9372804681577829,4.042286159939515,4.054819662021924,0.13969100271665902,0.14973032994957258,-2.295612814002091,3.842753073674491,3.487312761584932,0.5635005897520005,0.12614800588384648,-1.9372804681577829,3.9819576753035704,4.058809634260367,0.08274270217413546,0.14973032994957258,-2.295612814002091
7966.809946667833,3.4035721021343446,3.343697680420512,0.15930535896066267,0.12328649926286411,-1.8937315064878284,3.738377938282173,3.8783577912133467,0.15560703573996876,0.1463413967800798,-2.2441784335197466,3.3852155297391113,3.346381064459887,0.10943856825782894,0.12328649926286411,-1.8937315064878284,3.975788529005846,3.961965180052732,0.10786398817440657,0.1463413967800798,-2.2441784335197466,3.3819966312936387,3.347981422105131,0.1564436512319725,0.12328649926286411,-1.8937315064878284,3.9176432421156147,3.964491509037853,0.11577558498491058,0.1463413967800798,-2.2441784335197466,3.7657627446556536,3.4093279005562342,0.5459712281411688,0.12328649926286411,-1.8937315064878284,3.8779207053933358,3.968395019464706,0.11463023659748303,0.1463413967800798,-2.2441784335197466
8057.593336702269,3.295268751191053,3.2688481873965367,0.12496347293678134,0.12048900289935463,-1.851141861750828,3.639843312989503,3.791858498749212,0.11660523882774648,0.1430282477703058,-2.1938750420152537,3.311380648836811,3.2714729530656204,0.13794783848771508,0.12048900289935463,-1.851141861750828,3.8743110438103754,3.8736506001531845,0.1794273639752435,0.1430282477703058,-2.1938750420152537,3.267875300739531,3.2730383516082453,0.15751743600273987,0.12048900289935463,-1.851141861750828,3.831424326026255,3.8761221095520018,0.11266804601308522,0.1430282477703058,-2.1938750420152537,3.685125897356379,3.333045097854722,0.5651189539496135,0.12048900289935463,-1.851141861750828,3.8327776609479485,3.879940920319203,0.16999175493698368,0.1430282477703058,-2.1938750420152537
8149.4112215924015,3.1553540706408154,3.195634289944172,0.11839730068276644,0.11775408741217014,-1.809490615611509,3.5854369577670844,3.70723935479526,0.10695819245261767,0.13978919158363992,-2.1446780497647966,3.2457211024936945,3.1982016833540996,0.14319293898944863,0.11775408741217014,-1.809490615611509,3.760367793795244,3.787253570342682,0.19771331385275404,0.13978919158363992,-2.1446780497647966,3.127865030793309,3.1997328658951547,0.10344822830817772,0.11775408741217014,-1.809490615611509,3.8451885719613017,3.7896713859859354,0.22602547892343516,0.13978919158363992,-2.1446780497647966,3.6344015524187108,3.2584283226470707,0.583886934444549,0.11775408741217014,-1.809490615611509,3.71034837123455,3.7934072361373876,0.15865092772011566,0.13978919158363992,-2.1446780497647966
8242.275389613664,3.1224210012817832,3.1240211687440693,0.11763104679539615,0.11508035524256909,-1.768757299500388,3.4676182393753403,3.6244613881435317,0.16987216129392707,0.13662257449559395,-2.096563390167532,3.172494944540085,3.126532412840674,0.14074532667000716,0.11508035524256909,-1.768757299500388,3.649959671295764,3.702734575284862,0.12725305633906658,0.13662257449559395,-2.096563390167532,3.0934716828953697,3.128030108674638,0.09588587618498305,0.11508035524256909,-1.768757299500388,3.698137186204452,3.7050998071037884,0.21412962040658912,0.13662257449559395,-2.096563390167532,3.5964706991637745,3.1854421946392493,0.5920121391582471,0.11508035524256909,-1.768757299500388,3.678597441602905,3.7087544111809874,0.12954313247634106,0.13662257449559395,-2.096563390167532
8336.197763371241,3.026941025792141,3.053974658092125,0.08704099001932597,0.11246643994993319,-1.7289218853013757,3.319344761598751,3.5434862251628028,0.18830516744493203,0.1335267795632148,-2.0495075096681385,3.089399513161417,3.0564309526645292,0.1420522000874216,0.11246643994993319,-1.7289218853013757,3.5883617366296106,3.620054675411927,0.08807147379944902,0.1335267795632148,-2.0495075096681385,3.0286554322652375,3.0578958772832414,0.09776693453847489,0.11246643994993319,-1.7289218853013757,3.575857225167452,3.6223684167121424,0.17833976057517298,0.1335267795632148,-2.0495075096681385,3.529369453288265,3.1140519866611536,0.5679342779069723,0.11246643994993319,-1.7289218853013757,3.6314615044046863,3.6259434636242025,0.13741085694950791,0.1335267795632148,-2.0495075096681385
8431.190401330787,2.9273029720025474,2.98546124473068,0.12288481236274584,0.10991100552315024,-1.6899647761850143,3.1872464396752203,3.464276108071685,0.15588065186694217,0.13050022581259013,-2.003487357729684,2.9936594448737117,2.987863766481775,0.1566592403798237,0.10991100552315024,-1.6899647761850143,3.488287090764996,3.5391755298361014,0.06952755984098169,0.13050022581259013,-2.003487357729684,2.966862293447644,2.9892966216154697,0.11367315456542552,0.10991100552315024,-1.6899647761850143,3.5698204183809352,3.541438856719909,0.1927367850511451,0.13050022581259013,-2.003487357729684,3.480260058549956,3.0442236251007957,0.6165370498566309,0.10991100552315024,-1.6899647761850143,3.608681891517239,3.5449360088439996,0.18449948868030583,0.13050022581259013,-2.003487357729684
8527.265499366575,2.8720304996776282,2.91844806506444,0.14493695731428857,0.107412745706842,-1.651866797592605,3.0974349718242524,3.386793908938261,0.12217097701676644,0.1275413674441261,-1.9584803768781456,2.93790313186518,2.920797967734381,0.1709791258724953,0.107412745706842,-1.651866797592605,3.3892033875654066,3.460059414376999,0.033904772843259545,0.1275413674441261,-1.9584803768781456,2.9255380667085102,2.9221994414245462,0.10238563169360208,0.107412745706842,-1.651866797592605,3.5597848400129593,3.4622733852944987,0.20910436122644527,0.1275413674441261,-1.9584803768781456,3.384279745921447,2.975923688492086,0.6213742556117596,0.107412745706842,-1.651866797592605,3.507628792826544,3.4656942777762234,0.16621072089290587,0.1275413674441261,-1.9584803768781456
8624.435392327303,2.820029796464628,2.852902900998426,0.1669885964796095,0.10497038334258851,-1.6146091883744376,3.038793624337305,3.311003139973506,0.15039073262760078,0.12464869305511517,-1.9144644928363463,2.872533373675956,2.85520131553337,0.1581654243483912,0.10497038334258851,-1.6146091883744376,3.307743040997381,3.3826692353476986,-0.002729635370563477,0.12464869305511517,-1.9144644928363463,2.837840945685004,2.8565720822326055,0.09263300640814602,0.10497038334258851,-1.6146091883744376,3.3909893699536724,3.3848348907599766,0.17103821525336038,0.12464869305511517,-1.9144644928363463,3.3193827368240396,2.9091194045228503,0.6523068743640108,0.10497038334258851,-1.6146091883744376,3.5261349143114695,3.3881811309874306,0.20028528653300634,0.12464869305511517,-1.9144644928363463
8722.712555619735,2.7537560727096015,2.788794174605827,0.13786040555426815,0.10258266972431783,-1.578173592084894,3.0240671051047303,3.236867960616015,0.06257062258661755,0.12182072487933347,-1.8714181047626872,2.7803620863310665,2.7910422093648006,0.15358198533316325,0.10258266972431783,-1.578173592084894,3.220914570238185,3.306968539663306,-0.0064782922939199405,0.12182072487933347,-1.8714181047626872,2.7827913252969694,2.792382930059414,0.09788540566936436,0.10258266972431783,-1.578173592084894,3.2923743320987207,3.3090869018024587,0.16002273675540402,0.12182072487933347,-1.8714181047626872,3.224187654741384,2.8437786456959935,0.6177376743318481,0.10258266972431783,-1.578173592084894,3.3965433368743745,3.312360069030589,0.16621197867292822,0.12182072487933347,-1.8714181047626872
8822.109606810382,2.660999206189804,2.726090941807296,0.09291909248551888,0.10024838396806102,-1.542542048436398,2.809053553025661,3.1643531818437234,0.047915875592165307,0.11905601804314879,-1.8293200756070969,2.6791136774086985,2.7282896828012806,0.10271433528202656,0.10024838396806102,-1.542542048436398,3.100442818766056,3.2329215217658955,-0.002590027602401568,0.11905601804314879,-1.8293200756070969,2.6986844427195944,2.7296010051534036,0.11246981732605991,0.10024838396806102,-1.542542048436398,3.225416238923863,3.234993594478717,0.16894230336156746,0.11905601804314879,-1.8293200756070969,3.1777289329743916,2.779869923847451,0.6445767321671179,0.10024838396806102,-1.542542048436398,3.240561694798776,3.2381952395839346,0.1051981427576579,0.11905601804314879,-1.8293200756070969
8922.639307245445,2.589386846279805,2.664762885220048,0.07705787180571988,0.09796633239540968,-1.5076969849129707,2.719586209505612,3.0934242680940245,0.03228493406980675,0.11635315983810604,-1.7881497225945862,2.603136330757495,2.6669133963780176,0.06917940209884654,0.09796633239540968,-1.5076969849129707,3.127304863005958,3.1604930277978722,0.06637731028872929,0.11635315983810604,-1.7881497225945862,2.6604794460706724,2.6681959548837284,0.09970260382558375,0.09796633239540968,-1.5076969849129707,3.188817481821687,3.1625197964622003,0.1678509594708394,0.11635315983810604,-1.7881497225945862,3.063707671525567,2.717362383699338,0.5720669366735782,0.09796633239540968,-1.5076969849129707,3.113897452422527,3.165651441809355,0.07216233481066511,0.11635315983810604,-1.7881497225945862
9024.314563689217,2.5728589105581112,2.604780306315686,0.08663025113563172,0.09573534793054969,-1.4736212085438605,2.6259908996003793,3.0240473371273513,0.007345053313302756,0.11371076900910743,-1.7478868078450542,2.577071342066936,2.606883629772987,0.07745797327517656,0.09573534793054969,-1.4736212085438605,3.0695805266039526,3.089648557403562,0.08279637039115095,0.11371076900910743,-1.7478868078450542,2.6184291461725753,2.6081380459338135,0.10305737607968428,0.09573534793054969,-1.4736212085438605,3.064698683803213,3.0916309889067817,0.10529723852647266,0.11371076900910743,-1.7478868078450542,3.07749225654551,2.6562257956037056,0.6049079414194596,0.09573534793054969,-1.4736212085438605,3.0798901884524272,3.0946941283127236,0.08606015897865413,0.11371076900910743,-1.7478868078450542
9127.148429981135,2.4819963525764845,2.546114117007081,0.048189558820228906,0.0935542895104697,-1.440297897837052,2.5484127060000783,2.9561891581256243,0.029849028167656826,0.11112749505848228,-1.7085115291361317,2.501901504914579,2.5481712734121906,0.07961537964482246,0.0935542895104697,-1.440297897837052,2.934761163868729,3.0203542634902467,0.12241561578666826,0.11112749505848228,-1.7085115291361317,2.5779851661285083,2.5493981559176926,0.09998997347826392,0.0935542895104697,-1.440297897837052,2.9924570595827937,3.0222933062613966,0.0602366130201758,0.11112749505848228,-1.7085115291361317,2.882658107635461,2.5964305476128455,0.46144756799552145,0.0935542895104697,-1.440297897837052,3.005772996262255,3.0252894050418053,0.07853135894198368,0.11112749505848228,-1.7085115291361317
9231.154108711771,2.4390436514614753,2.4887358307700227,0.08382227244492568,0.09142204150818233,-1.4077105948720445,2.460155039582689,2.889817148282896,0.07303447267460833,0.10860201756503673,-1.6700045108145913,2.447809846633356,2.490747819606039,0.06935207604605487,0.09142204150818233,-1.4077105948720445,2.9302097016396074,2.9525769502395223,0.14754929618768764,0.10860201756503673,-1.6700045108145913,2.462492105847115,2.491947764525223,0.095026001850872,0.09142204150818233,-1.4077105948720445,2.9439581267737065,2.9544735343271626,0.0924312319044055,0.10860201756503673,-1.6700045108145913,2.8244909113517225,2.5379476369946423,0.46927434301047466,0.09142204150818233,-1.4077105948720445,2.948246704293481,2.9574040294145036,0.07412145842494597,0.10860201756503673,-1.6700045108145913
9336.344952917823,2.398872030304388,2.4326175533908954,0.07699328381554593,0.08933751316862264,-1.3758431975509584,2.4479144777661985,2.8248993681114056,0.07643856280547262,0.10613304551816471,-1.6323467948602068,2.407917713522657,2.4345853533090316,0.10209592961780145,0.08933751316862264,-1.3758431975509584,2.9144556641600188,2.886284069623045,0.18199306414986993,0.10613304551816471,-1.6323467948602068,2.4614763608593364,2.435758944288864,0.10790382410870496,0.08933751316862264,-1.3758431975509584,2.84664641856382,2.8881391068123685,0.04286487237522174,0.10613304551816471,-1.6323467948602068,2.761097735191179,2.480748661296128,0.40129747262166493,0.08933751316862264,-1.3758431975509584,2.8867617880928367,2.8910054069345152,0.11988547730310381,0.10613304551816471,-1.6323467948602068
9442.73446779652,2.314499891888872,2.3777319734204343,0.016980683080164094,0.08729963805687072,-1.3446799520062287,2.4260025934348888,2.7614045156594207,0.09500773334954865,0.10371931666654294,-1.5955198321056727,2.35369146128119,2.379656542582515,0.10139818343410645,0.08729963805687072,-1.3446799520062287,2.807576854581101,2.821443716645426,0.1836150415106952,0.10371931666654294,-1.5955198321056727,2.43349324738929,2.3808043510520522,0.10341299014361542,0.08729963805687072,-1.3446799520062287,2.6782479755072828,2.8232581006084363,-0.02794376578495672,0.10371931666654294,-1.5955198321056727,2.7010163774166593,2.424805809045289,0.40403617643678036,0.08729963805687072,-1.3446799520062287,2.8264403603440598,2.826061586518951,0.19320883806291186,0.10371931666654294,-1.5955198321056727
9550.33631243951,2.2907846231547,2.324052352402531,0.07106638167140289,0.08530737351858735,-1.3142054451637044,2.3653160127827504,2.6993019198119166,0.07782436912871454,0.10135959688102195,-1.5595054736142397,2.2968796341773543,2.325934628830494,0.1017361812225539,0.08530737351858735,-1.3142054451637044,2.7389827397595896,2.7580246235083883,0.1537929159181053,0.10135959688102195,-1.5595054736142397,2.37317848012961,2.3270572142089923,0.10185816135422048,0.08530737351858735,-1.3142054451637044,2.659562252015851,2.759799229982222,0.019911563137680166,0.10135959688102195,-1.5595054736142397,2.668015178210695,2.370091850168964,0.39553898797924614,0.08530737351858735,-1.3142054451637044,2.6977109466706906,2.7625412547342503,0.10165147029426977,0.10135959688102195,-1.5595054736142397
9659.164301586516,2.241983153800611,2.2715525149380684,0.09048073336236129,0.08335970015227749,-1.2844045974589742,2.278380286925598,2.6385615328237204,0.09869440824394332,0.09905267953146767,-1.5242859622167155,2.263548520702727,2.2733934168684096,0.0995786609604623,0.08335970015227749,-1.2844045974589742,2.7250233541513866,2.695996152866539,0.15095157181351504,0.09905267953146767,-1.5242859622167155,2.3422687549690533,2.2744913267765234,0.1436460374554736,0.08335970015227749,-1.2844045974589742,2.5870755388801197,2.69773183985532,0.02881169748819723,0.09905267953146767,-1.5242859622167155,2.676203223748774,2.316580126195177,0.4770046724926713,0.08335970015227749,-1.2844045974589742,2.7678654752682177,2.700413729112017,0.20015886431778726,0.09905267953146767,-1.5242859622167155
9769.23240739898,2.176514378090465,2.220206838636062,0.08644803159227876,0.08145562129315301,-1.255262655704847,2.186914339255386,2.5791539222155806,0.07777036196244475,0.09679738487750353,-1.4898439242084502,2.2201060925633267,2.2220072648773463,0.10464920716178994,0.08145562129315301,-1.255262655704847,2.6790191708077105,2.635328290323018,0.21144670890429773,0.09679738487750353,-1.4898439242084502,2.3090392292869364,2.2230810353501704,0.12852062807852588,0.08145562129315301,-1.255262655704847,2.584876551037638,2.637025898319405,0.053692300179133956,0.09679738487750353,-1.4898439242084502,2.6978487300406564,2.264244540297947,0.5381921404083192,0.08145562129315301,-1.255262655704847,2.685861011824716,2.6396489506949012,0.11862404641629185,0.09679738487750353,-1.4898439242084502
9880.554761253912,2.164807803738681,2.1699902439963683,0.13546915250082392,0.07959416250838845,-1.2267651861078113,2.0146913239679036,2.5210502621469546,0.10202432916346432,0.09459255947228128,-1.4561623612064065,2.1865290352342366,2.1717510742885264,0.10393044755758729,0.07959416250838845,-1.2267651861078113,2.605111435796002,2.575991636294641,0.09364395899565126,0.09459255947228128,-1.4561623612064065,2.204827372633982,2.17280122998982,0.15910413540730933,0.07959416250838845,-1.2267651861078113,2.550246283537671,2.57765198851744,-0.001883050624731264,0.09459255947228128,-1.4561623612064065,2.608991978459646,2.21305954723627,0.49973445698921015,0.07959416250838845,-1.2267651861078113,2.641779012907637,2.580217475943068,0.12416097815350655,0.09459255947228128,-1.4561623612064065
9993.145655558184,2.1156143745289993,2.1208781842629736,0.11980001767636572,0.0777743711034966,-1.198898067431223,1.8795553446048043,2.464222324364906,0.05846073611781371,0.09243707557959772,-1.4232246421657047,2.1418633227457895,2.122600279637127,0.09363906328074356,0.0777743711034966,-1.198898067431223,2.599276730757574,2.5179573973594396,0.11315650782481179,0.09243707557959772,-1.4232246421657047,2.1559302417646737,2.1236273340736473,0.1655686887231445,0.0777743711034966,-1.198898067431223,2.4937349627773884,2.5195813000046385,0.053750529880912556,0.09243707557959772,-1.4232246421657047,2.508853551414026,2.1630001432304753,0.4889282972810465,0.0777743711034966,-1.198898067431223,2.575505457015779,2.5220904681156844,0.13858917718309813,0.09243707557959772,-1.4232246421657047
10107.019545583493,2.0688119535671246,2.0728466352810333,0.11942282207694255,0.07599531563949441,-1.1716474843025024,1.7969715772519372,2.4086424688150134,0.027519178761536693,0.09032983060376248,-1.391014495555058,2.086407488363759,2.0745308384185437,0.06864928811560111,0.07599531563949441,-1.1716474843025024,2.577607919525666,2.461197377185267,0.12102721457101517,0.09032983060376248,-1.391014495555058,2.0819179930139615,2.07553529415415,0.14673236622725644,0.07599531563949441,-1.1716474843025024,2.506365589212905,2.462785619687563,0.04787845088560083,0.09032983060376248,-1.391014495555058,2.501168055659577,2.1140418558141683,0.5571428900350233,0.07599531563949441,-1.1716474843025024,2.5522767621851172,2.4652396882264878,0.14582218445386638,0.09032983060376248,-1.391014495555058
10222.191051322267,1.9956706553588028,2.0258720853857217,0.12634221267981693,0.07425608546085594,-1.1449999206619919,1.747170906150591,2.354283633989471,0.0633562913241314,0.08826974653190031,-1.3595160016897057,2.0475198530425494,2.0275192209757646,0.03926009992792579,0.07425608546085594,-1.1449999206619919,2.422589900455452,2.405683967124699,0.10592300365408236,0.08826974653190031,-1.3595160016897057,2.0393054441248903,2.028501569844538,0.09969779509733971,0.07425608546085594,-1.1449999206619919,2.431674458264606,2.4072373224273913,0.08262434985620282,0.08826974653190031,-1.3595160016897057,2.428444768783818,2.066160733694104,0.5079343190008041,0.07425608546085594,-1.1449999206619919,2.4419191891835488,2.409637485660247,0.07039099537682256,0.08826974653190031,-1.3595160016897057
10338.674959364638,1.9842160141001366,1.9799315253475451,0.15310393336176353,0.072555790233723,-1.1189421533508863,1.6986856649722875,2.301119327077516,0.061053078800984366,0.0862557693885995,-1.328713585220377,1.9848797156012037,1.98154240044226,0.03225974474410243,0.072555790233723,-1.1189421533508863,2.4161242912584973,2.35139013655103,0.08344763602680794,0.0862557693885995,-1.328713585220377,2.021507963934205,1.982503123760237,0.11935882720701389,0.072555790233723,-1.1189421533508863,2.3321023109176,2.3529093613822862,0.08144465388419697,0.0862557693885995,-1.328713585220377,2.3561539637946276,2.0193333366456683,0.46206431284311567,0.072555790233723,-1.1189421533508863,2.3789674174528677,2.3552567885249642,0.1094729614649542,0.0862557693885995,-1.328713585220377
10456.486224796898,1.9794220935669569,1.9350024383942492,0.13057711556753915,0.07089355949440032,-1.0934612458355621,1.7339849925473427,2.2491236139743513,0.039884996801249954,0.0842868687025379,-1.2985920077763227,1.9276054533354465,1.9365778427609168,0.03257645820297462,0.07089355949440032,-1.0934612458355621,2.334074533117433,2.2982894229995585,0.06896799941631415,0.0842868687025379,-1.2985920077763227,1.943265973116441,1.9375174115360652,0.10796799535347805,0.07089355949440032,-1.0934612458355621,2.292337932841985,2.299775258153542,0.07923871782296665,0.0842868687025379,-1.2985920077763227,2.2479700586636313,1.973536725467746,0.4325930940418319,0.07089355949440032,-1.0934612458355621,2.3037622688500377,2.3020710938053903,0.1343245334305668,0.0842868687025379,-1.2985920077763227
10575.63997312153,1.8827565957885182,1.8910627903270991,0.1286775432847599,0.06926854220772305,-1.06854454206561,1.7599807218171695,2.1982711091974876,0.05604449205028288,0.08236203698484017,-1.2691363607608492,1.8250396082072247,1.8926034967966237,0.021011836890284526,0.06926854220772305,-1.06854454206561,2.2729796012135823,2.246355922170512,0.06753801293387718,0.08236203698484017,-1.2691363607608492,1.8935056445105367,1.8935223719366079,0.0909757784876744,0.06926854220772305,-1.06854454206561,2.2113906000030283,2.2478090927915306,0.047231040457457074,0.08236203698484017,-1.2691363607608492,2.232383505860176,1.9287484520170723,0.4440420257348743,0.06926854220772305,-1.06854454206561,2.278129770762646,2.2500544573740737,0.11854504146813136,0.08236203698484017,-1.2691363607608492
10696.15150219914,1.842792088040048,1.8480910197456542,0.09688721365730124,0.06767990633529523,-1.0441796604630489,1.7455781130929797,2.1485369657522218,0.06081491290609769,0.0804802892188832,-1.2403320582966326,1.802988146006965,1.8495977845571066,0.016717190193116023,0.06767990633529523,-1.0441796604630489,2.2147459502446845,2.1955642778414437,0.05218049132653335,0.0804802892188832,-1.2403320582966326,1.822826704494144,1.8504964170746723,0.0824429199302779,0.06767990633529523,-1.0441796604630489,2.152999746635608,2.196985493710147,0.043868313228274336,0.0804802892188832,-1.2403320582966326,2.3419066184651354,1.8849465493388138,0.5388583105179423,0.06767990633529523,-1.0441796604630489,2.207823816313977,2.19918148390881,0.11993067788511888,0.0804802892188832,-1.2403320582966326
10818.03628421251,1.839139657202431,1.8060660283935928,0.11357371865622745,0.06612683841311233,-1.020354488039926,1.7749346554785277,2.099896864982848,0.0540495648756864,0.0786406623613971,-1.2121648303190034,1.7864238587164298,1.8075395915341455,0.05269154541931776,0.06612683841311233,-1.020354488039926,2.1530135694170527,2.1458896717312745,0.027624189938002752,0.0786406623613971,-1.2121648303190034,1.7767180839525931,1.8084184227498599,0.05671680703837172,0.06612683841311233,-1.020354488039926,2.125681392451874,2.1472796275516868,0.008726671518155205,0.0786406623613971,-1.2121648303190034,2.331584240906999,1.8421095219079202,0.5728419750200073,0.06612683841311233,-1.020354488039926,2.1707004865195674,2.1494273167589837,0.034121213928363835,0.0786406623613971,-1.2121648303190034
10941.309967653033,1.761937852679433,1.7649671716352286,0.10779868612284182,0.0646085431385893,-0.9970571746418364,1.6714873076991534,2.052327006440233,0.06705840258439516,0.07684221485446922,-1.184620715814433,1.7241640640641098,1.7664082571753628,0.07681887891362726,0.0646085431385893,-0.9970571746418364,2.080842057102976,2.097307813351468,0.0050250521605745835,0.07684221485446922,-1.184620715814433,1.7019999147618758,1.7672677189174832,0.01813363077333445,0.0646085431385893,-0.9970571746418364,2.090467661031189,2.0986671890379816,0.026850417465129728,0.07684221485446922,-1.184620715814433,2.215547082208712,1.8002163359926548,0.5064282607764463,0.0646085431385893,-0.9970571746418364,2.101299470264651,2.10076762779652,-0.015957048493969873,0.07684221485446922,-1.184620715814433
11065.988379329787,1.7125409013274404,1.724774249071044,0.06728602400229355,0.0631242429667527,-0.9742761273145274,1.6305445595749213,2.005804097792411,0.032392068577131,0.07508402614841826,-1.157686056201908,1.6401157028717972,1.726183565494773,0.05890247146414019,0.0631242429667527,-0.9742761273145274,2.035510897777166,2.0497949298753824,-0.0321297751722065,0.07508402614841826,-1.157686056201908,1.6892668651313425,1.7270240802961094,-0.0014060588567216935,0.0631242429667527,-0.9742761273145274,1.966390927205314,2.051124390838737,0.006265337773313395,0.07508402614841826,-1.157686056201908,2.145401095350771,1.7592464101503298,0.48579309203845167,0.0631242429667527,-0.9742761273145274,2.058119236027021,2.0531786072829714,-0.02384563989477321,0.07508402614841826,-1.157686056201908
11192.087526401496,1.655824809745877,1.6854674952988125,0.047545681587824684,0.061673177715240696,-0.9520000047911612,1.531882503359822,1.960305344800837,-0.04965123173522052,0.07336519623501908,-1.1313474888546429,1.6609621298535278,1.6868457358285214,0.10953671378540775,0.061673177715240696,-0.9520000047911612,1.890639813371787,2.0033277560518505,-0.12104177080092149,0.07336519623501908,-1.1313474888546429,1.6432040586058303,1.6876677171202015,-0.015195386463704176,0.061673177715240696,-0.9520000047911612,1.9540073676274226,2.0046279534836793,0.038410877125705345,0.07336519623501908,-1.1313474888546429,2.0567902614537403,1.7191796058630344,0.48089557092226,0.061673177715240696,-0.9520000047911612,1.9860036865452613,2.006636953779217,-0.005411168947283253,0.07336519623501908,-1.1313474888546429
11319.623598431659,1.6394051405321304,1.6470275708251927,0.07965383398330139,0.060254604178102404,-0.9302177120976338,1.4673023913484873,1.9158084413813432,-0.04808930279248209,0.0716848451912299,-1.1055919407592953,1.6874117196193155,1.6483754137412197,0.1443930380381102,0.060254604178102404,-0.9302177120976338,1.8960626637931695,1.9578835241854986,-0.06713820994318254,0.0716848451912299,-1.1055919407592953,1.6044210848688234,1.6491792660431863,0.009146724640521063,0.060254604178102404,-0.9302177120976338,1.9404720116572634,1.9591550953406447,0.04717582504752571,0.0716848451912299,-1.1055919407592953,2.0092438565936708,1.6799962183195878,0.48486678066517275,0.060254604178102404,-0.9302177120976338,1.9212864422093126,1.9611198641202754,-0.05495089768753828,0.0716848451912299,-1.1055919407592953
11448.61296946708,1.5855719574144218,1.6094355531320903,0.03992526653958428,0.05886779574818031,-0.9089183952733368,1.469900069310632,1.8722915597658187,-0.014581475096213055,0.0700421127327165,-1.0804066223104214,1.5938081183018575,1.6107536620866048,0.08356808671794069,0.05886779574818031,-0.9089183952733368,1.7806531785957995,1.9134399542027571,-0.04392236861860943,0.0700421127327165,-1.0804066223104214,1.554699378057629,1.6115397811948815,0.02807986656845589,0.05886779574818031,-0.9089183952733368,1.9614763845226797,1.9146835226789234,0.14765490837139972,0.0700421127327165,-1.0804066223104214,1.937512945272106,1.6416769673488594,0.45187862050171557,0.05886779574818031,-0.9089183952733368,1.9104197576352173,1.9166050234745313,-0.0015652289669069522,0.0700421127327165,-1.0804066223104214
11579.072200140097,1.5742610884239387,1.5726729279001794,0.041413227611147074,0.05751204204771364,-0.8880914362049697,1.5151513975130488,1.829733340778201,0.05484165632470777,0.06843615777754045,-1.055779021237109,1.5462197265951734,1.5739619522256134,0.049800253528594636,0.05751204204771364,-0.8880914362049697,1.8072812515640395,1.8699752438194066,-0.01320020404405553,0.06843615777754045,-1.055779021237109,1.5351499193043932,1.5747307253961387,0.06186326408370117,0.05751204204771364,-0.8880914362049697,1.870656171941203,1.8711914198337196,0.15887538372452703,0.06843615777754045,-1.055779021237109,1.903937124610643,1.604202988508026,0.4664922914274685,0.05751204204771364,-0.8880914362049697,1.90625154092803,1.8730705955035183,0.0717172438613308,0.06843615777754045,-1.055779021237109
11711.01803979476,1.5070384458835329,1.5367215803920304,0.03385324810038959,0.05618664856723247,-0.8677264475709114,1.3661606288301062,1.7881128842358875,0.011011332720441018,0.06686615801919224,-1.0316968966595554,1.4909488287007264,1.5379821554037036,0.025427463030485382,0.05618664856723247,-0.8677264475709114,1.8086203844528805,1.8274680588229988,-0.08157793127671709,0.06686615801919224,-1.0316968966595554,1.5029899426104425,1.538733961532849,0.0653371586894023,0.05618664856723247,-0.8677264475709114,1.8462164447205485,1.828657439485259,0.18080715200172037,0.06686615801919224,-1.0316968966595554,1.8980325446397261,1.5675558243286094,0.5262761406095136,0.05618664856723247,-0.8677264475709114,1.853697163154766,1.830495212635757,0.034938598709875,0.06686615801919224,-1.0316968966595554
11844.467428637237,1.4841384995959364,1.501563786995628,0.08400608009968635,0.05489093631241439,-0.8478132678937579,1.4364601127074839,1.7474097394857475,0.07181983114265805,0.06533130950920399,-1.008148273272464,1.4779660289944456,1.5027965342887302,0.03534696556098616,0.05489093631241439,-0.8478132678937579,1.773221144711333,1.78589752348137,0.05523385722839458,0.06533130950920399,-1.008148273272464,1.4524890856765218,1.5035317440904061,0.03829675413990667,0.05489093631241439,-0.8478132678937579,1.8210734277380958,1.7870606930635002,0.1434822601841922,0.06533130950920399,-1.008148273272464,1.8483006441882301,1.5317174157220372,0.493671112574229,0.05489093631241439,-0.8478132678937579,1.8071940198343017,1.7888579664657884,0.11831100812263537,0.06533130950920399,-1.008148273272464
11979.437499910731,1.481315169469529,1.4671822069289613,0.06792766791150207,0.05362424145869371,-0.8283419566986252,1.4234869088645745,1.7076038960821158,0.0775177090019416,0.06383082624897253,-0.98512143565316,1.4144623812943184,1.4683877346698517,-6.550433319518073e-05,0.05362424145869371,-0.8283419566986252,1.6785793996062592,1.7452432110860756,0.019780109780455968,0.06383082624897253,-0.98512143565316,1.4258433054182849,1.4691067108491884,0.025032904118963903,0.05362424145869371,-0.8283419566986252,1.67722723482375,1.7463807412876773,0.029029029153178176,0.06383082624897253,-0.98512143565316,1.8272918916886172,1.4966700935459682,0.5394199499382717,0.05362424145869371,-0.8283419566986252,1.7768450566543037,1.7481383982876584,0.07881127586131784,0.06383082624897253,-0.98512143565316
12115.945582095172,1.470015297490129,1.433559874105656,0.10442371145223006,0.0523859150135958,-0.8093027897749714,1.3465540128331022,1.6686757746126775,0.08673192397486112,0.06236393979051396,-0.9626049226913218,1.4109437357456216,1.4347387773173752,0.03367394666226687,0.0523859150135958,-0.8093027897749714,1.6679244936865425,1.7054851346382356,0.03587009979645139,0.06236393979051396,-0.9626049226913218,1.394355605675118,1.4354418747410467,0.03499884571015936,0.0523859150135958,-0.8093027897749714,1.6016970885151274,1.7065975848480586,-0.027994594893070324,0.06236393979051396,-0.9626049226913218,1.7822987924699627,1.462396570331518,0.5193059893623202,0.0523859150135958,-0.8093027897749714,1.739144808991655,1.7083164897702847,0.08821710995573903,0.06236393979051396,-0.9626049226913218
12254.009201131972,1.455927021713777,1.4006801891609155,0.11665499689124992,0.05117532248652575,-0.7906862545396101,1.3223409671392095,1.6306062176768275,0.1183465618322665,0.060929898846175765,-0.9405875221380972,1.376327261750743,1.401833050003115,0.05129758589912626,0.05117532248652575,-0.7906862545396101,1.623888123671203,1.6666037376824998,-0.021231162162764994,0.060929898846175765,-0.9405875221380972,1.339949280603653,1.4025206158662384,0.021281977573524277,0.05117532248652575,-0.7906862545396101,1.5238791783190724,1.6676916552356011,-0.060852757884730546,0.060929898846175765,-0.9405875221380972,1.8233333322411875,1.428879932171576,0.5296961016225685,0.05117532248652575,-0.7906862545396101,1.6405397004216637,1.669372653780648,0.037929524244587474,0.060929898846175765,-0.9405875221380972
12393.646082674153,1.3642080596194917,1.3685269116369687,0.07683108332350741,0.04999184356584103,-0.7724830454987525,1.2672418839584598,1.593376481019941,0.1544070832072177,0.05952796890682831,-0.9190582652719277,1.3268632612355813,1.369654299680176,0.07825509482870507,0.04999184356584103,-0.7724830454987525,1.6429759021775832,1.6285798852937439,0.025365535107649828,0.05952796890682831,-0.9190582652719277,1.3462912418474957,1.3703266736698585,0.022406960435311693,0.04999184356584103,-0.7724830454987525,1.4702462971224612,1.6296438057243452,-0.08475680865076185,0.05952796890682831,-0.9190582652719277,1.768686933955289,1.3961036307692836,0.5007716573842069,0.04999184356584103,-0.7724830454987525,1.653493218866552,1.6312877253593594,0.10742174937074908,0.05952796890682831,-0.9190582652719277
12534.874154362087,1.3495063273065413,1.3370841523266135,0.0676078614400123,0.04883487180311667,-0.7546840598068322,1.2247411301288065,1.5569682248260344,0.12057076164895059,0.058157431868618006,-0.8980064216785202,1.305938090983376,1.3381866248208958,0.08491706707080104,0.04883487180311667,-0.7546840598068322,1.5840183793842657,1.5913948552198562,-0.0030787518512374046,0.058157431868618006,-0.8980064216785202,1.3613955364342782,1.3388441392765247,0.038921850717832204,0.04883487180311667,-0.7546840598068322,1.4399597925490077,1.5924353025096518,0.0063912033836671656,0.058157431868618006,-0.8980064216785202,1.7522411883352034,1.3640514756458935,0.5256800614637944,0.04883487180311667,-0.7546840598068322,1.5928090588906385,1.5940429528520619,0.15151139984106984,0.058157431868618006,-0.8980064216785202
12677.711548125193,1.2724820236828625,1.3063363657732112,0.0504530110519007,0.04770381430440531,-0.7372803929200877,1.2437027797864613,1.521363505170381,0.16477041248594454,0.056817585667892315,-0.8774214941425471,1.3032409105346574,1.3074144679113737,0.07316656001991695,0.04770381430440531,-0.7372803929200877,1.6192864332413572,1.555030329182892,-0.06149093925711013,0.056817585667892315,-0.8774214941425471,1.3218767919531995,1.3080574479815232,0.014252806590251231,0.04770381430440531,-0.7372803929200877,1.4308425584446205,1.5560478160049764,0.030453090985609,0.056817585667892315,-0.8774214941425471,1.833363428635485,1.332707626506426,0.6261611867502941,0.04770381430440531,-0.7372803929200877,1.5239570358675336,1.5576199891992255,0.06965965028730822,0.056817585667892315,-0.8774214941425471
12822.17660250984,1.289916133897807,1.2762683429253587,0.032574199153882044,0.046598091428302554,-0.7202633343427335,1.126532450836755,1.4865447656329358,0.1477950910649068,0.05550774392425013,-0.8572932136487199,1.2773054844611373,1.2773226081006746,0.06944614195382903,0.046598091428302554,-0.7202633343427335,1.5902399518872317,1.519468384340393,0.022169715783263877,0.05550774392425013,-0.8572932136487199,1.2745407275957668,1.2779513718967914,0.013158441443726509,0.046598091428302554,-0.7202633343427335,1.420095960453878,1.5204634122985259,0.10352286281115852,0.05550774392425013,-0.8572932136487199,1.7722580210310837,1.3020565857616209,0.5593682214618978,0.046598091428302554,-0.7202633343427335,1.5277212793904247,1.5220008833858143,0.049901653163189584,0.05550774392425013,-0.8572932136487199
12968.287865033799,1.2068434195406152,1.2468652039441113,0.024556233948722972,0.045517136490771506,-0.70362436346377,1.099300029033601,1.4524948290728357,0.13654132073375685,0.05422723559149957,-0.8376115344897439,1.2539105009970808,1.2478961540026219,0.08415528166757169,0.045517136490771506,-0.70362436346377,1.4875707921768102,1.4846914849074606,-0.11268119628454243,0.05422723559149957,-0.8376115344897439,1.2438396186906395,1.248511012749577,0.02968266476358021,0.045517136490771506,-0.70362436346377,1.4654593504747808,1.4856645447708514,0.11211770428110512,0.05422723559149957,-0.8376115344897439,1.7186432892007597,1.2720831912042234,0.5344018711284386,0.045517136490771506,-0.70362436346377,1.5110078485093914,1.4871680720518767,0.05814095916728065,0.05422723559149957,-0.8376115344897439
13116.064094567504,1.1722622799655764,1.2181123911604466,0.03390499766248822,0.04446039547644913,-0.6873551454824166,1.1069240159217941,1.419196889563753,0.034382814930413445,0.052975404616294595,-0.8183666294788148,1.1979169557276645,1.2191205366480828,0.08070693955118968,0.04446039547644913,-0.6873551454824166,1.4291732635601138,1.4506824739400033,-0.10838579303094398,0.052975404616294595,-0.8183666294788148,1.179461342579872,1.2197217948314802,0.025943135483867327,0.04446039547644913,-0.6873551454824166,1.4648100910432102,1.4516340458735066,0.11480097272165601,0.052975404616294595,-0.8183666294788148,1.769038863024342,1.2427726088375426,0.5882234909106261,0.04446039547644913,-0.6873551454824166,1.4880741031228104,1.4531043712640748,0.03275572677602597,0.052975404616294595,-0.8183666294788148
13265.52426374247,1.1058759962307971,1.1899956621807908,0.035999911111009975,0.04342732675641365,-0.6714475274202031,1.0773129034813185,1.3866345044892523,-0.02535946895370806,0.05175160960435554,-0.7995488852644974,1.1820407589773148,1.1909815025852348,0.0900255435452928,0.04342732675641365,-0.6714475274202031,1.3284522014065816,1.4174245652786166,-0.1279316232459491,0.05175160960435554,-0.7995488852644974,1.1309922875558112,1.1915694580956766,0.026805637896392828,0.04342732675641365,-0.6714475274202031,1.3071170974432533,1.4183551190683954,0.02323485473944864,0.05175160960435554,-0.7995488852644974,1.6791575432962242,1.2141103258539223,0.5124262502762038,0.04342732675641365,-0.6714475274202031,1.4922278968657579,1.4197929684481303,0.012746009939640222,0.05175160960435554,-0.7995488852644974
13416.687561387133,1.1286300631353599,1.1625010831380758,0.061017012992825026,0.04241740081216708,-0.6558935342179385,0.9464119451713728,1.3547915867969453,-0.043424183337990314,0.05055522349409342,-0.7811488977455837,1.1419367728495875,1.1634651071254756,0.08623064922815948,0.04241740081216708,-0.6558935342179385,1.2418887539400965,1.3849013356525548,-0.16663551872180427,0.05055522349409342,-0.7811488977455837,1.099572446645432,1.1640400513997158,0.041287568924824034,0.04241740081216708,-0.6558935342179385,1.3442199674066888,1.3858113309272833,0.06864252016221173,0.05055522349409342,-0.7811488977455837,1.5649924998226405,1.1860821437609648,0.4371951004397099,0.04241740081216708,-0.6558935342179385,1.3864875044394007,1.387217414481311,-0.037533481764109235,0.05055522349409342,-0.7811488977455837
13569.573394990457,1.1030277572343121,1.1356150220855654,0.04160197488547446,0.041430099965784346,-0.6406853649155713,0.9953474198988304,1.3236523974102463,-0.05332736438242087,0.04938563323745413,-0.7631574675838644,1.0935934354566037,1.1365577077322888,0.07606860137165028,0.041430099965784346,-0.6406853649155713,1.2455956621296513,1.353096716942532,-0.08602738609756932,0.04938563323745413,-0.7631574675838644,1.088191869448318,1.1371199258914897,0.004724435613107579,0.041430099965784346,-0.6406853649155713,1.3844165952076324,1.3539866033900114,0.06703514660493604,0.04938563323745413,-0.7631574675838644,1.6523988183064555,1.1586741716528044,0.5529700924432914,0.041430099965784346,-0.6406853649155713,1.345246483136941,1.3553616159437407,-0.011189229340665387,0.04938563323745413,-0.7631574675838644
13724.201393193622,1.1190233482024543,1.109324142531282,0.05073502120837403,0.04046491811603055,-0.6258153889132523,1.0478830896256472,1.2932015377957398,-0.023980953794588374,0.048242239487841794,-0.7455655958125722,1.0788666197127086,1.110245957550709,0.07855722815871657,0.04046491811603055,-0.6258153889132523,1.2105867633604612,1.3219949886007398,-0.06058892259364135,0.048242239487841794,-0.7455655958125722,1.029939653324524,1.1107957285356496,0.019665977464590687,0.04046491811603055,-0.6258153889132523,1.3437976545768837,1.3228652061801947,0.024630956982705787,0.048242239487841794,-0.7455655958125722,1.547010126072838,1.131872819624009,0.48558324925142227,0.04046491811603055,-0.6258153889132523,1.295263126068393,1.324209827527275,0.020744650905213012,0.048242239487841794,-0.7455655958125722
13880.591408310094,1.095484711563174,1.0836153971099511,0.047110793090319514,0.039521360480354734,-0.6112761423117895,0.9866639885856217,1.2634239426843286,0.03692498782392455,0.0471244562949314,-0.7283644795385142,1.0775912863173123,1.0845167990744438,0.011244925991998896,0.039521360480354734,-0.6112761423117895,1.1709354286461897,1.291580770226631,-0.08281501187044937,0.0471244562949314,-0.7283644795385142,1.004755790071254,1.0850543957779213,0.02922423304114101,0.039521360480354734,-0.6112761423117895,1.2912496714212942,1.2924317493766004,0.04340375658694484,0.0471244562949314,-0.7283644795385142,1.5667232790038972,1.1056647923234675,0.5491011113043642,0.039521360480354734,-0.6112761423117895,1.246517193892538,1.2937466446001142,-0.011187502792433003,0.0471244562949314,-0.7283644795385142
14038.763518874382,1.0673442863025557,1.0584760213901354,0.07551057339417688,0.03859894334257509,-0.5970603243308301,1.0781043053136472,1.2343048729439043,0.10983409241011771,0.046031710806316115,-0.7115455077356981,1.074664238590729,1.059357457948236,0.018372939798769534,0.03859894334257509,-0.5970603243308301,1.2827777902403215,1.261839014296267,0.0831003789723328,0.046031710806316115,-0.7115455077356981,0.9861460624039163,1.0598831473446029,0.019978736369891156,0.03859894334257509,-0.5970603243308301,1.2835120051579345,1.262671176138136,0.023720041590599483,0.046031710806316115,-0.7115455077356981,1.4723051786247565,1.0800370826455996,0.47047209098109466,0.03859894334257509,-0.5970603243308301,1.2355848512416716,1.2639569959251264,-0.02284622880181423,0.046031710806316115,-0.7115455077356981
14198.738032219995,1.040295939652522,1.033893527813619,0.09162922257978401,0.037697193806242604,-0.5831607938029898,1.0719534830306003,1.2058299086014992,0.11782671545511086,0.04496344297566918,-0.695100257128548,1.0390451665195617,1.034755436902647,0.0007191247233675549,0.037697193806242604,-0.5831607938029898,1.2124678824261261,1.2327549990431332,0.053323805043213435,0.04496344297566918,-0.695100257128548,0.9579433244051517,1.0352694801745905,0.02544963517987124,0.037697193806242604,-0.5831607938029898,1.1691988492676426,1.233568755580469,-0.035422719966477056,0.04496344297566918,-0.695100257128548,1.4663508403250438,1.0549769655562948,0.46742514064847374,0.037697193806242604,-0.5831607938029898,1.22654708306298,1.2348261365298807,-0.03569066889600229,0.04496344297566918,-0.695100257128548
14360.535487086474,1.0132009582926114,1.0098556997646349,0.07402949025623229,0.036815649553415264,-0.5695705657424526,0.9930260837179372,1.1779849420121733,0.10607568960908126,0.04391910527747943,-0.6790204881628059,1.0174287054633926,1.0106985098186796,-0.027042880271906926,0.036815649553415264,-0.5695705657424526,1.1932921883302194,1.2043143214882106,0.08818671543119216,0.04391910527747943,-0.6790204881628059,0.9050072865240572,1.011201162481305,-0.02054315496562094,0.036815649553415264,-0.5695705657424526,1.1943215989456597,1.2051100758018607,-0.04156434677992571,0.04391910527747943,-0.6790204881628059,1.4503715366168939,1.0304719920507524,0.4378988895842104,0.036815649553415264,-0.5695705657424526,1.1634400673720218,1.2063396407260218,-0.015595398007029283,0.04391910527747943,-0.6790204881628059
14524.176656256426,0.9749324043938316,0.9863505857659872,0.05435084620331565,0.03595385860881311,-0.5562828079862948,0.9406024031447171,1.1507561711724315,0.06294999456853895,0.04289816242806771,-0.6632981410620133,0.9817795607103694,0.9871747159195183,0.0356742857353003,0.03595385860881311,-0.5562828079862948,1.1304961115653276,1.1765028906167267,0.050883571341211686,0.04289816242806771,-0.6632981410620133,0.8992589707046469,0.987666227941719,-0.048648391540148064,0.03595385860881311,-0.5562828079862948,1.1729194305651625,1.1772810370558575,0.002785053400503945,0.04289816242806771,-0.6632981410620133,1.3505120655821303,1.0065099832407574,0.39380473836747054,0.03595385860881311,-0.5562828079862948,1.1682787523117386,1.1784833952756086,-0.030221311603907987,0.04289816242806771,-0.6632981410620133
14689.682549222463,0.9866343455194805,0.9633664937996653,0.0701166261488887,0.03511137910927661,-0.5432908379070732,0.8691480898949113,1.124130093175392,-0.04999598714446158,0.0419000911127812,-0.647925331967951,0.9425786995674337,0.964172354086703,0.060813678433719216,0.03511137910927661,-0.5432908379070732,1.1457977657083918,1.1493069206993005,0.0149609176195169,0.0419000911127812,-0.647925331967951,0.9073498209109604,0.9646529700099764,-0.018630688551031407,0.03511137910927661,-0.5432908379070732,1.1849930261941317,1.15006784506831,0.052584674299839596,0.0419000911127812,-0.647925331967951,1.3188840853800239,0.9830790245685284,0.4217659749348739,0.03511137910927661,-0.5432908379070732,1.2352845356046465,1.1512435927018683,-0.05061272507358253,0.0419000911127812,-0.647925331967951
14857.074414884562,0.9959773580935604,0.9408919857491795,0.09344590471789871,0.03428777907823407,-0.5305881191951156,0.7875117099599998,1.098093497805233,-0.003369493828877808,0.0409243797192927,-0.6328943491630195,0.9501369343806048,0.9416799772982275,0.07530895551754724,0.03428777907823407,-0.5305881191951156,1.0911717266479668,1.1227129247546137,-0.006944106936861649,0.0409243797192927,-0.6328943491630195,0.9029235338553504,0.9421499363529318,0.00420039055099135,0.03428777907823407,-0.5305881191951156,1.1620512518942459,1.1234570044961643,0.09767189282177136,0.0409243797192927,-0.6328943491630195,1.3420315763356163,0.9601674601446369,0.5212069440873917,0.03428777907823407,-0.5305881191951156,1.2068937915985098,1.1246067247418787,0.007236305646339224,0.0409243797192927,-0.6328943491630195
15026.37374427816,0.9796389157855504,0.9189158719610667,0.10529552858647484,0.03348263620531652,-0.518168258709034,0.7507209323992072,1.0726334612681314,0.021824798851337306,0.03997052807677265,-0.6181976493729106,0.9127585328465824,0.9196863871858783,0.07198990327292676,0.03348263620531652,-0.518168258709034,1.043824568084136,1.0967077081513263,-0.10990353436068978,0.03997052807677265,-0.6181976493729106,0.9105901698642657,0.9201459234049975,0.03164040910809067,0.03348263620531652,-0.518168258709034,1.1418225606786834,1.09743531252541,0.032604603639362684,0.03997052807677265,-0.6181976493729106,1.391710678608746,0.9377638872073026,0.5890625286551527,0.03348263620531652,-0.518168258709034,1.1354589095275336,1.0985595759384579,-0.027418296162759072,0.03997052807677265,-0.6181976493729106
15197.602273333327,0.9568690851921161,0.8974272059230654,0.08032640429951143,0.032695537630770814,-0.5060250033930115,0.7451081757307627,1.0477373400571537,0.01130778717572916,0.03903804720088758,-0.6038278541477548,0.8871564277803412,0.8981806287092851,0.09368014126120605,0.032695537630770814,-0.5060250033930115,1.035954633787708,1.0712783623463102,-0.05905587141515567,0.03903804720088758,-0.6038278541477548,0.8985538416435882,0.8986299710397411,0.02784423105064153,0.032695537630770814,-0.5060250033930115,1.089074421085698,1.0719898526055243,0.012010999809551781,0.03903804720088758,-0.6038278541477548,1.3535085853208992,0.9158571507005066,0.5510801227313289,0.032695537630770814,-0.5060250033930115,1.0643382955924277,1.073089217368711,-0.0860685538621854,0.03903804720088758,-0.6038278541477548
15370.7819856654,0.8937621467577163,0.8764152790563294,0.03345690730101658,0.031926079734737434,-0.49415223725945173,0.7379335209179623,1.0233927649483325,0.02130635931576535,0.03812645904444614,-0.589777746320109,0.9018735405464462,0.8771519849441687,0.08224862951979595,0.031926079734737434,-0.49415223725945173,1.0265453368628537,1.0464122587566442,0.0021392321810724813,0.03812645904444614,-0.589777746320109,0.9044338346590787,0.8775913573557593,0.039943516367536167,0.031926079734737434,-0.49415223725945173,1.1140348203129022,1.0471079883177001,0.07856793481863555,0.03812645904444614,-0.589777746320109,1.332105698089942,0.8944363379683816,0.5553023510748263,0.031926079734737434,-0.49415223725945173,1.0887100653637076,1.048183000506502,-0.04380663972625235,0.03812645904444614,-0.589777746320109
15545.935115397406,0.8683061071458361,0.8558696156193251,0.04472232047879643,0.031173867931177244,-0.4825439784356244,0.8127563741142165,0.9995876351252959,0.06314067399617479,0.03723529625360804,-0.5760402665380936,0.8840104504054083,0.856589971982291,0.07157458070353306,0.031173867931177244,-0.4825439784356244,0.968214293490555,1.0220970427626783,-0.018428576404087016,0.03723529625360804,-0.5760402665380936,0.8891612917592883,0.8570195935743014,0.031144605037786197,0.031173867931177244,-0.4825439784356244,1.0394861591424647,1.0227773573742713,0.06839061592134954,0.03723529625360804,-0.5760402665380936,1.209562852045652,0.8734907735633424,0.44792828346214275,0.031173867931177244,-0.4825439784356244,0.9779507156887877,1.0238285512161702,-0.08424582150891693,0.03723529625360804,-0.5760402665380936
15723.084150014634,0.8574873577269745,0.8357799677208979,0.020035532298694814,0.030438516466417095,-0.47119437627288235,0.9972674226969052,0.9763101124297592,0.07873645579294014,0.03636410192946557,-0.5626085098720748,0.8489461139446803,0.8364843339407226,0.07493277114914831,0.030438516466417095,-0.47119437627288235,0.9112941782480605,0.9983206278395172,0.0268762963522724,0.03636410192946557,-0.5626085098720748,0.8280903139982917,0.8369044190462251,0.019139620632445717,0.030438516466417095,-0.47119437627288235,1.0157033635446435,0.998985865746585,0.05325769808729419,0.03636410192946557,-0.5626085098720748,1.083735203997252,0.8530100141654966,0.35921944317054244,0.030438516466417095,-0.47119437627288235,0.9819296944839411,1.0000137638748563,-0.033447863868252194,0.03636410192946557,-0.5626085098720748
15902.251833251768,0.8209473157364101,0.8161363104401597,-0.03776114559375998,0.02971964822216511,-0.46009770851722864,0.9561352738247042,0.9535486157352908,0.11039148210844169,0.035512429394978895,-0.5494757224933378,0.8406668179283081,0.8168250380779511,0.04268737868558837,0.02971964822216511,-0.46009770851722864,0.8436361161364417,0.9750711898142315,0.0357596575859882,0.035512429394978895,-0.5494757224933378,0.8276936754040206,0.8172357963659063,0.05511594557995973,0.02971964822216511,-0.46009770851722864,0.9901215575717082,0.9757216819186649,0.10488767368877128,0.035512429394978895,-0.5494757224933378,0.9539131063267398,0.8329838436109138,0.32741638987935406,0.02971964822216511,-0.46009770851722864,0.969898013356246,0.9767267956207565,-0.07440720441914364,0.035512429394978895,-0.5494757224933378
16083.461168012884,0.8145507305982956,0.7969288370508596,-0.002125079172201727,0.029016894522918918,-0.4492483785398791,0.921401591437726,0.9312918154416996,0.15838989130267728,0.03467984196707313,-0.5366352984231703,0.8265772499457953,0.7976022700146235,0.02618467414315063,0.029016894522918918,-0.4492483785398791,0.8313761445344906,0.9523371612461806,0.0882366961962815,0.03467984196707313,-0.5366352984231703,0.7630017337505403,0.7980039065897642,0.0344862335337071,0.029016894522918918,-0.4492483785398791,1.0494860378154218,0.952973231264117,0.16453313706183892,0.03467984196707313,-0.5366352984231703,1.0687414116809146,0.8134022680264121,0.3849161479826355,0.029016894522918918,-0.4492483785398791,0.9536972276401783,0.9539560607246643,-0.08002514992461043,0.03467984196707313,-0.5366352984231703
16266.735419324708,0.8209440475110469,0.7781479543479263,0.04771344105890207,0.028329894947657752,-0.43864091262657107,0.922915050361371,0.9095286280875026,0.1044530965402381,0.03386591273377907,-0.5240807763509029,0.7822529118821031,0.7788064290564822,-0.0030831064154741503,0.028329894947657752,-0.43864091262657107,0.8000528362879046,0.9301072259278116,0.05311795962084198,0.03386591273377907,-0.5240807763509029,0.7568908503817137,0.7791991445570718,0.03448770005810946,0.028329894947657752,-0.43864091262657107,0.9558811103617728,0.9307291905435805,0.13225509679677672,0.03386591273377907,-0.5240807763509029,0.9981513891619777,0.7942555110684413,0.27646959543888006,0.028329894947657752,-0.43864091262657107,0.8247984815512832,0.9316902250822146,-0.071115619118613,0.03386591273377907,-0.5240807763509029
16452.098117323694,0.7394624977417038,0.7597842780739699,0.034939873640928876,0.02765829714573364,-0.4282699573243979,0.8159745949839305,0.8882482110778951,0.13590868438181375,0.03307022433638404,-0.5118058365193848,0.7492911854192059,0.7604281236173628,0.024429792558848147,0.02765829714573364,-0.4282699573243979,0.8182106005356279,0.9083703135034115,-0.010073859869416557,0.03307022433638404,-0.5118058365193848,0.729785391094614,0.7608121143108938,0.06561557788539378,0.02765829714573364,-0.4282699573243979,0.882612392878336,0.9089784825201174,0.044009722223092074,0.03307022433638404,-0.5118058365193848,1.0435595606748012,0.7755340092638563,0.3079376079747691,0.02765829714573364,-0.4282699573243979,0.8329785213755705,0.9099182008242026,-0.0951872384540379,0.03307022433638404,-0.5118058365193848
16639.5730602768,0.7152968605691402,0.7418286284435378,0.06942952272005776,0.02700175665688325,-0.418130276844954,0.8320674539687716,0.867439957525757,0.07682623097923419,0.032292368756383416,-0.499804297676526,0.7566593052112733,0.7424581667400371,0.07354824916907865,0.02700175665688325,-0.418130276844954,0.7929074143023457,0.887115594203264,-0.011722193012925208,0.032292368756383416,-0.499804297676526,0.7898652942622507,0.7428336246168175,0.052898799256259996,0.02700175665688325,-0.418130276844954,0.8771760115087357,0.8877102706901784,0.0576096777653482,0.032292368756383416,-0.499804297676526,1.0265875161169051,0.7572284074503481,0.3712085682560433,0.02700175665688325,-0.418130276844954,0.8310433677460476,0.8886291410425295,-0.08492157620213617,0.032292368756383416,-0.499804297676526
16829.184317637024,0.7134067815812525,0.7242720257629763,0.08194235873526068,0.02635993673522361,-0.4082167505226172,0.9235891737606015,0.8470934912032455,0.015368195605547967,0.03153194710718671,-0.48807011409145495,0.7107536861396604,0.724887571712714,0.0016641751835704335,0.02635993673522361,-0.4082167505226172,0.8091952262779064,0.8663324736906133,0.004534039374897825,0.03153194710718671,-0.48807011409145495,0.7991901151412008,0.7252546845775266,0.01484319405572858,0.02635993673522361,-0.4082167505226172,0.8602550788272829,0.866913954127438,-0.013175020865337284,0.03153194710718671,-0.48807011409145495,1.0746083178016923,0.7393295543142913,0.349818509671489,0.02635993673522361,-0.4082167505226172,0.8425245893007012,0.8678124346291696,-0.00919454873899276,0.03153194710718671,-0.48807011409145495
17020.956233133573,0.6636692207130451,0.7071056861438347,-0.011368446790615327,0.02573250817720335,-0.39852437032681715,0.9505253443763444,0.8271986616014892,0.011741961666018312,0.030788569430491117,-0.47659737263394286,0.7154562341083299,0.7077075477791446,-0.007068312162925354,0.02573250817720335,-0.39852437032681715,0.7492397476430995,0.846010588019205,0.03528885653996228,0.030788569430491117,-0.47659737263394286,0.8266108341037163,0.7080664993409027,0.07299245467903841,0.02573250817720335,-0.39852437032681715,0.7447103078414194,0.8465791624371405,-0.050985355571307234,0.030788569430491117,-0.47659737263394286,1.0208350198810765,0.7218284980239342,0.32701076738557244,0.02573250817720335,-0.39852437032681715,0.7858598568053856,0.8474577012257516,0.04278474889075142,0.030788569430491117,-0.47659737263394286
17214.913427897318,0.6873209386948606,0.6903210173076995,0.03731302405493586,0.025119149153361074,-0.38904823842715297,0.8367820369233965,0.807745539096158,-0.05003443121004587,0.030061854497125912,-0.4653802899157547,0.7453414979728443,0.6909094959402806,0.03668701768626526,0.025119149153361074,-0.38904823842715297,0.7338050361125646,0.8261397986987008,-0.012937815861292057,0.030061854497125912,-0.4653802899157547,0.7206238417040306,0.691260465899791,0.030373373505140397,0.025119149153361074,-0.38904823842715297,0.7884603345963335,0.8266957508186151,-0.06821348496550861,0.030061854497125912,-0.4653802899157547,1.0232112037872876,0.7047164819557706,0.32450935990988494,0.025119149153361074,-0.38904823842715297,0.8519278893691129,0.8275547862813748,0.05589918374948873,0.030061854497125912,-0.4653802899157547
17411.08080362184,0.6070704724874897,0.6739096144805308,0.019365353706530253,0.02451954504384944,-0.3797835648102845,0.7981888733624765,0.788724410216418,-0.10834423790011832,0.02935142961241057,-0.4544132094926387,0.6625828657197854,0.6744850048454711,-0.00870347328983833,0.02451954504384944,-0.3797835648102845,0.6754166958620392,0.8067101878658671,-0.049904466000421754,0.02935142961241057,-0.4544132094926387,0.677798749875654,0.6748281689813106,0.02914096030011297,0.02451954504384944,-0.3797835648102845,0.8393576194263712,0.8072537952334395,-0.001752835661146146,0.02935142961241057,-0.4544132094926387,0.9631430623084064,0.6879849405121868,0.3924982083084734,0.02451954504384944,-0.3797835648102845,0.8439807994887132,0.8080937562162211,0.08472802493567153,0.02935142961241057,-0.4544132094926387
17609.48354576048,0.6263955910004689,0.6578632563745481,0.008135035631913534,0.023933388277655544,-0.3707256649474833,0.75107710624937,0.7701257730151749,-0.013285718800190978,0.028656930425783673,-0.4436905991256731,0.670545602481494,0.6584258467712409,-0.01421658121627644,0.023933388277655544,-0.3707256649474833,0.7380757251035196,0.7877120535590882,0.01004470125976753,0.028656930425783673,-0.4436905991256731,0.6132784490281454,0.6587613770238289,0.005623415191372593,0.023933388277655544,-0.3707256649474833,0.7907366351814318,0.788243587677061,-0.03520400450107075,0.028656930425783673,-0.4436905991256731,0.9982705101607156,0.6716254950281939,0.4513106994849858,0.023933388277655544,-0.3707256649474833,0.8065277056969644,0.7890648936887167,0.10739077287329132,0.028656930425783673,-0.4436905991256731
17810.147126759846,0.6151702447911379,0.642173901255698,0.005690660924179691,0.023360378175370723,-0.36186995751182327,0.6615639916607148,0.7519403325382656,0.0030886933547422044,0.027978000744706612,-0.43320704810067995,0.6576178528927017,0.6427239736857991,0.0725030208406563,0.023360378175370723,-0.36186995751182327,0.8432082755907498,0.7691359050939518,0.02044612421187275,0.027978000744706612,-0.43320704810067995,0.5792347552343883,0.6430520382396481,0.02353507895963762,0.023360378175370723,-0.36186995751182327,0.7370670551994163,0.7696556315515819,-0.11238912380732635,0.027978000744706612,-0.43320704810067995,1.0266424122172195,0.6556299497655206,0.5286055136080963,0.023360378175370723,-0.36186995751182327,0.7396096595696497,0.7704586929639263,0.047649846522729154,0.027978000744706612,-0.43320704810067995
18013.097309330173,0.5833698749376491,0.6268336830948933,0.030535561542083367,0.022800220795483207,-0.3532119621439689,0.5760637919397464,0.7341589963904595,-0.01696011245790558,0.027314292352706545,-0.4229572646045834,0.629975677613513,0.6273715133973095,0.011315459849612138,0.022800220795483207,-0.3532119621439689,0.7977195345053624,0.7509724585377318,-0.051872908236361814,0.027314292352706545,-0.4229572646045834,0.5788372033864667,0.627692276761556,0.03959499950215299,0.022800220795483207,-0.3532119621439689,0.7053907039243175,0.7514806371374451,-0.09627251968551931,0.027314292352706545,-0.4229572646045834,0.9706899347518355,0.6399902879919965,0.5142906154424738,0.022800220795483207,-0.3532119621439689,0.7055046031018093,0.7522658553809735,0.09561004107240309,0.027314292352706545,-0.4229572646045834
18218.36014975291,0.610163429559558,0.6118349078012153,-0.0018921030558046725,0.022252628784120196,-0.3447472972655402,0.7046267773927959,0.7167728703961957,0.0615777913420456,0.026665464831476124,-0.412936073157414,0.6007662861338521,0.6123607657842566,0.05393114344925443,0.022252628784120196,-0.3447472972655402,0.7958597009556642,0.7332126322805312,-0.01693743716010032,0.026665464831476124,-0.412936073157414,0.5498999100052887,0.61267438887144,0.09387514695196923,0.022252628784120196,-0.3447472972655402,0.7330606625071852,0.7337095171619035,-0.023224275569590058,0.026665464831476124,-0.412936073157414,1.0053643160253716,0.6246986681444638,0.5293442464901412,0.022252628784120196,-0.3447472972655402,0.6234239024488235,0.7344772849173333,0.05571833592315308,0.026665464831476124,-0.412936073157414
18425.962001226046,0.6180148262152855,0.5971700495352892,0.011758302450892155,0.021717321228134513,-0.33647167793908617,0.7049218088772051,0.6997732543529289,0.08098696183002091,0.026031185386946196,-0.40313841209887114,0.5690264093960107,0.5976841991059585,0.07868723599444016,0.021717321228134513,-0.33647167793908617,0.8211564351231936,0.7158475427010844,0.09726359373518556,0.026031185386946196,-0.40313841209887114,0.5545245841253016,0.5979908393091555,0.05860663206812848,0.021717321228134513,-0.33647167793908617,0.7555356281620558,0.7163333824621304,-0.09350522905894898,0.026031185386946196,-0.40313841209887114,0.9932384582876622,0.6097474200733731,0.45483377528449065,0.021717321228134513,-0.33647167793908617,0.6980806384899831,0.7170840838478556,0.0693634685436618,0.026031185386946196,-0.40313841209887114
18635.929517247514,0.5590676763729888,0.582831747101106,-0.02429321142548091,0.02119402351146492,-0.32838091377369766,0.626245715889856,0.6831516378750393,-0.028259954745422818,0.025411128679222197,-0.39355933112827235,0.5629643209623876,0.5833344463916796,0.059457999351682174,0.02119402351146492,-0.32838091377369766,0.7806530381613425,0.6988684999249828,0.11807499197530036,0.025411128679222197,-0.39355933112827235,0.5868777006263882,0.5836342576599763,0.06965916737769166,0.02119402351146492,-0.32838091377369766,0.7095998339670544,0.6993435377409194,-0.12008528908892202,0.025411128679222197,-0.39355933112827235,1.0253110259026104,0.5951290413673305,0.4998936854121867,0.02119402351146492,-0.32838091377369766,0.6540162412020591,0.7000775484964429,0.12493600704819671,0.025411128679222197,-0.39355933112827235
18848.28965503719,0.5319709590063176,0.5688128004145991,-0.009420478254862918,0.020682467174717858,-0.3204709068753021,0.6590055325584008,0.6668996963264375,0.016236124724491034,0.024804976656325643,-0.38419398889679707,0.5227239243854076,0.5693043019064915,0.010339207259212342,0.020682467174717858,-0.3204709068753021,0.7584378718765529,0.6822670036734744,0.10624635381144665,0.024804976656325643,-0.38419398889679707,0.5643365045440624,0.5695974348188766,0.07145417053866847,0.020682467174717858,-0.3204709068753021,0.6174743871029857,0.6827314774128872,-0.14110179351539365,0.024804976656325643,-0.38419398889679707,0.9911745400291249,0.5808361937558465,0.43475087815101343,0.020682467174717858,-0.3204709068753021,0.6580566772960768,0.6834491650783571,0.10189156010435071,0.024804976656325643,-0.38419398889679707
19063.06967899784,0.5343208808378112,0.5551061670473654,-0.01479197188526904,0.020182389777900416,-0.3127376498407257,0.6772309336368345,0.6510092868397998,-0.019915559536214218,0.02421241839166423,-0.37503765065088895,0.5165810654607406,0.5555867176923663,0.061953395198322665,0.020182389777900416,-0.3127376498407257,0.6893141229338714,0.6660347392007325,0.06334385394779773,0.02421241839166423,-0.37503765065088895,0.5535791434838834,0.5558733195300205,0.04760533603436183,0.020182389777900416,-0.3127376498407257,0.6185805159538198,0.6664888815393112,-0.056341823338638686,0.02421241839166423,-0.37503765065088895,1.0294743530401969,0.5668616995885948,0.47567486565351746,0.020182389777900416,-0.3127376498407257,0.6394147539413164,0.6671906056312435,0.04061605471038029,0.02421241839166423,-0.37503765065088895
19280.29716421555,0.5688739695898096,0.5417049588438618,0.02440543991765487,0.019693534766195318,-0.30517722379462164,0.5565613512406042,0.6354724444206474,0.043846302374921535,0.023633149925076213,-0.36608568592583934,0.5122219501842544,0.5421748001828018,0.013898303619624526,0.019693534766195318,-0.30517722379462164,0.7383008472514206,0.6501635733177352,0.10848134513688756,0.023633149925076213,-0.36608568592583934,0.5531786607168508,0.5424550149998743,-0.025009514647186218,0.019693534766195318,-0.30517722379462164,0.6037958090695881,0.6506076118495551,-0.04927583543429115,0.023633149925076213,-0.36608568592583934,0.9757517969157558,0.5531985383895888,0.4077721629258422,0.019693534766195318,-0.30517722379462164,0.6598532625366942,0.6512937240327838,0.06127785233061197,0.023633149925076213,-0.36608568592583934
19500.0,0.5389898328067012,0.5286024386105944,-0.0240553217134859,0.019215651338754792,-0.29778579646839043,0.6527644298574231,0.6202813781343783,0.02202700933691098,0.02306687410748249,-0.3573335662884003,0.46241883309285226,0.5290618068894749,-0.03450683160531675,0.019215651338754792,-0.29778579646839043,0.6755405742492994,0.6346455505008536,0.0727041367228074,0.02306687410748249,-0.3573335662884003,0.527065305647401,0.5293357755823217,-0.04693483950715223,0.019215651338754792,-0.29778579646839043,0.6439010270509922,0.6350797078473154,0.006428016667940573,0.02306687410748249,-0.3573335662884003,0.9750188635109044,0.5398398434846429,0.5099990571106536,0.019215651338754792,-0.29778579646839043,0.7917196969141762,0.6357505521032893,0.13327572785878425,0.02306687410748249,-0.3573335662884003
