frequency_hz,stock_mean_db,baseline_repeatability_db,stock_after_delta_db,corrected_pk_1000_plus12_q1_expected_db,corrected_pk_1000_plus12_q1_measured_raw_db,corrected_pk_1000_plus12_q1_measured_normalized_db,corrected_pk_1000_plus12_q1_error_db,corrected_pk_4000_minus12_q1_expected_db,corrected_pk_4000_minus12_q1_measured_raw_db,corrected_pk_4000_minus12_q1_measured_normalized_db,corrected_pk_4000_minus12_q1_error_db,corrected_three_band_100p9_1000m9_6000p9_expected_db,corrected_three_band_100p9_1000m9_6000p9_measured_raw_db,corrected_three_band_100p9_1000m9_6000p9_measured_normalized_db,corrected_three_band_100p9_1000m9_6000p9_error_db
22.0,18.954716550824777,-0.0024211801138562805,-0.010819312223389943,0.007838320477408737,0.010214294307349547,0.010755511293540531,0.002917190816131794,-0.0004886095242859424,0.01156298527011046,0.005007015900044445,0.005495625424330387,0.5227633077806227,0.42175153343098515,0.0367539781325984,-0.48600932964802435
22.301276318811666,18.991641696460892,0.0032603405419813214,-0.01197108552156223,0.008054459847632651,0.003972453065905768,0.004513670052096751,-0.0035407897955359,-0.00050208351601226,0.0018727176097783627,-0.004683251760287652,-0.0041811682442753914,0.537449548225585,0.4396081860537713,0.054610630755384526,-0.48283891747020047
22.606678429454096,18.991641696460892,0.0032603405419813214,-0.01197108552156223,0.00827655884619548,0.003972453065905768,0.004513670052096751,-0.0037628887940987284,-0.0005159290678213132,0.0018727176097783627,-0.004683251760287652,-0.004167322692466339,0.552555201255592,0.4396081860537713,0.054610630755384526,-0.49794457050020746
22.91626283208068,19.060440825764132,0.004725504562927085,-0.005929061213333142,0.008504781776800035,0.008304715800129259,0.008845932786320242,0.00034115100952020715,-0.0005301564258755735,0.0012920917036041146,-0.0052638776664619,-0.004733721240586327,0.5680925785031784,0.48275570146936175,0.097758146170975,-0.4703344323322034
23.230086800579315,19.060440825764132,0.004725504562927085,-0.005929061213333142,0.008739297473813096,0.008304715800129259,0.008845932786320242,0.00010663531250714592,-0.0005447761186359433,0.0012920917036041146,-0.0052638776664619,-0.004719101547825956,0.5840743675348938,0.48275570146936175,0.097758146170975,-0.48631622136391883
23.548208393168135,19.123340147596814,-0.0014142042293023849,0.0002733715077418708,0.008980279427392527,0.010573794871682196,0.01111501185787318,0.002134732430480653,-0.0005597989653582817,0.007953707986757763,0.0013977386166917488,0.0019575375820500306,0.6005136440838013,0.5147735365719726,0.1297759812735858,-0.47073766281021545
23.87068646313649,19.123340147596814,-0.0014142042293023849,0.0002733715077418708,0.009227905904695063,0.010573794871682196,0.01111501185787318,0.0018871059531781163,-0.0005752360831350779,0.007953707986757763,0.0013977386166917488,0.001972974699826827,0.61742388330659,0.5147735365719726,0.1297759812735858,-0.48764790203300423
24.197580669732915,19.157002778575126,-0.00625482071758654,-5.047625445797621e-05,0.00948236008993985,0.00949570367578545,0.010036920661976433,0.0005545605720365838,-0.0005910988959145484,0.01510076160391094,0.008544792233844925,0.009135891129759474,0.6348189737809816,0.5506722082178683,0.16567465291948158,-0.46914432086150004
24.528951489202257,19.157002778575126,-0.00625482071758654,-5.047625445797621e-05,0.00974383021346924,0.00949570367578545,0.010036920661976433,0.0002930904485071925,-0.0006073991426329507,0.01510076160391094,0.008544792233844925,0.009152191376477875,0.6527132301014561,0.5506722082178683,0.16567465291948158,-0.4870385771819745
24.86486022597392,19.157002778575126,-0.00625482071758654,-5.047625445797621e-05,0.010012509698104497,0.00949570367578545,0.010036920661976433,2.4410963871936142e-05,-0.0006241488857610987,0.01510076160391094,0.008544792233844925,0.009168941119606023,0.671121405839014,0.5506722082178683,0.16567465291948158,-0.5054467529195324
25.20536902400338,19.202760535011933,0.0021586936505322285,-0.006733761916532188,0.010288597291883573,0.014504610442436672,0.015045827428627655,0.0047572301367440825,-0.0006413605206894416,0.009523573748893455,0.0029676043788274403,0.003608964899516882,0.6900587081374777,0.578660368347677,0.19366281304929023,-0.4963958950881875
25.5505408782689,19.202760535011933,0.0021586936505322285,-0.006733761916532188,0.010572297225615033,0.014504610442436672,0.015045827428627655,0.004473530203012622,-0.0006590467843219086,0.009523573748893455,0.0029676043788274403,0.003626651163149349,0.709540811837182,0.578660368347677,0.19366281304929023,-0.5158779987878918
25.900439646425806,19.251369579396588,0.006400651421419212,-0.009690883985797427,0.010863819352503752,0.010347541973047214,0.010888758959238198,2.4939606734445535e-05,-0.0006772207649732165,-0.002185404144832148,-0.008741373514898163,-0.008064152749924947,0.7295838740511128,0.6019420645802569,0.21694450928187015,-0.5126393647692427
26.255130060620306,19.251369579396588,0.006400651421419212,-0.009690883985797427,0.011163379315443658,0.010347541973047214,0.010888758959238198,-0.0002746203562054607,-0.0006958959118655838,-0.002185404144832148,-0.008741373514898163,-0.00804547760303258,0.7502045494688538,0.6019420645802569,0.21694450928187015,-0.5332600401869837
26.61467773946509,19.273804897918513,0.013726790046671766,-0.004608027529567238,0.01147119869669573,0.018039741169328494,0.018580958155519477,0.007109759458823747,-0.0007150860449896515,0.009467258585214466,0.002911289215148452,0.0036263752601381036,0.7714200057713894,0.6519366915853269,0.2669391362869401,-0.5044808694844493
26.979149200178938,19.273804897918513,0.013726790046671766,-0.004608027529567238,0.011787505185411586,0.018039741169328494,0.018580958155519477,0.006793452970107892,-0.0007348053654096919,0.009467258585214466,0.002911289215148452,0.003646094580558144,0.7932479402434361,0.6519366915853269,0.2669391362869401,-0.526308803956496
27.348611870892608,19.308315314813264,0.0031286517190700636,0.008204089617592558,0.012112532746830666,0.01477508977512798,0.015316306761318964,0.003203774014488299,-0.0007550684659292426,0.01397767377087078,0.007421704400804766,0.008176772866734008,0.8157065953849805,0.6986284931344962,0.3136309378361094,-0.5020756575488711
27.723134103123137,19.308315314813264,0.0031286517190700636,0.008204089617592558,0.012446521793276329,0.01477508977512798,0.015316306761318964,0.002869784968042636,-0.0007758903416600752,0.01397767377087078,0.007421704400804766,0.00819759474246484,0.83881477648036,0.6986284931344962,0.3136309378361094,-0.5251838386442506
28.1027851844191,19.371695811181727,-0.011540200056035843,-0.006099071868316486,0.012789719360680647,0.0033315987085309473,0.003872815694721931,-0.008916903665958716,-0.000797286401217846,0.0035155537956050864,-0.003040415574460928,-0.002243129173243082,0.8625918691216121,0.7219347066201287,0.33693715132174196,-0.5256547177998702
28.487635351178962,19.39619284404141,-0.0161401351042052,-0.007936958477181122,0.013142379293460963,0.009802579473898732,0.010343796460089715,-0.002798582833371248,-0.0008192724780767335,0.0033255774456861786,-0.0032303919243798357,-0.0024111194463031023,0.8870578565749272,0.7456201987273516,0.3606226434289649,-0.5264352131459623
28.877755801644962,19.4297925979564,0.013688171345997091,0.0011166986542932023,0.013504762429784106,0.011566901961824527,0.012108118948015511,-0.001396643481768595,-0.0008418648424553787,0.007948414343879051,0.0013924449738130368,0.0022343098162684156,0.9122333381466609,0.7768748804381858,0.391877325139799,-0.5203560130068619
29.273218709075053,19.470723453309574,0.019909516470502098,-0.0020785936433753704,0.013877136798199935,0.0070691381188936475,0.007610355105084631,-0.006266781693115304,-0.000865080212917308,0.0014602796689118236,-0.005095689701154191,-0.004230609488236883,0.9381395482641164,0.7860804267426076,0.40108287144422083,-0.5370566768198956
29.674097235095008,19.482715250844997,0.013863106638311251,-0.0030669611082920767,0.014259777810290376,0.01681722411943909,0.017358441105630073,0.003098663295339697,-0.0008889357694199232,0.006150313569996513,-0.0004056558000695015,0.00048327996935042163,0.9647983754311805,0.8096192365005663,0.4246216812021796,-0.5401766942290009
30.080465543233597,19.498075041725876,0.009969406649759094,-0.008861232366989213,0.014652968466004286,0.019673583907486858,0.02021480089367784,0.0055618324276735555,-0.0009134491655167916,0.00981341462225771,0.003257445252191696,0.004170894417708487,0.9922323819749401,0.8172433033231492,0.43224574802476246,-0.5599866339501777
30.492398812642993,19.519332409784646,0.007129663194536562,-0.015856465732060343,0.01505699956608899,0.020696128768268096,0.02123734575445908,0.00618034618837009,-0.0009386385413248375,0.0024435081050100393,-0.004112461265055975,-0.0031738227237311373,1.0204648235956588,0.8435543486581167,0.45855679335973,-0.5619080302359288
30.909973252007102,19.54777737925864,-0.009457912501734,-0.00968376025476303,0.015472169919371125,0.018080960377453437,0.01862217736364442,0.003150007444273295,-0.0009645225375101501,0.00011208791030625775,-0.006443881459759757,-0.005479358922249607,1.04951967072731,0.8838126109194668,0.4988150556210801,-0.5507046151062299
31.333266113640352,19.552020020072455,0.0016576916377530893,-0.01218171206021168,0.01589878657110932,0.026072959403151685,0.02661417638934267,0.010715389818233348,-0.0009911203085854322,-0.004134081748137675,-0.010690051118203689,-0.009698930809618256,1.079421628164253,0.9218567897065313,0.5368592344081445,-0.5425623937561085
31.762355707779626,19.557075611327782,-0.014721768366158017,0.003028047720192717,0.016337165024581074,0.022608159219139168,0.02314937620533015,0.0068122111807490775,-0.0010184515372522374,0.001048319564922906,-0.005507649805143108,-0.004489198267890871,1.1101961573392214,0.9396551922468461,0.5546576369484594,-0.555538520390762
32.19732141707175,19.57181577397391,0.0004741075358829505,0.007329550661367534,0.016787629476012762,0.02160542149116651,0.022146638477357494,0.005359009001344731,-0.001046536449030989,-0.0034266443568355953,-0.00998261372690161,-0.008936077277870621,1.1418694969013055,0.9501655783635492,0.5651680230651625,-0.576701473836143
32.63824371125954,19.585752395669523,-0.0079886096548627,0.0011157654314501997,0.017250513053868564,0.02658224422570754,0.027123461211898525,0.00987294815802996,-0.001075395826987902,-0.0003846685428214869,-0.006940637912887501,-0.0058652420858996,1.174468685396229,0.9759907901912186,0.5909932348928318,-0.5834754505033971
33.085204162068926,19.59619561286585,-0.005856863821289693,0.008006064903291588,0.017726158061885298,0.03841764729724417,0.03895886428343516,0.021232706221549862,-0.0011050510275300747,0.0007207250548191269,-0.0058352443152468875,-0.004730193287716813,1.2080215822643976,1.009464855765838,0.6244673004674514,-0.5835542817969462
33.538285458299846,19.625523088282147,-0.018100094974929704,0.0009478788507131242,0.018214916236779496,0.02031231319807958,0.020853530184270563,0.0026386139474910662,-0.0011355239957083715,-0.010862446003979898,-0.017418415374045912,-0.01628289137833754,1.2425568909125981,1.055078672481038,0.6700811171826512,-0.572475773729947
33.99757142112401,19.629925131004455,-0.0017034329512242152,-0.004363506843226617,0.01871714900278906,0.016687441278950388,0.01722865826514137,-0.001488490737647688,-0.0011668372818374809,-0.013340621383935769,-0.019896590754001783,-0.018729753472164302,1.278104180608465,1.066494816096501,0.6814972607981143,-0.5966069198103506
34.46314701959187,19.625857400377065,-0.006863053137973196,-0.00041924346130528534,0.01923322774219197,0.01510493697721671,0.015646153963407693,-0.0035870737787842763,-0.0011990140580280502,-0.015600441511438135,-0.02215641088150415,-0.0209573968234761,1.314693909158664,1.0823439179512846,0.6973463626528978,-0.6173475465057662
34.93509838635224,19.630061193474948,0.003337153533241377,0.003170844180029775,0.019763534066605463,0.01679181726212775,0.017333034248318734,-0.002430499818286729,-0.001232078135252096,-0.013400308443525688,-0.019956277813591702,-0.018724199678339607,1.3523574448309774,1.1158661874898677,0.7308686321914809,-0.6214888126394965
35.41351283358695,19.630061193474948,0.003337153533241377,0.003170844180029775,0.020308460099271695,0.01679181726212775,0.017333034248318734,-0.002975425850952961,-0.0012660539813304787,-0.013400308443525688,-0.019956277813591702,-0.018690223832261224,1.391127089340958,1.1158661874898677,0.7308686321914809,-0.6602584571494771
35.8984788691639,19.64092727142429,-0.01406132579251107,0.010604970356990151,0.020868408765701965,0.023298092328573716,0.0238393093147647,0.002970900549062735,-0.0013009667383553525,0.0030336670247734787,-0.0035223023452925356,-0.0022213356069371833,1.4310360994741003,1.2036131928326022,0.8186156375342154,-0.6124204619398849
36.390086213011166,19.666717558858927,-0.0050516555061648205,0.009142724601211683,0.0214437940876197,0.02086892761163739,0.021410144597828373,-3.364948979132573e-05,-0.0013368422420707434,0.01341227910435805,0.006856309734292035,0.008193151976362778,1.4721187086600578,1.247207160647541,0.8622096053491543,-0.6099091033109035
36.8884258137155,19.666717558858927,-0.0050516555061648205,0.009142724601211683,0.022035041492012748,0.02086892761163739,0.021410144597828373,-0.0006248968941843756,-0.0013737070404491543,0.01341227910435805,0.006856309734292035,0.00823001677474119,1.5144101487854917,1.247207160647541,0.8622096053491543,-0.6522005434363375
37.393589865347934,19.697843842852844,0.008091862114010695,-0.006722460893609394,0.022642588123823592,0.018896532452966852,0.019437749439157836,-0.003204838684665756,-0.001411588413433766,-0.008380454703139861,-0.014936424073205876,-0.01352483565977211,1.5579466700870594,1.3034634608662294,0.9184659055678427,-0.6394807645192168
37.90567182452,19.711223363243455,0.0012590892030246437,-0.008206326526124741,0.023266883163463207,0.01652417903769532,0.017065396023886303,-0.006201487139576904,-0.0014505143933573965,-0.007043705182109505,-0.01359967455217552,-0.012149160158818123,1.6027655617165415,1.3456218528571995,0.9606242975588127,-0.6421412641577288
38.42476642767339,19.711223363243455,0.0012590892030246437,-0.008206326526124741,0.023908388167353606,0.01652417903769532,0.017065396023886303,-0.006842992143467303,-0.0014905137852937796,-0.007043705182109505,-0.01359967455217552,-0.01210916076688174,1.6489051698959543,1.3456218528571995,0.9606242975588127,-0.6882808723371415
38.95096970860644,19.720502871780443,-0.013492677397000108,-0.007574815195578566,0.02456757739923793,0.020917901949818685,0.02145911893600967,-0.0031084584632282627,-0.0015316161889876968,-0.0037775663274537408,-0.010333535697519755,-0.008801919508532059,1.6964049153881917,1.3994279972636612,1.0144304419652745,-0.6819744734229172
39.48437901624071,19.725383463937433,-0.016936651636669353,-0.002484409912305807,0.025244938185017163,0.027008594435208977,0.02754981142139996,0.0023048732363827977,-0.0015738520199943759,-0.006333198757396019,-0.012889168127462033,-0.011315316107467657,1.745305309714017,1.4690257307774104,1.0840281754790237,-0.6612771342349932
40.02509303263061,19.728943432197497,-0.0015583364167000013,-0.0003875923686003091,0.025940971268899677,0.030452559366771936,0.03099377635296292,0.005052805084063243,-0.0016172525325456458,-0.003027105008513331,-0.009583074378579345,-0.0079658218460337,1.7956479690674505,1.524489236481621,1.1394916811832343,-0.6561562878842162
40.57321179121995,19.735980111331116,0.003265070336215814,-0.00044538154527629104,0.02665619118712006,0.027363056199366298,0.02790427318555728,0.00124808199843722,-0.0016618498429914416,0.0060508987575254025,-0.0005050706125406118,0.0011567792304508298,1.8474756258947247,1.5429556141173038,1.1579580588189171,-0.6895175670758076
41.128836695348355,19.739726951676044,-0.0018070598387858183,0.006532641911153547,0.027391126638945155,0.021981942035392166,0.02252315902158315,-0.004867967617362006,-0.0017076769529111694,0.003325156897329151,-0.003230812472736863,-0.0015231355198256937,1.9008321382687425,1.5647114211591635,1.1797138658607769,-0.7211182724079657
41.692070537011126,19.762547183749597,-0.00643501663159185,0.01062982592072359,0.028146320884994663,0.047289525493368956,0.04783074247955994,0.01968442159456528,-0.0017547677739543524,0.014346978879409278,0.0077910095093432635,0.009545777283297616,1.9557624960673061,1.6550686592784238,1.2700711039800372,-0.6856913920872689
42.263017515875994,19.797375292614298,0.0016624167517171884,0.0022839955179172478,0.028922332142313913,0.026022421852530897,0.02656363883872188,-0.002358693303592032,-0.001803157153035398,0.007340592659122791,0.0007846232890567767,0.002587780442092175,2.012312823325692,1.6740606726885758,1.2890631173901892,-0.723249705935503
42.84178325856035,19.80533784668154,-0.004378927513538855,-0.0007936422012733146,0.02971973399560363,0.027596283726470716,0.0281375007126617,-0.0015822332829419292,-0.0018528808975750146,-0.0009694511224225266,-0.007525420492488541,-0.005672539594913526,2.0705303766559924,1.7242388535054225,1.3392412982070359,-0.7312890784489565
43.42847483817246,19.81607022870576,0.000534691191422354,-0.004010842149607896,0.03053911582218134,0.029997898835990355,0.03053911582218134,0.0,-0.001903975802705992,-0.0009949193348859353,-0.00755088870495195,-0.005646912902245957,2.1304635386716773,1.7987110789760727,1.413713523677686,-0.7167500149939912
44.02320079412018,19.829598483474662,0.0036281594582661114,-0.0077040862697401735,0.03138108322442498,0.03209675939753254,0.032637976383723524,0.0012568931592985416,-0.0019564796777998346,0.007931139903881501,0.0013751705338154868,0.0033316502116153214,2.192161805854243,1.8195208221940433,1.4345232668956567,-0.7576385389585862
44.62607115219107,19.85297561267958,-0.009428961752355747,-0.017932596965728465,0.032246258474922,0.013172586515054263,0.013713803501245247,-0.01853245497367675,-0.0020104313750161622,-0.012368582865057931,-0.018924552235123945,-0.01691412086010778,2.2556757696142635,1.900393844338268,1.5153962890398813,-0.7402794805743822
45.2371974449074,19.842683196083208,-0.006156837654181402,-0.015596913909842414,0.03313528097602545,0.029787742426464092,0.030328959412655076,-0.002806321563370375,-0.002065870817551592,-0.0065846689826969396,-0.013140638352762954,-0.011074767535211362,2.3210570909243837,1.9432505821294654,1.5582530268310788,-0.7628040640933049
45.85669273216005,19.83847974933967,-0.004159419346827065,-0.01498456606916676,0.034048807731740384,0.034329036479384456,0.03487025346557544,0.0008214457338350592,-0.0021228390297248654,-0.003042996995858971,-0.009598966365924985,-0.00747612733620012,2.388358465401834,1.9778737949636174,1.5928762396652307,-0.7954822257366034
46.484671622124736,19.85283663822218,-0.004562672918829946,-0.02552113844756576,0.03498751382665695,0.021885718048988423,0.022426935035179407,-0.012560578791477543,-0.0021813781666096548,-0.009342856761701768,-0.015898826131767782,-0.013717447965158128,2.4576335785270516,2.0411771697932153,1.6561796144948286,-0.8014539640322229
47.12125029246487,19.84553730585933,0.00787416917973971,-0.011058148369592402,0.03595209292686823,0.037675884742469634,0.03821710172866062,0.0022650088017923883,-0.0022415315459576087,-0.004452293480792235,-0.01100826285085825,-0.008766731304900641,2.5289370504655952,2.134178910925012,1.7491813556266256,-0.7797556948389697
47.76654651182474,19.84541989347358,-0.0003672483272261218,-0.007129420228018546,0.036943257789583364,0.04625329118473687,0.046794508170927854,0.00985125038134449,-0.002303343679811547,-0.004033162034200899,-0.010589131404266913,-0.008285787724455367,2.602324367717724,2.202699581887,1.8177020265886132,-0.7846223411291109
48.420679661616965,19.865614183553312,-0.006058385523104448,0.006358999130036125,0.03796174078628215,0.04557984548776162,0.046121062473952604,0.008159321687670452,-0.002366860307473028,-0.0046750183636490306,-0.011230987733715045,-0.008864127426242017,2.6778517993324282,2.2377137947143346,1.852716239415948,-0.8251355599164802
49.08377075810838,19.84771567432145,-0.0001809265117245218,0.00038067531335173044,0.03900829444265093,0.047490283775847075,0.04803150076203806,0.009023206319387134,-0.0024321284295411136,-0.0007935691867118067,-0.007349538556777821,-0.004917410127236708,2.7555762985336827,2.285454318939202,1.9004567636408152,-0.8551195348928675
49.7559424748083,19.861752430594482,0.0021978739347652265,-0.005883957101890047,0.04008369199098579,0.03527554370540642,0.03581676069159741,-0.004266931299388384,-0.0024991963423523548,-0.011007612281765944,-0.017563581651831958,-0.015064385309479603,2.8355553818209147,2.349745500758754,1.9647479454603674,-0.8708074363605474
50.437319165163544,19.887594160826378,-0.011640399353925801,0.0035778694912416142,0.0411887279399656,0.03826832576980621,0.0388095427559972,-0.002379185183968402,-0.00256811367407157,-0.012993317215713063,-0.019549286585779077,-0.016981172911707507,2.9178469899377246,2.4147582606216638,2.029760705323277,-0.8880862846144475
51.12802688556399,19.89756904915938,-0.012864486979943024,-0.007180598180582365,0.042324218657045574,0.0330801383721564,0.033621355358347385,-0.00870286329869819,-0.0026389314210757357,-0.014266161304348657,-0.02082213067441467,-0.018183199253338937,3.002509322088598,2.4740798045683476,2.089082249269961,-0.9134270728186369
51.82819341866339,19.886673261100746,0.004826402428221854,-0.0074454095703657686,0.043491002970645676,0.03883307774878375,0.03937429473497474,-0.004116708235670938,-0.0027117019859606846,-0.01465203847766361,-0.021208007847729624,-0.01849630586176894,3.0896006418307733,2.573266827797113,2.1882692724987263,-0.901331369332047
52.53794829701946,19.902284356969727,-0.003339278568734727,-0.009756465278318416,0.04468994278228945,0.03317804405173419,0.03371926103792518,-0.010970681744364275,-0.0027864792161274342,-0.017388889244962513,-0.023944858615028528,-0.021158379398901094,3.1791790519018286,2.610274410474819,2.2252768551764324,-0.9539021967253962
53.257422827057816,19.9027200869778,-0.00421073858488441,-0.008089220110477413,0.045921923708370706,0.03274231404365935,0.033283531029850336,-0.01263839267852037,-0.0028633184436306467,-0.0112247225240516,-0.017780691894117615,-0.014917373450486968,3.27130223203435,2.7076455010412204,2.3226479457428337,-0.9486542862915162
53.98675011336384,19.903858657064966,-0.0028303096063311273,-0.02121962925893328,0.04718785571997161,0.029878388918206156,0.03041960590439714,-0.01676824981557447,-0.002942276526137404,-0.007600842332454505,-0.01415681170252052,-0.011214535176383116,3.3660271348054884,2.8133553423742583,2.4283577870758717,-0.9376693477296167
54.72606508330747,19.900018468523022,0.002268099813466762,-0.0025893340616853777,0.04848867382165116,0.03894806884284563,0.039489285829036616,-0.008999387992614544,-0.00302341188915316,0.002751418405114947,-0.0038045509649510673,-0.0007811390757979072,3.463409635972463,2.8938215722547014,2.5088240169563147,-0.9545856190161484
55.475504512005045,19.91506173885911,0.006979934844018487,0.0024865779024807466,0.04982533872889884,0.04537935527282144,0.04592057225901243,-0.0039047664698864115,-0.003106784568769841,-0.002415400460066053,-0.008971369830132067,-0.0058645852613622255,3.5635041289676423,2.9509439061496963,2.5659463508513096,-0.9975577781163327
56.23520704762309,19.92852959582674,-0.002460994231920921,0.005812622216630814,0.05119883758032069,0.05885206701599088,0.05939328400218187,0.008194446421861179,-0.0031924562565679823,0.0028818503083591906,-0.0036741190617068237,-0.00048166280513884134,3.666363061060836,3.09965987420928,2.7146623189108934,-0.9517007421499426
57.005313237028545,19.94504552247399,-0.0003626228324407066,-0.004434540492205485,0.05261018465735532,0.05610876124871211,0.0566499782349031,0.00403979357754778,-0.0032804903449835544,0.004521530599156165,-0.0020344387709098494,0.001246051574073705,3.7720363993407604,3.1781045449204974,2.793106989622111,-0.9789294097186496
57.78596555179025,19.948970792636544,-0.007052462198455345,0.005972367197927042,0.05406042213176126,0.05628320429936906,0.05682442128556005,0.0027639991537987893,-0.0033709519744106672,0.003507388036197767,-0.003048581333868247,0.0003223706405424201,3.8805710196049343,3.2996626266407283,2.9146650713423417,-0.9659059482625927
58.577308414536674,19.960695128211725,-0.010041468627576933,-0.007774284026737632,0.0555506208316369,0.044765104976676184,0.04530632196286717,-0.010244298868769729,-0.0034639080810463818,-0.00675024452172579,-0.013306213891791804,-0.009842305810745423,3.992010006773994,3.335947906747954,2.9509503514495674,-1.0410596553244265
59.37948822567429,19.96045300906691,-0.015429837047900463,-0.00950266353581597,0.057081881020693975,0.04570699823901947,0.04624821522521046,-0.010833665795483519,-0.0035594274466727253,-0.01026092575847315,-0.016816895128539164,-0.013257467681866439,4.10639185606108,3.413719694941207,3.0287221396428206,-1.0776697164182596
60.1926533904721,19.967219253418094,-0.02308971904030699,-0.01142708018782912,0.058655333210027936,0.042893921459217665,0.04343513844540865,-0.015220194764619284,-0.003657580749462292,-0.012192006414149859,-0.018747975784215873,-0.015090395034753581,4.223749562543801,3.512288017692768,3.1272904623943814,-1.0964591001494193
61.01695434651699,19.972307515709034,-0.00627553169330497,-0.016268001139927435,0.060272138988528484,0.04495182773606743,0.045493044722258416,-0.014779094266270068,-0.0037584406160552897,-0.010252090030483885,-0.0168080594005499,-0.013049618784494609,4.344109584364953,3.595373335523007,3.2103757802246204,-1.1337338041403329
61.8525435915451,19.9908237625584,0.0025777334336574143,-0.005430709469610662,0.061933491869988956,0.05483135046570453,0.05537256745189552,-0.006560924418093438,-0.003862081675865096,0.003858468368399315,-0.0026975010016666995,0.0011645806741983965,4.467490664713772,3.763265760286963,3.378268204988576,-1.0892224597251956
62.69957571165415,19.99112807832821,0.005420087474281132,0.001296758705986889,0.06364061816717063,0.04911102747301044,0.049652244459201425,-0.01398837370796921,-0.003968580615437855,-0.0064375124076256895,-0.012993481777691704,-0.009024901162253848,4.593902495140379,3.911061335008668,3.5260637797102814,-1.067838715430098
63.55820740990236,19.97552027969364,0.00755099597325426,-0.008907548757093764,0.0653947778980686,0.052101400115795116,0.0526426171019861,-0.012752160796082504,-0.004078016235903274,0.004543838498449304,-0.0020121308716167102,0.0020658853642865635,4.723344204638566,3.9746723065269762,3.5896747512285896,-1.133669453409976
64.4285975352989,19.98230035922493,-0.0004392325456805679,-0.009598908990710697,0.06719726569886401,0.04912087143546984,0.049662088421660824,-0.01753517727720319,-0.004190469510727704,-0.0030580648280107425,-0.009614034198076757,-0.005423564687349053,4.85580264954604,4.06992026711287,3.6849227118144836,-1.1708799377315562
65.31090711219133,19.98393816734898,0.0018269698359816289,-0.008736731659809038,0.06904941177571394,0.05239862626041969,0.05293984324661068,-0.016109568529103266,-0.0043060236457996325,-0.008391772806710662,-0.014947742176776677,-0.010641718530977045,4.991250491678498,4.131558037349741,3.7465604820513545,-1.2446900096271434
66.20529937005551,19.979681828171216,0.009013036869134794,-0.003313400811215672,0.07095258288528627,0.06764809881131839,0.06818931579750938,-0.0027632670877768967,-0.0044247641411870545,-0.0009099971629069614,-0.007465966532972976,-0.003041202391785921,5.12964403748218,4.348435789304311,3.9634382340059244,-1.1662058034762555
67.11193977369342,19.99726798298871,0.006471954083156817,-0.005805197238309745,0.07290818332203149,0.06776098167782152,0.0683021986640125,-0.00460598465801898,-0.004546778854086636,-0.011589866599130971,-0.018145835969196986,-0.01359905711511035,5.270920819267849,4.459567351905868,4.074569796607481,-1.1963510226603686
68.03099605384475,20.00538223455216,0.007906181310286087,0.012027083707121022,0.07491765595625162,0.071450526898861,0.07199174388505199,-0.0029259120711996323,-0.004672158063594184,0.0074758083534511854,0.0009198389833851711,0.005591997046979355,5.414996901833627,4.532472672934539,4.1474751176361515,-1.2675217841974753
68.96263823821717,20.004843960597057,0.01075095583561847,0.004291914047385603,0.07698248328322511,0.07784404420957358,0.07838526119576457,0.0014027779125394546,-0.004800994538149911,0.0028809815334902567,-0.0036749878365757577,0.0011260067015741535,5.5617638921518,4.686955261854152,4.301957706555765,-1.2598061855960347
69.90703868294219,19.994572145375294,-0.001610167983368882,0.001043474928390964,0.07910418851171455,0.07476083241953191,0.0753020494057229,-0.003802139105991656,-0.004933383603491155,0.0022040234810631887,-0.004351945889002826,0.0005814377144883294,5.711085641977791,4.852607639400205,4.467610084101818,-1.243475557875973
70.86437210446135,20.010275076154507,0.005329583683483463,-0.001811681102687146,0.08128433667505797,0.08008145953373713,0.08062267651992812,-0.0006616601551298479,-0.005069423213307285,0.0015151490256641864,-0.005040820344401828,2.8602868905457102e-05,5.862794634344244,4.919600567954987,4.5346030126566,-1.328191621687644
71.8348156118492,20.003762789033786,0.006703006173125914,-0.0037286709515953476,0.08352453577125919,0.06781596649240029,0.06835718347859128,-0.015167352292667913,-0.00520921402196282,-0.001292470774302501,-0.007848440144368515,-0.0026392261224056955,6.016688057749925,5.062191923070216,4.677194367771829,-1.339493689978096
72.81854873957887,20.00547998433566,-0.005714309477387047,0.003238364114118042,0.08582643794639855,0.08239084457057899,0.08293206155676998,-0.0028943763896285696,-0.0053528594584183395,0.006273905864038198,-0.00028206350602781594,0.0050707959523905236,6.17252358072435,5.271727919859355,4.886730364560968,-1.2857932161633823
73.81575348073653,20.026887153359553,-0.009976895810140718,-0.006678137547471152,0.08819174069239107,0.07334494877396125,0.07388616576015224,-0.01430557493223883,-0.005500465803265556,0.001407387559908102,-0.005148581810157912,0.00035188399310764375,6.33001486017302,5.34128749928675,4.956289943988363,-1.3737249161846572
74.82661432069044,20.014824199082994,-0.0057328844885802255,0.003192020633289161,0.09062218808915401,0.08500275129910762,0.0855439682852986,-0.005078219803855408,-0.005652142266825321,0.005338092997099864,-0.0012178763729661507,0.0044342658938591704,6.488826839634044,5.590996187594456,5.205998632296069,-1.2828282073379746
75.85131827122127,20.016805795941927,-0.00969607820644569,0.00453880425967057,0.09311957207892739,0.08734080437110237,0.08788202135729335,-0.005237550721634038,-0.005808001070251241,0.00595394439228869,-0.000602024977777324,0.005205976092473917,6.648570923272472,5.676874385866295,5.291876830567908,-1.356694092704564
76.89005490511973,20.03046069777229,-0.007004026837730493,-0.004368473874212242,0.09568573377181477,0.08611435968645864,0.08665557667264963,-0.009030157099165145,-0.0059681575281282226,-0.012559138902659583,-0.019115108272725598,-0.013146950744597374,6.808800145307114,5.789039022211536,5.404041466913149,-1.4047586783939643
77.94301639125798,20.030836301284765,-0.011633992801783677,-0.008940637830882281,0.09832256478960291,0.08660719647808435,0.08714841346427533,-0.011174151325327578,-0.006132730134188613,-0.009907067789903579,-0.016463037159969593,-0.01033030702578098,6.969004508570309,6.001033905087652,5.616036349789265,-1.352968158781044
79.01039753014139,20.028261955505947,-0.012444731126628028,0.0005362615077828536,0.10103200863962152,0.08943079912280893,0.08997201610899992,-0.011059992530621593,-0.006301840648623861,-0.008309956076910652,-0.014865925446976666,-0.008564084798352805,7.12860670667157,6.139350574583972,5.754353019285585,-1.374253687385985
80.09239578994719,20.04291025343921,-0.01125291141306306,0.003312947792821319,0.10381606213970336,0.09337605786234349,0.09391727484853447,-0.009898787291168887,-0.006475614188059819,-0.0072839199614413985,-0.013839889331507413,-0.007364275143447594,7.286958513880235,6.315554251089175,5.930556695790788,-1.3564018180894468
81.1892113430564,20.046460807851677,-0.011745873902828663,0.001755766010870019,0.10667677686223359,0.09207148368569662,0.09261270067188761,-0.014064076190345984,-0.006654179318140694,-0.012227551178710883,-0.018783520548776897,-0.012129341230636203,7.443338187210528,6.41909448871413,6.034096933415743,-1.409241253794785
82.30104710308629,20.036118497646306,-0.005048899310175159,0.0013543159623665701,0.1096162606360657,0.08962628266576544,0.09016749965195643,-0.019448760984109262,-0.006837668148766246,-0.008810183370346891,-0.015366152740412906,-0.00852848459164666,7.596949288066032,6.635702625822912,6.250705070524525,-1.346244217541507
83.4281087624301,20.0336686072529,0.0,0.0030106189573260167,0.11263667907704034,0.09729366583844268,0.09783488282463366,-0.014801796252406671,-0.007026216431353351,-0.004566981840333995,-0.011122951210400009,-0.004096734779046658,7.746921390533586,6.814527850031389,6.429530294733002,-1.317391095800584
84.5706048303103,20.03545350540987,0.0002236994656108493,-0.008024982672338865,0.11574025716064842,0.10140665837466756,0.10194787536085854,-0.01379238179978988,-0.0072199636594619775,-0.0063511348992904,-0.012907104269356415,-0.005687140609894437,7.892313180856114,6.938981072788479,6.553983517490092,-1.3383296633660215
85.72874667135359,20.040144040570905,-0.01272334960927779,-0.015372356813575294,0.11892928084732471,0.09965674442131345,0.10019796140750444,-0.018731319439820274,-0.007419053171889757,-0.014062053439779731,-0.020618022809845746,-0.013198969637955988,8.032118473728364,7.061437043544121,6.676439488245734,-1.3556789854826299
86.90274854469375,20.049518938723143,-0.017581416290813223,-0.020858512693120446,0.12220609873426364,0.10668833774546727,0.10722955473165825,-0.014976544002605383,-0.007623632258563228,-0.00449392474814303,-0.011049894118209044,-0.0034262618596458162,8.165275627462076,7.27676172971027,6.8917641744118825,-1.2735114530501939
88.09282764361019,20.037182692359707,-0.020121726168639498,-0.01959361340012933,0.12557312376891452,0.10363746368764737,0.10417868067383836,-0.021394443095076168,-0.007833852269360099,-0.00035713057820885297,-0.006913099948274867,0.0009207523210852317,8.290680768952877,7.3505623309872234,6.965564775688836,-1.3251159932640402
89.29920413570918,20.04184892150002,-0.029454184449260623,-0.012281533155309887,0.129032834996669,0.10359656506100379,0.10413778204719477,-0.024895052949474236,-0.008049868726113844,-0.0069720488328322006,-0.013528018202898215,-0.0054781494767843705,8.407205067390036,7.618576849535316,7.233579294236929,-1.1736257731531072
90.52210120365547,20.0516530452826,-0.01951311408911849,-0.003216288959912106,0.13258777936391003,0.09921023636815107,0.09975145335434206,-0.03283632600956797,-0.008271841437381449,-0.00862505726966134,-0.015181026639727355,-0.006909185202345906,8.513716070360193,7.696546859215541,7.311549303917154,-1.2021667664430389
91.76174508646154,20.059656236495215,0.0003927602104347727,-0.009603023976289649,0.13624057356003222,0.10584293537876022,0.1063841523649512,-0.029856421195081015,-0.008499934616678811,-0.007319665464116554,-0.013875634834182568,-0.005375700217503757,8.609102796490895,7.873830195735721,7.488832640437334,-1.1202701560535608
93.01836512134263,20.054949597739625,-0.009020517300744046,-0.003035364153983977,0.13999390592159125,0.11109049609832056,0.11163171308451154,-0.028362192837079706,-0.008734317003806578,-0.002613026708527144,-0.009168996078593158,-0.00043467907478658,8.692303910811361,7.955602624658088,7.570605069359701,-1.1216988414516607
94.29219378614435,20.061861448581325,-0.013450412079336616,-0.00994721499568385,0.14385053837230902,0.11702920502244751,0.1175704220086385,-0.026280116363670517,-0.008975161989624059,-0.006175331595134281,-0.012731300965200296,-0.003756138975576237,8.762337906333851,8.17175042152952,7.786752866231133,-0.9755850401027182
95.58346674235186,20.058042185985613,-0.012025745084354611,0.0038767418608998128,0.14781330843220805,0.1380785394297419,0.13861975641593288,-0.00919355201627517,-0.009222647744009365,-0.00787309854430518,-0.014429067914371194,-0.005206420170361829,8.818333833107456,8.259996309709642,7.874998754411255,-0.9433350786962009
96.89242287868792,20.065395595186374,-0.023633399712039704,0.0014359421128311567,0.15188513126344994,0.13734872169308687,0.13788993867927785,-0.01399519258417209,-0.00947695734774537,-0.01150268270048116,-0.018058652070547174,-0.008581694722801804,8.859560818599286,8.3767475154288,7.991749960130413,-0.8678108584688733
98.21930435530768,20.057161498182417,0.0021721968837731254,-0.006929444934058893,0.1560690017867121,0.14134956795229314,0.14189078493848412,-0.014178216848227981,-0.009738278927451495,0.0018352114727910873,-0.004720757897274927,0.005017521030176568,8.885454458415449,8.51584278573204,8.130845230433653,-0.7546092279817955
99.56435664859904,20.058450087014627,-0.005440624762254487,-0.007477889591356757,0.16036799684105818,0.14832600797478435,0.14886722496097532,-0.01150077188008286,-0.010006805794997603,-0.003064733741084069,-0.009620703111150083,0.00038610268384751956,8.895638192620215,8.634616285845858,8.249618730547471,-0.6460194620727435
100.92782859659641,20.066762571211008,-0.0029233290690768854,-0.006510943500231292,0.16478527740908636,0.1525676630071402,0.15310887999333117,-0.011676397415755185,-0.010282736590147173,-0.007434725386374907,-0.013990694756440922,-0.0037079581662937487,8.889938027840254,8.652160997262868,8.267163441964481,-0.6227745858757725
102.30997244501631,20.070493941244532,-0.010773287450707159,0.0036457047820803723,0.16932409090412978,0.14603380244281894,0.1465750194290099,-0.02274907147511987,-0.010566275427150412,-0.00664895533941845,-0.013204924709484464,-0.002638649282334052,8.868389423902808,8.729234108394422,8.344236553096035,-0.5241528708067733
103.71104389392349,20.068026213759204,-0.0050892737431489365,-0.005763876041566363,0.17398777350859818,0.1476221842174148,0.14816340120360577,-0.025824372304992405,-0.010857632046054003,-0.014057100411463352,-0.020613069781529367,-0.009755437735475363,8.831235776887983,8.793833327722083,8.408835772423696,-0.4224000044642864
105.13130214503607,20.08502733723852,-0.007129422537268226,-0.009613802764974366,0.1787797525828137,0.15957039534411166,0.16011161233030263,-0.018668140252511067,-0.011157021966755373,-0.0184066766392732,-0.024962646009339215,-0.013805624042583842,8.778918624111148,8.84549594312875,8.460498387830363,-0.31842023628078486
106.57100994967841,20.06918531358742,-0.0055550972904612195,-0.006107879284126483,0.18370354913874531,0.1548696260089102,0.15541084299510116,-0.028292706143644153,-0.011464666649403744,-0.01574769682302346,-0.022303666193089475,-0.01083899954368573,8.712060372897696,8.880015777251455,8.495018221953067,-0.21704215094462853
108.03043365739119,20.068543068138826,-0.007762919106252042,-0.00048401262414188295,0.18876278037147776,0.15945893147590695,0.16000014846209792,-0.028762631909379832,-0.011780793656906863,-0.01934563961385649,-0.025901608983922506,-0.014120815327015642,8.631440919918434,8.887251807011769,8.502254251713381,-0.12918666820505287
109.50984326520606,20.07980045239561,-0.017473057047759255,-0.00961813042155768,0.1939611622710236,0.15206260962722595,0.15260382661341693,-0.041357335657606686,-0.012105636823587947,-0.019924198792068637,-0.02648016816213465,-0.014374531338546704,8.537969913655965,8.877166399943789,8.492168844645402,-0.04580106901056347
111.00951246759624,20.093022533914755,-0.0047359385744840665,-0.009853606415397564,0.1993025122876739,0.164269596651053,0.16481081363724398,-0.03449169865042992,-0.012439436427752358,-0.020151505375636702,-0.026707474745702717,-0.014268038317950359,8.432656581762306,8.849001587614268,8.46400403231588,0.03134745055357513
112.52971870711059,20.104310793401048,-0.006173078812011568,-0.003529325659371807,0.20479075208545344,0.1675630506386021,0.16810426762479308,-0.03668648446066036,-0.012782439369260962,-0.012200138323901655,-0.01875610769396767,-0.005973668324706707,8.316579005802721,8.824264387227938,8.439266831929551,0.12268782612683005
114.07074322570108,20.10774809553186,-0.0015307509366522254,-0.009407517910034358,0.21042991035494593,0.17672382176769474,0.17726503875388572,-0.033164871601060214,-0.013134899351711096,-0.017251939439137942,-0.023807908809203956,-0.01067300945749286,8.190854505493014,8.7756274450998,8.390629889801414,0.19977538430839914
115.63287111675338,20.102538048108784,0.0052544144704036455,0.000601508964535924,0.21622412571059013,0.18233540399508286,0.18287662098127383,-0.0333475047293163,-0.013497077069759483,-0.010902456210388323,-0.017458425580454337,-0.003961348510694854,8.056612460476305,8.734413140293142,8.349415584994755,0.2928031245184499
117.21639137782972,20.10363152203712,-0.0010939998036434417,-0.007205303721224965,0.22217764965325307,0.17769664057016143,0.1782378575563524,-0.04393979209690066,-0.013869240402119358,-0.015265000556084374,-0.021820969926150388,-0.00795172952403103,7.914970501684713,8.625430887454247,8.24043333215586,0.3254628304711469
118.8215969641343,20.112494086960446,-0.006873011909870996,-0.01077726844357585,0.2282948496317078,0.18781720189891615,0.18835841888510713,-0.039936430746600665,-0.014251664608531726,-0.01768995062252543,-0.024245919992591444,-0.009994255384059719,7.767014608630658,8.558393293555966,8.173395738257579,0.4063811296269204
120.44878484271058,20.099736046856176,-0.0020005389362545145,-9.963440816918023e-05,0.23458021215788274,0.199221621432212,0.19976283841840298,-0.03481737373947977,-0.014644632533650228,-0.00758061006139954,-0.014136579431465554,0.0005080531021846735,7.613783296436914,8.456790929128527,8.07179337383014,0.45801007739322586
122.09825604738107,20.093894289111738,0.011926828491528596,-0.00045563032416851,0.24103834603198027,0.20872243090185805,0.20926364788804902,-0.031774698143931246,-0.015048434815837898,-0.001418748205843201,-0.007974717575909215,0.007073717239928683,7.456255789057108,8.366980677655583,7.981983122357196,0.5257273333000878
123.77031573443924,20.095395680697816,-0.001469904372800812,-0.002469158135408378,0.24767398563051699,0.21979221091800483,0.2203334279041958,-0.027340557726321185,-0.015463370101376155,-0.005709534440054398,-0.012265503810120412,0.0031978662912557423,7.295343868688332,8.21220667860938,7.827209123310993,0.5318652546226614
125.46527323910423,20.083736853721337,0.006051584208687899,0.006882445600325582,0.2544919943013625,0.22815723936763632,0.2286984563538273,-0.025793537947535194,-0.01588974526514001,-0.0066871657237932425,-0.013243135093859257,0.002646610171280754,7.131886959850021,8.069305235200005,7.684307679901618,0.5524207200515967
127.18344213274867,20.10166118960463,3.792459519402769e-05,0.0009700060881634442,0.2614973678289337,0.23231158028815813,0.2328527972743491,-0.02864457055458458,-0.01632787563727306,-0.011831886501337152,-0.018387855871403166,-0.002059980234130107,6.9666499407769376,7.959341802826419,7.574344247528032,0.6076943067510943
128.92514028090997,20.0873836953135,-0.00161804896255191,0.007846095468018177,0.2686952380061825,0.22765809728989694,0.22819931427608792,-0.040495923730094585,-0.016778085235625535,-0.02044770551650288,-0.027003674886568893,-0.010225589650943358,6.800323163393783,7.8255261288130775,7.44052857351469,0.6402054101209078
130.6906899020968,20.085716560155877,-0.006126993918901036,-0.006834676379252613,0.2760908762938192,0.22788069637156028,0.22842191335775125,-0.04766896293606793,-0.017240707005175684,-0.017545749023621937,-0.02410171839368795,-0.006861011388512268,6.633524187193881,7.661154956908508,7.276157401610121,0.6426332144162394
132.4804176273996,20.06126681281788,0.009235015918495293,-0.0034846810853572663,0.28368969757979,0.24845055122514026,0.24899176821133123,-0.03469792936845878,-0.017716083063521765,-0.008152388936732535,-0.01470835830679855,0.003007724756723215,6.466800778203742,7.48037982432216,7.095382269023773,0.6285814908200305
134.2946545609185,20.045633903812693,-0.0018943414977634632,-0.00522765152580007,0.29149726403127574,0.240751166134185,0.241292383120376,-0.05020488091089975,-0.018204564953631458,-0.013393171449159524,-0.01994914081922554,-0.0017445758655940807,6.3006347912601415,7.4155344533369885,7.030536898038601,0.7299021067784599
136.13373634101842,20.067809851669622,-0.000631822219087752,-0.010715387184671243,0.29951928905510616,0.2504485234967433,0.25098974048293426,-0.0485295485721719,-0.01870651390277294,-0.013413752369039855,-0.01996972173910587,-0.0012632078363329288,6.135446608712359,7.1215374265934415,6.736539871295054,0.6010932625826957
137.99800320242298,20.08508146705885,0.002288157591088691,-0.009170827165295492,0.3077616413629314,0.26954917449119264,0.2700903914773836,-0.037671249885547764,-0.019222301089813355,-0.01485002572171723,-0.021405995091783245,-0.0021836940019698894,5.9715998818491745,6.994297510047041,6.6092999547486535,0.637700072899479
139.88780003915875,20.08909641030319,0.0035220344002659942,0.0024936126268428893,0.31623034913714554,0.29326445539286894,0.2938056723790599,-0.022424676758085627,-0.01975230791815894,-0.008720892927915003,-0.015276862297981017,0.004475445620177924,5.809406371211592,6.8403779750305596,6.4553804197321725,0.6459740485205803
141.8034764683615,20.104083428206152,0.014916543385655956,0.00764778483099704,0.3249316043067312,0.29018270361489584,0.2907239206010868,-0.034207683705644365,-0.02029692629789677,-0.01363333946465417,-0.020189308834720185,0.00010761746317658472,5.649130736506335,6.672968503870347,6.28797094857196,0.6388402120656256
143.74538689495614,20.098407814545062,0.006670621626572171,0.0062016967346210095,0.3338717669445058,0.2935050738411036,0.29404629082729455,-0.03982547611721127,-0.020856558934292307,-0.003930208705135385,-0.0104861780752014,0.010370380859090908,5.490995166014248,6.4943953079764825,6.109397752678095,0.618402586663847
145.71389057722303,20.091711280689363,-0.009035152581848394,0.011139679909529576,0.3430573697724302,0.30296384955633116,0.30350506654252213,-0.03955230322990805,-0.021431619625279365,-0.003297281931320839,-0.009853251301386853,0.011578368323892512,5.335183773932835,6.245581612013002,5.860584056714615,0.5254002827817796
147.70935169326086,20.096915983670094,-0.006539407344000381,0.0017923860803676916,0.3524951227824408,0.30331513066763804,0.303856347653829,-0.048638775128611755,-0.02202253356643335,-0.010048182746530188,-0.016604152116596202,0.005418381449837147,5.18184671570904,6.2079407618308196,5.8229432065324325,0.6410964908233927
149.73213940836104,20.109106122756895,-0.0037036456950154673,-0.007635817068507578,0.3621919179874564,0.3053236285313474,0.3058648455175384,-0.05632707246991803,-0.022629737664586275,-0.018574901606911,-0.025130870976977013,-0.0025011333123907374,5.031103999407232,5.998440202129075,5.613442646830688,0.5823386474234553
151.78262794330408,20.11499350896696,-0.011479564588434243,-0.00373129541131334,0.3721548342864226,0.31664027942483486,0.31718149641102583,-0.054973337875396766,-0.023253680859824825,-0.0238233540089432,-0.030379323379009213,-0.007125642519184388,4.883048979809193,5.848583649883764,5.463586094585377,0.5805371147761837
153.86119664359134,20.110581826791474,-0.0002301005723630567,-0.003855928568917477,0.3823911424686153,0.3283068966871987,0.3288481136733897,-0.0535430287952256,-0.02389482445681552,-0.020962547937038778,-0.027518517307104792,-0.003623692850289271,4.737751539881788,5.654928333161557,5.26993077786317,0.5321792379813814
155.96823004962496,20.112236317691014,-0.004223487391918468,0.0026452171003228386,0.39290831033698326,0.3310249167859354,0.33156613377212635,-0.06134217656485691,-0.024553642464735265,-0.016983348615355,-0.023539317985421013,0.001014324479314252,4.595260967659741,5.54663584521553,5.161638289917143,0.5663773222574013
158.10411796784874,20.1056996204408,0.0043184418950907855,-0.0022245763461121726,0.40371400797462903,0.3426739167290087,0.3432151337151997,-0.06049887425942935,-0.025230621946641454,-0.01963834679419918,-0.026194316164265194,-0.0009636942176237395,4.455608544450247,5.374789596357541,4.989792041059154,0.5341834966089065
160.26925554286325,20.108004977331923,0.013895121110316211,-0.00317515329780349,0.41481611314105415,0.34378856459219165,0.3443297815783826,-0.07048633156267153,-0.025926263378610613,-0.018175525634699596,-0.02473149500476561,0.0011947683738450024,4.31880986252063,5.175728608522899,4.790731053224512,0.47192119070388205
162.46404333052874,20.11021631496606,0.018317796378585882,-0.004371056952237495,0.4262227168223073,0.3548696754914076,0.35541089247759855,-0.07081182434470873,-0.02664108101832892,-0.01664196991379896,-0.023197939283864974,0.0034431417344639448,4.184866893162816,5.056842146462309,4.6718445911639215,0.48697769800110535
164.6888873720688,20.102994548323775,0.020659667188052566,-0.007693426092306055,0.4379421289050609,0.3649695139167157,0.3655107309029067,-0.0724313980021542,-0.027375603284548994,-0.011031272230095368,-0.017587241600161382,0.009788361684387611,4.053769824694652,4.919099486134961,4.534101930836574,0.4803321061419217
166.94419926918908,20.10397657363876,0.018966128327015497,-0.00861411536126866,0.4499828840243208,0.386487280326417,0.38702849731260797,-0.06295438671171283,-0.028130373145997867,-0.010109255872190914,-0.01666522524225693,0.011465147903740938,3.9254986924880777,4.744793557145869,4.3597960018474815,0.4342973093594038
169.2303962602247,20.09190253561853,0.023444185919544225,-0.0015689427143286139,0.4623537475387821,0.40117461396065934,0.4017158309468503,-0.060637916591931795,-0.028905948521568133,-0.025228290168094247,-0.03178425953816026,-0.0028783110165921284,3.800024820027729,4.643255761164312,4.258258205865925,0.45823338583819595
171.54790129733016,20.097142366971973,0.012206965349456311,-0.007111302386579865,0.47506372168303423,0.4039457314244608,0.40448694841065175,-0.07057677327238249,-0.029702902691360042,-0.01760630701400956,-0.024162276384075573,0.005540626307284469,3.6773120901342056,4.470065439362145,4.085067884063758,0.4077557939295522
173.89714312472668,20.107836542330336,0.009364177796566509,-0.007694485671638773,0.4881220518663534,0.417179567641913,0.41772078462810397,-0.07040126723824941,-0.030521824718930873,-0.013384037560104645,-0.01994000693017066,0.010581817788760214,3.5573180645135154,4.379674752689329,3.9946771973909425,0.4373591328774271
176.2785563580214,20.112279491131765,0.006368419534709346,-0.006753434356784993,0.5015382331422289,0.41763463425091985,0.4181758512371108,-0.08336238190511808,-0.031363319885196465,-0.021420637472175486,-0.0279766068422415,0.0033867130429549655,3.4399949668874816,4.2148822692463845,3.829884713947998,0.38988974706051627
178.6925815646114,20.11645120187159,-0.0001258422635217471,-0.000927864014428792,0.5153220168413586,0.4351064389989574,0.4356476559851484,-0.07967436085621021,-0.0322280101338933,-0.027713541916551065,-0.03426951128661708,-0.002041501152723779,3.3252905456285453,4.0768977738446,3.691900218546213,0.3666096729176678
181.1396653451905,20.11403168391741,-0.001514890751675324,-0.0034803063646933197,0.5294834173852876,0.4423387708968036,0.4428799878829946,-0.086603429502293,-0.033116534529892404,-0.026016284711790405,-0.03257225408185642,0.0005442804480359845,3.213148828331001,3.9332921409928474,3.5482945856944608,0.33514575736345975
183.62026041637128,20.11906852055106,-0.006100222650115228,0.0007879172407214696,0.5440327192707171,0.4564045681078568,0.45694578509404776,-0.0870869341766693,-0.034029549729359766,-0.026794758399315555,-0.03335072776938157,0.0006788219599781972,3.1035107817095224,3.792769202943589,3.4077716476452022,0.3042608659356798
186.13482569443875,20.118365502789572,0.00033867765772299663,-0.00625401069923015,0.558980484235347,0.4664652771164697,0.46700649410266065,-0.09197399013268631,-0.03496773046329407,-0.042108110264962306,-0.04866407963502832,-0.013696349171734248,2.996314886513478,3.7277010359515863,3.3427034806531997,0.34638859413972156
188.68382638025113,20.12452843910523,0.003821778123782593,-0.006367315835902332,0.5743375586166675,0.48453578310123646,0.48507700008742743,-0.08926055852924003,-0.03593177003394707,-0.03333129748048336,-0.03988726685054937,-0.0039554968166023025,2.8914976381821225,3.5818670398146644,3.1968694845162777,0.30537184633415526
191.26773404530306,20.11687153000184,0.005946978961372196,-0.01113902386700616,0.590115080897486,0.492739412305891,0.493280629292082,-0.09683445160540399,-0.03692238082526105,-0.03739535300029928,-0.043951322370365295,-0.007028941545104243,2.788993981199805,3.4717295202941543,3.0867319649957676,0.2977379837959626
193.88702671896732,20.120224620602933,0.023063449694120663,-0.004689306455933462,0.6063244894485722,0.5061878582481043,0.5067290752342953,-0.09959541421427687,-0.037940294826718124,-0.04073017073434926,-0.04728614010441527,-0.009345845277697148,2.688737685665328,3.3365344875375023,2.9515369322391156,0.26279924657378784
196.54218897693232,20.109059386775613,-0.0034235345061830458,-0.0037929817545254707,0.6229775304721026,0.5243372444256167,0.5248784614118077,-0.09809906906029486,-0.03898626417217373,-0.032458897671013176,-0.03901486704107919,-2.8602868905457102e-05,2.5906616720623736,3.237573783563981,2.8525762282655944,0.2619145562032208
199.2337120308486,20.117403463010465,0.007067888485305929,-0.0002237125805066853,0.6400862661549129,0.5526455376498411,0.5531867546360322,-0.08689951151888076,-0.04006106169267768,-0.024633896800104083,-0.031189866170170097,0.008871195522507584,2.494698291259302,3.1195315440849534,2.7345339887865667,0.23983569752726464
201.96209381920488,20.106411616110627,-0.006560992175671743,0.005425806305005665,0.6576630830334975,0.5675217352559585,0.5680629522421495,-0.08960013079134799,-0.04116548148504559,-0.03912930489071442,-0.04568527426078044,-0.004519792775734846,2.4007795642138268,3.0424522693133653,2.6574547140149787,0.2566751498011519
204.72783909944792,20.11794375021287,-0.004151408713671145,0.0035438192078274255,0.6757207005732496,0.5908774943983879,0.5914187113845789,-0.08430198918867071,-0.04230033949577103,-0.031619502598946525,-0.03817547196901254,0.004124867526758488,2.308837386966405,2.873153149851568,2.4881555945531812,0.17931820758677608
207.53145954136383,20.11830105014881,-0.003333713470397015,-0.009037070120463397,0.694272179975291,0.6000610189778044,0.6006022359639954,-0.09366994401129558,-0.043466474120849904,-0.04405914941141731,-0.05061511878148332,-0.007148644660633419,2.2188037043995896,2.813862442703808,2.4288648874054215,0.21006118300583188
210.37347382173814,20.11104690710181,-0.010950964869245183,-0.003942411450189809,0.7133309332141473,0.6079977821327134,0.6085389991189044,-0.1047919340952429,-0.04466474682185317,-0.044709736846414216,-0.05126570621648023,-0.006600959394627064,2.1306106570935466,2.726659402553331,2.341661847254944,0.21105119016139762
213.2544077203125,20.127607070625608,-0.00914259629103853,-0.009808827559695033,0.7329107323051315,0.6175334789809099,0.618074695967101,-0.11483603633803052,-0.045896042759256996,-0.04090190293079843,-0.04745787230086444,-0.001561829541607447,2.0441907039359357,2.636503249667882,2.2515056943694955,0.20731499043355983
216.1747942170552,20.132440602175585,-0.0004139824862363639,-0.0030273308774155794,0.7530257188208905,0.6359605956810022,0.6365018126671932,-0.11652390615369734,-0.04716127144268739,-0.035738404546062696,-0.04229437391612871,0.004866897526558681,1.9594767240639115,2.5314478195328363,2.1464502642344496,0.18697354017053813
219.13517359076357,20.129227078196422,-0.002748051330598855,-0.008908871108182836,0.7736904136486645,0.6423869403765394,0.6429281573627305,-0.13076225628593408,-0.04846136739913158,-0.04252191050161258,-0.049077879871678595,-0.000616512472547015,1.8764020999891184,2.4200838496268773,2.0350862943284906,0.1586841943393722
222.1360935190173,20.128266601436632,-0.0041862483010710605,-0.009552470303653138,0.7949197270136643,0.6473614880150116,0.6479027050012026,-0.1470170220124617,-0.04979729085909914,-0.04537434899684101,-0.05193031836690702,-0.0021330275078078817,1.7949007846154865,2.331095295364914,1.9460977400665276,0.15119695545104106
225.17810917949976,20.10817991704115,-0.00945031897816051,-0.002761639068701527,0.8167289687501224,0.6893266531306175,0.6898678701168085,-0.12686109863331385,-0.05117002846223541,-0.043884355026698074,-0.05044032439676409,0.0007297040654713205,1.7149073539121287,2.240248695873838,1.8552511405754513,0.1403437866633226
228.26178335270757,20.116791808679118,-0.023442949166863514,-0.0010295152831254484,0.8391338588548937,0.708186366555335,0.708727583541526,-0.13040627531336768,-0.05258059398097855,-0.049598816341333674,-0.05615478571139969,-0.0035741917304211376,1.6363570470045572,2.1415502173242373,1.7565526620258507,0.1201956150212935
231.38768652606623,20.11549600397659,-0.024967600802003886,-0.006988426886660903,0.862150538307892,0.7262262444210172,0.7267674614072083,-0.13538307690068374,-0.054030029065398714,-0.05567079893755178,-0.062226768307617794,-0.00819673924221908,1.5591857953094943,2.0518532997203422,1.6668557444219556,0.1076699491124613
234.5563969994718,20.11689531989603,-0.011597723169771257,0.005656899698283979,0.8857955801819684,0.7566192040894393,0.7571604210756303,-0.12863515910633805,-0.05551940400706133,-0.05422339326015191,-0.06077936263021792,-0.005259958623156591,1.4833302420357939,1.9746384337226175,1.5896408784242309,0.10631063638843696
237.76850099227767,20.128312065516802,-0.004606738420093848,0.014868153816546936,0.910086001037287,0.7660850237063741,0.7666262406925651,-0.14345976034472185,-0.05704981852467557,-0.04282343277870382,-0.04937940214876983,0.0076704163759057364,1.4087277529220013,1.889325625362364,1.5043280700639774,0.09560031714197614
241.0245927517466,20.137605472632984,0.009581896323215489,0.007345346044537848,0.9350392726249765,0.7963909501336595,0.7969321671198505,-0.13810710550512606,-0.05862240257059385,-0.048923052820612156,-0.05547902219067817,0.0031433803799156765,1.3353164198386704,1.802380614432792,1.4173830591344054,0.08206663929573499
244.3252746629888,20.136946301672996,0.0010457804131043247,0.0076724023551797416,0.9606733338895674,0.817168614063366,0.8177098310495571,-0.14296350284001036,-0.06023831715944897,-0.046355560996207856,-0.05291153036627387,0.007326786793175097,1.2630350577475498,1.730786763075745,1.3457892077773583,0.08275415002980857
247.67115736040313,20.137466253608864,0.0035697090372153184,0.00928096958410407,0.9870066032876692,0.8408323383155043,0.8413735553016953,-0.14563304798597387,-0.061898755219452525,-0.04823891286003601,-0.054794882230102024,0.0071038729893505015,1.1918231958728867,1.6422198027300823,1.2572222474316956,0.06539905155880898
251.06285984064712,20.14342063771707,0.0010916841697223845,0.005830808538107135,1.0140579914329444,0.8633493489579394,0.8638905659441304,-0.150167425488814,-0.06360494246684537,-0.04773907453838433,-0.054295043908450344,0.009309898558395022,1.1216210639856028,1.5662238974540088,1.1812263421556222,0.05960527817001937
254.50100957715262,20.138378274525536,-3.744204036593146e-06,-0.015031363961995226,1.0418469140747435,0.864657307914527,0.865198524900718,-0.17664838917402548,-0.06535813830397105,-0.056692600545495964,-0.06324856991556198,0.002109568388409075,1.0523695742403634,1.5053127053429307,1.120315150044544,0.0679455758041807
257.9862426362095,20.153400539364505,0.004380124791488527,-0.011939719453373243,1.070393305414309,0.9027510155480982,0.9032922325342893,-0.16710107288001985,-0.06715963674215465,-0.056272841125007744,-0.06282881049507376,0.004330826247080893,0.9840102992307442,1.4225215593652933,1.0375240040669067,0.05351370483616247
261.51920379464093,20.144503356220156,-0.013621998094844656,-0.00626466487317856,1.0997176317736943,0.9263357008362476,0.9268769178224386,-0.17284071395125566,-0.0690107673491213,-0.0661712526027145,-0.07272722197278052,-0.0037164546236592155,0.9164854467708884,1.3669923690328716,0.9819948137344848,0.06550936696359644
265.1005466590868,20.121775815797456,-0.0094971517143847,-0.0030705527524332865,1.1298409056204641,0.9676026468992518,0.9681438638854428,-0.1616970417350213,-0.07091289622321406,-0.06242977122691684,-0.06898574059698286,0.0019271556262312056,0.8497378316326918,1.301310525390388,0.9163129700920013,0.06657513845930951
268.73093378692363,20.117510219820247,-0.021599737954488774,0.0015794052800615077,1.1607846999709135,0.9848969379494861,0.9854381549356771,-0.1753465450352364,-0.07286742699259569,-0.06007701165392021,-0.06663298102398622,0.006234445968609462,0.7837108448754619,1.1938395419974022,0.8088419866990154,0.02513114182355347
272.4110368088394,20.112208176313274,-0.0181285552677366,0.006204308607777875,1.1925711631557043,1.012961406366422,1.013502623352613,-0.17906853980309134,-0.07487580184304549,-0.059634323999137706,-0.06619029336920372,0.008685508473841766,0.7183484210267711,1.1286532388519213,0.7436556835535345,0.025307262526763408
276.14153655308655,20.11357371876312,-0.01248876996227466,0.005177336247559339,1.2252230339870933,1.0223066663704756,1.0228478833566665,-0.20237515063042677,-0.07693950257274036,-0.0633616526622447,-0.06991762203231071,0.007021880540429654,0.6535950032207466,1.0771826682690673,0.6921851129706805,0.03859010974993393
279.9231231714371,20.10831126472359,-0.006774696612851017,0.007566427258588249,1.2587636573141792,1.0667424583864502,1.0672836753726411,-0.19147998194153804,-0.0790600516764252,-0.0603763208937238,-0.06693229026378981,0.012127761412635385,0.5893955068597513,1.0199557650455517,0.634958209747165,0.04556270288741371
283.75649626686237,20.119685527159717,-0.015584534673166672,0.0041241989402536205,1.2932169999920067,1.1113193524705878,1.1118605694567787,-0.18135643053522799,-0.08123901345812262,-0.05954790712171132,-0.06610387649177733,0.015135136966345289,0.52569528179447,0.9057421752867398,0.5207446199883531,-0.004950661806116918
287.64236502296137,20.118866177543623,-0.012545472654373668,0.0006293124546523643,1.3286076672580838,1.1396595540189765,1.1402007710051674,-0.1884068962529164,-0.0834779951747691,-0.07408490113402877,-0.08064087050409478,0.002837124670674318,0.46244007333706494,0.8434711100301797,0.45847355473179296,-0.003966518605271974
291.5814483351614,20.113386320691394,-0.006928403173620978,0.0062176618358016356,1.3649609195360282,1.1640518793494934,1.1645930963356843,-0.20036782320034385,-0.08577864821072803,-0.06829500861578097,-0.07485097798584699,0.010927670224881045,0.399575982186132,0.8040881792011412,0.4190906239027544,0.019514641716622427
295.5744749437156,20.12160842060245,-0.007275233364378408,0.010096543016214099,1.4023026896789714,1.1838437433629423,1.1843849603491332,-0.21791772932983822,-0.088142669283927,-0.06952611972092271,-0.07608208909098872,0.012060580192938278,0.3370494236496909,0.7480989533173208,0.36310139801893404,0.026051974369243114
299.62218356852173,20.11657279856657,0.00905718131269495,0.002509825392166931,1.440659600647887,1.2191551772852947,1.2196963942714856,-0.22096320637640132,-0.09057180168476486,-0.07278502509467089,-0.0793409944647369,0.011230807220027964,0.2748070859365074,0.6919504162149082,0.3069528609165214,0.03214577498001403
303.7253230457871,20.120748125415204,0.007068828270071492,-0.0016206988665885547,1.4800589836397862,1.2588734858272979,1.2594147028134888,-0.2206442808262974,-0.09306783654884541,-0.07499721294931305,-0.08155318231937907,0.011514654229466348,0.21279588806883998,0.6212259796126354,0.23622842431424862,0.02343253624540864
307.8846524665653,20.141365854908955,-0.0009546498316019836,-0.0004058898898513519,1.5205288966792532,1.2816496389127288,1.2821908558989197,-0.2383380407803335,-0.09563261416386176,-0.0813217851775363,-0.08787775454760231,0.007754859616259449,0.15096293719376339,0.5413547741080471,0.15635721880966036,0.005394281615896973
312.1009413171897,20.1148829299094,0.012036111237719638,-0.006886165967578961,1.5620981436678276,1.3388139124555138,1.3393551294417048,-0.22274301422612286,-0.09826802531201348,-0.09073191668471381,-0.09728788605477982,0.000980139257233656,0.08925548556453576,0.4967361549737177,0.11173859967533095,0.02248311411079519
316.3749696216306,20.123717705398,0.015039694372635637,-0.0036242502890893036,1.6047962939061766,1.3579307609504738,1.3584719779366647,-0.24632431596951188,-0.10097601264851347,-0.0737124764612247,-0.08026844583129071,0.02070756681722276,0.027620887317047257,0.4304729187413372,0.045475363442950445,0.017854476125903188
320.70752808580147,20.104247722857163,-0.018553967157988183,0.005491342822747214,1.6486537020824894,1.4113002139078894,1.4118414308940803,-0.23681227118840908,-0.10375857211786302,-0.08508320900356381,-0.09163917837362982,0.012119393744233195,-0.03399344499279991,0.3569614649814916,-0.028036090316895135,0.005957354675904775
325.09941824384117,20.124914297943782,0.0038744199222300324,-0.004869423944001028,1.6937015287492108,1.4526507733118095,1.4531919902980004,-0.24050953845121037,-0.10661775440802293,-0.09890961727678871,-0.10546558664685472,0.0011521677611682074,-0.09564008388906699,0.2873194485361843,-0.09767810676220245,-0.002038022873135467
329.55145260640114,20.113518199672583,0.0035629232194089866,0.003489558392665515,1.7399717612607224,1.48816257640825,1.488703793394441,-0.25126796786628147,-0.10955566644396605,-0.09786871283443688,-0.10442468220450289,0.005130984239463163,-0.15737163046888397,0.24301761868587235,-0.1419799366125144,0.01539169385636957
334.06445481096,20.112452124548252,-0.0016921646637122478,0.001987438073864922,1.7874972351925864,1.511739009264513,1.512280226250704,-0.2752170089418824,-0.11257447292138184,-0.09940534068132578,-0.1059613100513918,0.006613162869990044,-0.21924075780732183,0.16779482036420035,-0.2172027349341864,0.0020380228731354255
338.63925977419973,20.12616995221234,0.0009312417407691953,-0.008748642670528994,1.8363116562309625,1.529518288748303,1.530059505734494,-0.3062521504964686,-0.11567639788242824,-0.10351678778956952,-0.11007275715963553,0.005603640722792708,-0.28130025408850967,0.09774209315117943,-0.2872554621472073,-0.0059552080586976475
343.276713846467,20.130478375632343,0.001071600096054226,-0.0014836465063403637,1.886449622510784,1.6340997824686987,1.6346409994548896,-0.25180862305589446,-0.11886372633303124,-0.1016036015571089,-0.10815957092717492,0.010704155405856328,-0.3436030655938631,0.027294354670878818,-0.35770320062750793,-0.014100135033644823
347.9776749683502,20.14677768612569,0.007364873240174319,3.350929294398952e-05,1.9379466474148377,1.645723906246225,1.646265123232416,-0.29168152418242177,-0.1221388059046863,-0.09109585826179867,-0.09765182763186468,0.02448697827282162,-0.40620233911409587,-0.026897863305553216,-0.41189541860393997,-0.0056930794898440995
352.7430128294002,20.142209169329647,-0.000725346483420708,-0.00277689355448274,1.9908391827960978,1.6692220785112148,1.6697632954974058,-0.3210758872986921,-0.1255040485603972,-0.1029966377943552,-0.10955260716442121,0.015951441395976,-0.4691514640656761,-0.07915169102906816,-0.4641492463274549,0.005002217738221182
357.5736090290265,20.1400084103622,0.0005386768189659108,0.010038344814063294,2.0451646425933587,1.708450147132666,1.708991364118857,-0.33617327847450174,-0.12896193234720124,-0.10462830272120982,-0.11118427209127583,0.017777660255925407,-0.5325041137825374,-0.1532278728444858,-0.5382254281428726,-0.0057213143603351835
362.4703572395933,20.122053346813736,-0.009997249259797059,0.004769584887171163,2.100961426845162,1.7860350107893659,1.7865762277755568,-0.3143851990696054,-0.13251500319497111,-0.10134568223428175,-0.10790165160434777,0.024613351590623347,-0.5963142862149589,-0.20555332729073328,-0.59055088258912,0.0057634036258388255
367.43416337175216,20.114150056559993,0.016974274497918884,0.02093150145427458,2.1582689460155318,1.8545198649678625,1.8550610819540534,-0.30320786406147837,-0.13616587676473202,-0.1075654429685926,-0.11412141233865862,0.0220444644260734,-0.6606363436805679,-0.2437442971694388,-0.6287418524678255,0.03189449121274235
372.46594574203795,20.113178531725495,0.01891732416691383,0.021314560110916148,2.2171276456253337,1.9141534701941438,1.9146946871803348,-0.30243295844499896,-0.13991724034578917,-0.10783825686103654,-0.11439422623110256,0.025523014114686618,-0.7255250515060518,-0.305467416049261,-0.6904649713476477,0.03506008015840412
377.5666352427592,20.10453249080399,0.0072180924606826125,0.01009560139313237,2.2775790310904216,1.9553939213917104,1.9559351383779013,-0.32164389271252025,-0.14377185480416826,-0.10218804922270408,-0.1087440185927701,0.03502783621139817,-0.7910356155791499,-0.3622985604721265,-0.7472961157705132,0.04373949980863667
382.7371755142159,20.101652126500714,0.009756214931119445,0.010442318657329253,2.3396656927297945,1.9838268126398226,1.9843680296260136,-0.35529766310378097,-0.14773255658346687,-0.11047394770727337,-0.11702991707733938,0.03070263950612749,-0.8572237182601032,-0.44162494820681886,-0.8266225035052056,0.030601214754897632
387.97852311927494,20.107444722583537,0.004506774939535774,0.013088226216520837,2.403431330822744,2.06071759676189,2.061258813748081,-0.34217251707466323,-0.15180225975941292,-0.1188330039485912,-0.12538897331865723,0.02641328644075569,-0.9241455528149691,-0.5298447349334907,-0.9148422902318775,0.009303262583091665
393.2916477203369,20.125199261670907,-0.012267130179090202,-0.00013345750500803888,2.4689207806229767,2.103782004269675,2.104323221255866,-0.3645975593671107,-0.15598395814925115,-0.12196125211881537,-0.1285172214888814,0.02746673666036975,-0.9918578557530016,-0.5843113111346057,-0.9693088664329924,0.02254898932000915
398.677532258726,20.12334677516877,-0.007037853275367212,0.004245375344172686,2.5361800372027727,2.149581614687321,2.150122831673512,-0.3860572055292608,-0.1602807274782361,-0.13031267915181743,-0.13686864852188346,0.02341207895635264,-1.0604179370754068,-0.6170007339888741,-1.0019982892872608,0.05841964778814601
404.13717313653643,20.116003710519248,0.00020613073268904714,-0.0007849932944345994,2.6052562799577723,2.210419295271649,2.2109605122578397,-0.3942957676999326,-0.16469572760347562,-0.12428707965139907,-0.1308430490214651,0.03385267858201052,-1.1298837078379762,-0.6578396866483978,-1.0428372419467844,0.0870464658911918
409.6715804009696,20.10360196523881,0.0025660735676211743,0.0034744481807074123,2.6761978965867685,2.25182082469545,2.252362041681641,-0.42383585490512754,-0.16923220479797962,-0.133814272340409,-0.14037024171047502,0.028861963087504605,-1.2003137048114956,-0.7754383871377293,-1.160435942436116,0.039877762375379655
415.28177793119517,20.108351548067414,-0.007129912848515829,-0.007130710117980499,2.7490545063538474,2.3526588842570106,2.3532001012432016,-0.39585440511064585,-0.17389349409558275,-0.14050497912051796,-0.147060948490584,0.02683254560499876,-1.2717671117898965,-0.8609993385131531,-1.2459968938115398,0.02577021797835677
420.96880362777136,20.117405920995335,0.0038864558062918775,-0.010453131016785022,2.82387698232486,2.3956666026357034,2.3962078196218943,-0.4276691627029656,-0.178683021698209,-0.14553337875763717,-0.1520893481277032,0.026593673570505794,-1.344303776944757,-0.9193289674163587,-1.3043265227147454,0.03997725423001164
426.733709604659,20.13529520337299,0.008527665894138892,-0.006131179051617863,2.900717472311211,2.4432307964516333,2.4437720134378242,-0.45694545887338656,-0.18360430744818595,-0.1602784878203245,-0.16683445719039053,0.016769850257795427,-1.4179842258151996,-0.9771398820960258,-1.3621374373944124,0.05584678842078716
432.5775623838653,20.153921922226495,-0.0038533961296813857,-0.012433698258405457,2.979629418131498,2.492766997152195,2.493308214138386,-0.48632120399311196,-0.18866096736627497,-0.15447746383599537,-0.1610334332060614,0.027627534160213574,-1.4928696691855625,-1.0352153748461213,-1.420212930144508,0.07265673904105463
438.5014430927529,20.155258084242398,0.0021130622497622653,-0.007300118922394461,3.0606675727648676,2.568447252353952,2.568988469340143,-0.49167910342472476,-0.19385671625690998,-0.16174731297957834,-0.16830328234964437,0.02555343390726561,-1.569022005168694,-1.096075491338361,-1.4810730466367477,0.0879489585319464
444.5064476640524,20.129619980969423,0.025706745902656536,-0.005644686854882508,3.1438880148926214,2.653379627456925,2.6539208444431157,-0.48996717044950566,-0.1991953703838959,-0.17374323717453422,-0.18029920654460024,0.018896163839295654,-1.6465038147070234,-1.19083710525031,-1.5758346605486966,0.07066915415832686
450.5936870386105,20.114829964756105,0.02738423769288545,0.011635517945457252,3.229348160235987,2.731237280079327,2.731778497065518,-0.49756966317046913,-0.2046808502167394,-0.1713976043666392,-0.17795357373670523,0.026727276480034173,-1.7253783494993384,-1.2480532138858251,-1.6330507691842118,0.09232758031512667
456.7642873709182,20.100453654122603,0.013891723876600537,-0.0010212810785290571,3.31710676896833,2.8057113305369334,2.8062525475231244,-0.5108542214452054,-0.21031718325059418,-0.18275025694767777,-0.1893062263177438,0.021010956932850378,-1.8057095113406367,-1.3068014495224674,-1.691799004820854,0.11391050651978274
463.01939023745217,20.124794719817338,0.005103858167359476,-0.003143928860808387,3.407223948408269,2.865473986733978,2.8660152037201687,-0.5412087446881002,-0.2161085069004739,-0.18783064856702936,-0.19438661793709539,0.02172188896337851,-1.887561821678708,-1.4101993907365014,-1.795196946034888,0.09236487564382001
469.3601528478687,20.127853762445195,0.010996388479579622,-0.003217025955638775,3.499761150007395,2.965287391509225,2.965828608495416,-0.5339325415119789,-0.22205907147375192,-0.19053654611362347,-0.1970925154836895,0.024966555990062422,-1.9710003800202998,-1.4709222647211497,-1.8559198200195364,0.11508056000076339
475.7877482590904,20.11345075233132,0.001825797874612789,-0.010298952656032867,3.5947811594982158,3.064575649315202,3.065116866301393,-0.5296642931968227,-0.2281732432201687,-0.1869567442809661,-0.19351271365103212,0.03466052956913657,-2.0560908095986052,-1.5467182030005269,-1.9317157582989135,0.12437505129969173
482.3033655923264,20.099574581562933,-0.004214693755208998,-0.0002807887979088264,3.6923480789065106,3.1486108204622845,3.1491520374484754,-0.5431960414580352,-0.2344555074642682,-0.19694091080337728,-0.2034968801734433,0.03095862729082488,-2.1428991886378017,-1.6193162521567288,-2.0043138074551154,0.13858538118268626
488.9082102530598,20.09947922089743,-0.00871802595915483,-0.009723069817212604,3.7925272988191097,3.222018023221789,3.22255924020798,-0.5699680586111295,-0.24091047181994565,-0.19762027996633336,-0.20417624933639938,0.03673422248354627,-2.231491965172076,-1.7097583857477687,-2.0947559410461554,0.13673602412592079
495.6035041540527,20.09108983732901,-0.005775568504095219,0.002003192455649838,3.8953854591464254,3.3194440912020333,3.3199853081882242,-0.5754001509582012,-0.24754286949053408,-0.19441116743135112,-0.20096713680141715,0.04657573268911694,-2.3219358531292693,-1.7600524903691017,-2.1450500456674884,0.17688580746178095
502.3904859414026,20.117146463792018,0.008192153862626839,0.001896041890866229,4.000990396190648,3.4002246434884533,3.4007658604746442,-0.6002245357160039,-0.2543575626569635,-0.20400572095205405,-0.21056169032212008,0.043795872334843444,-2.4142977071903697,-1.8657885385714366,-2.250786093869823,0.16351161332054653
509.2704112236949,20.12213983475209,0.009705284338057396,0.0033976518565452807,4.10941107356404,3.4817597460550473,3.4823009630412383,-0.6271101105228016,-0.2613595459547762,-0.20375219463914718,-0.2103081640092132,0.05105138194556297,-2.5086443735054367,-1.914018895701716,-2.2990164510001025,0.20962792250533413
516.244552804294,20.15128782430557,0.00319613830303922,0.0034667736777223013,4.220717494000216,3.5768638375342654,3.5774050545204563,-0.64331243947976,-0.26855395004368837,-0.2179465270284524,-0.22450249639851844,0.044051453645169936,-2.605042512868716,-2.041141323301474,-2.4261388785998608,0.17890363426885525
523.3142009168147,20.142687707769234,0.0018883861405853963,0.009678578010216654,4.33498058866057,3.677555275606707,3.678096492592898,-0.6568840960676718,-0.27594604527145267,-0.23570099669419875,-0.24225696606426478,0.03368907920718789,-2.7035583927719604,-2.137974919528773,-2.5229724748271596,0.18058591794480083
530.4806634638187,20.132504940478157,-0.005681416846297083,0.0034499513051713393,4.452272079904681,3.7861884562708923,3.786729673257083,-0.6655424066475977,-0.28354124543480774,-0.23677475453794727,-0.2433307239080133,0.04021052152679444,-2.804257643966725,-2.211529551787251,-2.5965271070856377,0.20773053688108734
537.7452662587801,20.134468623580965,0.0027042325198038952,0.0065651369368353585,4.57266431283638,3.8747429117054395,3.8752841286916304,-0.69738018414475,-0.2913451116389646,-0.24612856732436939,-0.2526845366944354,0.03866057494452918,-2.9072049768113866,-2.2976032107387496,-2.6826007660371363,0.2246042107742503
545.1093532713641,20.12917964076555,-0.0059306939128696,0.006795894534768365,4.696230050159215,3.9593109792506347,3.9598521962368256,-0.7363778539223897,-0.29936335626027294,-0.2425369047112298,-0.24909287408129582,0.050270482178977116,-3.0124638519322158,-2.381434248491658,-2.7664318037900446,0.24603204814217117
552.5742868760643,20.150646369667793,-0.018281848842317316,0.00803926330117477,4.8230422238859365,4.0231395742009965,4.0236807911871875,-0.799361432698749,-0.3076018470118983,-0.25310233379770253,-0.25965830316776856,0.04794354384412974,-3.1200960990878164,-2.4743043931645303,-2.859301948462917,0.2607941506248994
560.1414481042464,20.170803049798664,-0.007224199155409394,0.0036902361519217663,4.95317363642008,4.232417053023987,4.232958270010178,-0.720215366409902,-0.316066611118144,-0.26455137608529355,-0.2711073454553596,0.04495926566278441,-3.2301614772692506,-2.6295225195741097,-3.0145200748724963,0.21564140239675433
567.8122368996411,20.153764514912858,0.001063935269307592,-0.0008929689915433414,5.086696602207956,4.33422451407673,4.334765731062921,-0.751930871145035,-0.3247638395976732,-0.26650732548921496,-0.273063294859281,0.051700544738392196,-3.342717168296612,-2.7153142549163363,-3.100311810214723,0.24240535808188923
575.5880723773386,20.135037949122967,0.0005771134137546596,-0.0005154644792142449,5.223682519730561,4.4344638625463695,4.43500507953256,-0.7886774401980006,-0.33369989165984104,-0.29217304393924337,-0.2987290133093094,0.03497087835053164,-3.45781719503014,-2.7912387861944943,-3.176236341492881,0.28158085353725903
583.4703930863272,20.122635897879277,-0.00040563628687451114,0.001042305977883018,5.36420136185651,4.541754204562832,4.5422954215490225,-0.8219059403074871,-0.34288129921679755,-0.2841171043114237,-0.2906730736814897,0.05220822553530785,-3.5755117544637702,-2.8833783669477313,-3.268375922246118,0.3071358322176523
591.4606572756293,20.12384461507434,-0.0019209073743091665,-0.003025646082726041,5.508321070588819,4.711400332122054,4.711941549108245,-0.7963795214805742,-0.3523147715139693,-0.2801110466341754,-0.28666701600424144,0.06564775550972785,-3.695846454596188,-3.013042345141905,-3.3980399004402915,0.29780655415589674
599.5603431640802,20.11332640707909,0.009412867866355867,0.0023660591383780627,5.656106839947234,4.806339210470817,4.806880427457008,-0.8492264124902258,-0.3620071998826463,-0.2943802934938482,-0.30093626286391423,0.06107093701873206,-3.818861442871743,-3.069715532057277,-3.4547130873556635,0.3641483555160794
607.7709492138046,20.10333451509355,0.0073588243988069735,-0.0005050847697631866,5.80762026811429,4.94334701291212,4.943888229898311,-0.8637320382159785,-0.3719656626166126,-0.309239451631413,-0.315795421001479,0.05617024161513362,-3.944590412613228,-3.172951994472143,-3.55794954977053,0.38664086284269805
616.0939944074322,20.119637982106973,0.013111418507776307,0.008179802114732126,5.962918356842857,5.060801779832143,5.061342996818334,-0.9015753600245224,-0.3821974299777544,-0.3212373143476057,-0.32779328371767175,0.054404146260082664,-4.073059472418306,-3.3100341967830573,-3.695031752081444,0.37802772033686205
624.5310185291163,20.10038190975554,0.0044565962442852936,0.014500888906695764,6.1220523327692,5.243400536171848,5.243941753158039,-0.8781105796111612,-0.39270996933184243,-0.3253777122498889,-0.3319336816199549,0.06077628771188753,-4.204285862244317,-3.428576460797359,-3.8135740160957456,0.3907118461485717
633.083582449396,20.12485925428888,-0.009909166469135755,0.003340456213727805,6.285066261277715,5.320797848980639,5.32133906596683,-0.9637271953108844,-0.40351095042024576,-0.32700166403407493,-0.33355763340414096,0.0699533170161048,-4.338276498346476,-3.545740345851261,-3.9307379011496475,0.40753859719682817
641.7532684139617,20.14435294190639,-0.026376796427612703,-0.01605209645954986,6.451995419246217,5.419490931552502,5.420032148538693,-1.0319632707075233,-0.4146082507682909,-0.34190718081637783,-0.34846315018644386,0.06614510058184703,-4.475026328136642,-3.686815555224573,-4.07181311052296,0.4032132176136818
650.541680336376,20.1336766187507,-0.029150102551955825,-0.0190488132231188,6.622864388037703,5.618906469608817,5.619447686595008,-1.0034167014426956,-0.42600996123672497,-0.34993346694144734,-0.35648943631151336,0.0695205249252116,-4.61451647491079,-3.7878308398955873,-4.172828395193974,0.44168807971681545
659.4504440947987,20.154501425365147,-0.008490696456803448,-0.016057731195708413,6.797684822948752,5.78619907790252,5.786740294888711,-1.0109445280600413,-0.43772439171754285,-0.3685921802377301,-0.37514814960779613,0.06257624210974672,-4.756712151661814,-3.932780534121818,-4.317778089420205,0.4389340622416089
668.4812078327807,20.146917489689116,0.0076476537616656515,-0.002729507650492735,6.976452849565678,5.913207473556717,5.913748690542908,-1.0627041590227702,-0.44976007697927445,-0.3713379641850949,-0.37789393355516093,0.07186614342411352,-4.901560323203326,-4.060398919693505,-4.445396474991892,0.4561638482114345
677.6356422641734,20.132041422268927,0.0050025843923080515,-0.000488588118056299,7.159146031746001,6.074593856426972,6.075135073413163,-1.0840109583328381,-0.4621257826649756,-0.386507650218455,-0.39306361958852104,0.06906216307645457,-5.048987096346353,-4.190156892008158,-4.575154447306545,0.4738326490398075
686.9154409822157,20.144209780816357,0.019042648477888946,0.0015963142522288365,7.345719850220118,6.233178654903302,6.233719871889493,-1.1119999783306254,-0.4748305114472084,-0.411492037947788,-0.418048007317854,0.05678250412935437,-5.198894819872594,-4.33568331429254,-4.720680869590927,0.4782139502816669
696.3223207728528,20.12199772174824,-0.003302626660886432,-0.008631722074238013,7.536103625583644,6.417295491976358,6.4178367089625485,-1.1182669166210957,-0.48788350934408503,-0.4134773683888042,-0.42003333775887025,0.06785017158521478,-5.351158879299392,-4.467247129698507,-4.852244684996894,0.4989141943024986
705.8580219323458,20.102814560942715,-0.01343004030490036,-0.00748676480021615,7.730195815558676,6.632524444895832,6.633065661882023,-1.0971301536766527,-0.501294272199886,-0.4314535559478294,-0.43800952531789544,0.06328474688199054,-5.505624177077872,-4.583869520519427,-4.968867075817814,0.5367571012600587
715.5243085892305,20.106336264919868,0.0011192122450474074,-0.004450116367834767,7.927858614409936,6.740478482508177,6.741019699494368,-1.186838914915568,-0.5150725523358388,-0.4400045956778875,-0.44656056504795355,0.06851198728788527,-5.662101297059675,-4.736414349148543,-5.12141190444693,0.5406893926127454
725.3229690306863,20.117558321210467,-0.006669528321435081,-0.007091067610833335,8.128911784085226,6.893531303450839,6.89407252043703,-1.2348392636481957,-0.5292283653735946,-0.4405372565861221,-0.4470932259561881,0.08213513941740652,-5.820362363821153,-4.861504226774317,-5.246501782072704,0.5738605817484492
735.2558160333734,20.11043009402697,-0.01102078116661076,-0.010571919783551209,8.333125653444421,7.109927785276533,7.1104690022627235,-1.2226566511816976,-0.5437719972379909,-0.45284174155328927,-0.4593977109233553,0.08437428631463556,-5.980136623643783,-4.988835815988963,-5.3738333712873505,0.6063032523564322
745.3246871988009,20.122018135115276,-0.00041041279575537715,-0.004830111345867749,8.540213236450098,7.296173311077176,7.296714528063367,-1.2434987083867313,-0.5587140113422848,-0.4591610999679574,-0.4657170693380234,0.0929969420042614,-6.141105795478637,-5.164875802772244,-5.549873358070631,0.5912324374080065
755.5314452932879,20.147289434897104,-0.019272480673883763,-0.00824244227647597,8.749821445579908,7.526721761771917,7.527262978758108,-1.2225584668218001,-0.5740652559610503,-0.48004074067285174,-0.48659671004291777,0.08746854591813252,-6.30289926785424,-5.365125843962806,-5.750123399261193,0.5527758685930468
765.8779785925798,20.12615881157125,-0.005283268097350913,-0.001468717782522333,8.96152141692313,7.707579669351897,7.708120886338088,-1.2534005305850417,-0.5898368717957165,-0.47941014803889814,-0.48596611740896417,0.10387075438675236,-6.46508925294881,-5.503966986841206,-5.888964542139593,0.5761247108092169
776.3662012311842,20.117089179117592,0.006326687365600492,0.00803317788118818,9.174798023020562,7.9000762857311315,7.900617502717322,-1.27418052030324,-0.6060402997381924,-0.5045410469315925,-0.5110970163016585,0.09494328343653391,-6.627186051690908,-5.618627642194378,-6.003625197492765,0.6235608541981428
786.99805355649,20.1007965491202,-0.001965586047138146,0.012931648861300715,9.389038734371384,8.137309051221674,8.137850268207865,-1.2511884661635193,-0.6226872888366126,-0.5194812987796524,-0.5260372681497184,0.09665002068689421,-6.788633634532654,-5.802568975835323,-6.18756653113371,0.6010671033989441
797.7755024877378,20.118053286143017,0.0048802402150229796,0.014080650158348362,9.603522105692067,8.29480967195574,8.29535088894193,-1.3081712167501358,-0.639789904470326,-0.5406749155142521,-0.547230884884318,0.09255901958600798,-6.948805800634833,-5.955954547070178,-6.340952102368565,0.6078536982662683
808.7005418799022,20.11055204756768,0.013522719494709179,0.0030061468247275513,9.817406314089276,8.517711484879406,8.518252701865597,-1.2991536122236784,-0.6573605367377594,-0.5486469811640333,-0.5552029505340993,0.10215758620366011,-7.10700324131011,-6.06841430563286,-6.453411860931247,0.6535913803788631
819.7751928925649,20.100547064534734,0.0068959973330571245,0.004778566056831579,10.029718365781012,8.694912566039626,8.695453783025817,-1.3342645827551944,-0.6754119090638523,-0.5496119583012202,-0.5561679276712862,0.11924398139256609,-7.262451898333254,-6.199519711923621,-6.584517267222008,0.6779346311112464
831.0015043638284,20.10519374798516,0.011193476196904584,-0.0158307701514957,10.239344814871618,8.929296977584016,8.929838194570207,-1.309506620301411,-0.6939570870337508,-0.5686774343026286,-0.5752334036726946,0.11872368336105621,-7.41430306797458,-6.413221559086267,-6.798219114384654,0.6160839535899258
842.38155318936,20.117884393064806,0.007048740567395129,-0.007740633531728491,10.445025092973651,9.125565140412938,9.126106357399129,-1.3189187355745222,-0.7130094874559341,-0.5603987042873726,-0.5669546736574386,0.1460548137984955,-7.561635748677469,-6.603324186843379,-6.988321742141766,0.5733140065357034
853.9174447066213,20.101683135865535,0.009079169214349037,0.0070079387903874135,10.645348812326333,9.319070238588722,9.319611455574913,-1.3257373567514197,-0.7325828876649825,-0.5653281245106356,-0.5718840938807016,0.16069879378428087,-7.703461752817988,-6.71651610450861,-7.101513659806997,0.6019480930109911
865.6113130843603,20.124345692151277,0.017471075124039004,-0.005858374957373513,10.838758642140295,9.588014714375252,9.588555931361443,-1.2502027107788525,-0.7526914350660746,-0.609396757310595,-0.6159527266806609,0.1367387083854137,-7.838734087379647,-6.928144373657897,-7.313141928956284,0.5255921584233629
877.4653217174417,20.17177502157586,0.030576833841255535,-0.03261371864945062,11.023560514574974,9.761354122478156,9.761895339464347,-1.2616651751106271,-0.7733496569315774,-0.6532475957478852,-0.6598035651179511,0.1135460918136263,-7.966359039231483,-7.069430605249346,-7.454428160547733,0.5119308786837493
889.4816636270748,20.180787533736535,0.01875805515360085,-0.0038722232584831318,11.197942921147689,9.938791284487323,9.939332501473514,-1.2586104196741754,-0.7945724704535874,-0.6628871447626743,-0.6694431141327403,0.1251293563208471,-8.085212264671373,-7.248297681372556,-7.633295236670943,0.4519170280004303
901.6625618665314,20.17787331224367,0.023808940720797978,0.00657430502783285,11.360006828158,10.158978043679749,10.15951926066594,-1.2004875674920594,-0.8163751930615566,-0.6925771060563548,-0.6991330754264208,0.11724211763513581,-8.194158969806661,-7.396617156900174,-7.781614712198561,0.41254425760810065
914.0102699324154,20.172173435081792,-0.007665552035266643,-0.010789417870594065,11.507807188872652,10.341967715615798,10.342508932601989,-1.1652982562706633,-0.8387735530100282,-0.7080484100594902,-0.7146043794295561,0.12416917358047208,-8.292077977179893,-7.533280348698284,-7.918277903996671,0.3738000731832223
926.5270721815654,20.123397752167577,-0.009091912275319913,-0.006298306199688852,11.63940610597871,10.5405085630167,10.541049780002892,-1.0983563259758178,-0.8617837002462652,-0.719510535029233,-0.726066504399299,0.13571719584696618,-8.377889116047893,-7.650169704799634,-8.03516726009802,0.3427218559498719
939.2152842536661,20.13226088618171,-0.025991393715678157,-0.0025760370590504067,11.752936405711651,10.81296090115854,10.813502118144731,-0.9394342875669199,-0.8854222175627393,-0.7503177669300563,-0.7568737363001222,0.1285484812626171,-8.450582976279195,-7.817373008181862,-8.20237056348025,0.2482124127989458
952.077253499648,20.11865263664742,-0.014418351898743964,0.00043776927043026603,11.846672824059754,10.993605421336778,10.994146638322968,-0.8525261857367852,-0.9097061320448153,-0.764131400628905,-0.770687369998971,0.1390187620458443,-8.509251672742465,-7.993284158526329,-8.378281713824716,0.1309699589177491
965.1153594159524,20.118418879258776,-0.020751105840123074,-0.004514749524744843,11.919106387149691,11.13846220757052,11.13900342455671,-0.7801029625929807,-0.9346529268193238,-0.785135197477139,-0.791691166847205,0.1429617599721188,-8.553118935664052,-8.04781511706395,-8.432812672362337,0.12030626330171579
978.3320140847452,20.14510084288471,-0.022711037574591586,-0.004684323458370443,11.969016203417782,11.300277976762747,11.300819193748938,-0.6681970096688445,-0.9602805531139046,-0.8041821573652612,-0.8107381267353272,0.1495424263785774,-8.581567634990048,-8.156075598246087,-8.541073153544474,0.04049448144557388
991.7296626201569,20.13949665286598,-0.0070708511008490404,-0.00690703247721558,11.99553212911177,11.40835715143901,11.4088983684252,-0.5866337606865688,-0.9866074426344867,-0.8418665145568553,-0.8484224839269213,0.13818495870756542,-8.59416281855919,-8.265568678648727,-8.650566233947114,-0.05640341538792448
1005.310783620636,20.13730563148681,-0.0075490036982373,-0.005333852741117084,11.998181922070119,11.604870110432838,11.605411327419029,-0.39277059465108977,-1.0136525202706554,-0.8806221288298346,-0.8871780981999006,0.12647442207075488,-8.59066852896431,-8.371937059476213,-8.7569346147746,-0.16626608581029068
1019.0778896274951,20.130170142761056,0.012720052618259814,-0.0011052905106971878,11.976917698983542,11.733378034136063,11.733919251122254,-0.24299844786128766,-1.0414352171357708,-0.8785996583255304,-0.8851556276955964,0.1562795894401744,-8.57105706332865,-8.44046326774886,-8.825460823047248,-0.2544037597185973
1033.0335275897378,20.122159041867906,0.002783181081380093,-0.005261645626621458,11.932118652392488,11.819225681456643,11.819766898442834,-0.11235175394965324,-1.069975483953715,-0.9132410303076774,-0.9197969996777434,0.15017848427597158,-8.53550991646415,-8.502330168978432,-8.887327724276819,-0.3518178078126688
1047.18027933525,20.105349644296513,0.011786581226356674,4.562470735081092e-05,11.86456970952922,11.889425467935705,11.889966684921896,0.025396975392675714,-1.0992938047979104,-0.9184573053037539,-0.9250132746738199,0.1742805301240905,-8.484410328795274,-8.511163208035367,-8.896160763333754,-0.4117504345384795
1061.5207620484455,20.117033921770883,-0.002922862568176754,0.0,11.775418603351802,11.949942497172046,11.950483714158237,0.17506511080643428,-1.1294112111957917,-0.9436885440550675,-0.9502445134251335,0.1791666977706582,-8.418328052412182,-8.539794398850235,-8.924791954148622,-0.5064639017364403
1076.0576287544507,20.090852679378973,0.002598902257116009,0.017428314513001197,11.666116136034288,12.00189162815462,12.002432845140811,0.3363167091065229,-1.1603492966051476,-0.9755461079166103,-0.9821020772866763,0.17824721931847132,-8.337997555499756,-8.570070433628736,-8.955067988927123,-0.6170704334273669
1090.79356880992,20.135399332706527,-0.0013958799018496393,0.0024673587358599036,11.538345843614424,11.99988712260609,12.00042833959228,0.46208249597785667,-1.1921302312732533,-1.006558258444528,-1.0131142278145941,0.1790160034586592,-8.24429132890224,-8.5813111579308,-8.966308713229187,-0.7220173843269482
1105.731308400579,20.151401416466165,0.00774814176139671,0.01005235735431853,11.393949652944787,11.980926266689927,11.981467483676118,0.5875178307313309,-1.224776777488758,-1.0099970430580498,-1.016553012428116,0.208223765060642,-8.138190192768558,-8.575797891988113,-8.9607954472865,-0.8226052545179421
1120.8736110455673,20.1514878474818,0.007455569592007549,-0.008664610712646237,11.234855546705527,11.921817881544744,11.922359098530935,0.687503551825408,-1.25831230523491,-1.0627298780644132,-1.0692858474344793,0.1890264578004306,-8.020752518723492,-8.554461878269112,-8.9394594335675,-0.918706914844007
1136.2232781087014,20.152767097609612,0.014782649457131924,0.005333334676002721,11.063011992789964,11.857923547783777,11.858464764769968,0.7954527719800044,-1.2927608082557618,-1.0763564507117884,-1.0829124200818545,0.20984838817390727,-7.893084111374675,-8.519341503773633,-8.90433905907202,-1.0112549476973456
1151.783149316734,20.123062653333594,0.015416612002535857,-0.009449732441655811,10.880332302897555,11.809393155016796,11.809934372002987,0.9296020691054316,-1.3281469205421552,-1.1215860560141984,-1.1281420253842644,0.20000489515789077,-7.756310183859224,-8.458328494011328,-8.843326049309715,-1.087015865450491
1167.5561032847093,20.11274850201021,0.027830700603953318,-0.009441824843630542,10.68865048910354,11.69368011623104,11.69422133321723,1.0055708441136897,-1.364495933249477,-1.147639730587528,-1.1541956999575942,0.21030023329188285,-7.611550477571054,-8.378332677341703,-8.76333023264009,-1.151779755069036
1183.5450580485133,20.11774846762917,0.012450277960443401,0.0016062649146917352,10.489688822756287,11.55589762519034,11.556438842176531,1.066750019420244,-1.4018338120557394,-1.1684359023142505,-1.1749918716843166,0.2268419403714228,-7.459898175336628,-8.286176118535689,-8.671173673834076,-1.2112754984974483
1199.7529716047225,20.113663621598704,0.004273057319540641,0.007409789518636245,10.285036290546895,11.411247024121646,11.411788241107837,1.1267519505609425,-1.4401872149673547,-1.2080056626835187,-1.2145616320535848,0.22562558291376988,-7.302402887515267,-8.145585477789226,-8.530583033087613,-1.2281801455723453
1216.182842457833,20.130832446235928,-0.011947220829135574,-0.008658983253660324,10.076136511735257,11.229685198728749,11.23022641571494,1.154089903979683,-1.479583510583394,-1.265678079618219,-1.272234048988285,0.20734946159510903,-7.140057682927235,-8.034522514289744,-8.419520069588131,-1.2794623866608958
1232.837710174997,20.12922584415546,-0.00859461144520779,-0.010061934314197885,9.864283383927075,11.099950257184918,11.10049147417111,1.236208090244034,-1.5200507968234507,-1.29738231761851,-1.303938286988576,0.21611250983487462,-6.973789905695425,-7.930586190100403,-8.31558374539879,-1.3417938397033646
1249.7206559483484,20.116176459674904,-0.004254508657393075,-0.009224224733131337,9.65062268395992,10.9269806614735,10.927521878459691,1.2768991944997712,-1.5616179201285239,-1.3113773822113934,-1.3179333515814595,0.24368456854706433,-6.804455366382216,-7.8134991923397585,-8.198496747638146,-1.3940413812559296
1266.8348031650314,20.134086145087824,-0.010948423289708131,-0.029121904773930396,9.436157980046325,10.714675220858435,10.715216437844626,1.2790584577983015,-1.604314495138052,-1.370594352776397,-1.3771503221464632,0.22716417299158875,-6.6328354129498575,-7.699578374891058,-8.084575930189445,-1.4517405172395872
1284.1833179850344,20.127509851949018,-0.012962301957355038,-0.0204881918805917,9.22175943579132,10.53708847028281,10.537629687269002,1.3158702514776817,-1.64817092485007,-1.4177919368310405,-1.4243479062011066,0.22382301864896337,-6.459636360693369,-7.530975804235769,-7.915973359534156,-1.4563369988407873
1301.7694099269384,20.104292489146722,-0.028595319230220184,-0.017042300795019116,9.00817434825951,10.423848592805285,10.424389809791476,1.4162154615319658,-1.6932184212650454,-1.4488270593462502,-1.4553830287163163,0.2378353925487291,-6.285490775625585,-7.348202033441172,-7.733199588739559,-1.447708813113974
1319.596332461685,20.124363862015286,0.003829246075291337,-0.021012027016759305,8.79603852168364,10.077946297358366,10.078487514344557,1.2824489926609175,-1.739489026515858,-1.5073758811301978,-1.513931850500264,0.2255571760155941,-6.110960148407124,-7.194067634155957,-7.579065189454344,-1.4681050410472194
1337.6673836144776,20.10999617747551,-0.006551850668113701,-0.03516186146337219,8.585887812676066,9.89455199939382,9.89509321638001,1.3092054037039436,-1.7870156344816055,-1.5213128601768098,-1.5278688295468759,0.25914680493472964,-5.936538554127329,-7.006878579182837,-7.391876134481224,-1.4553375803538957
1355.9859065749235,20.10823423275546,-0.00483351839718793,-0.03157072998427779,8.378169380979607,9.750535125729655,9.751076342715846,1.3729069617362395,-1.8358320128803653,-1.5575462349510865,-1.5641022043211525,0.2717298085592128,-5.762656957509363,-6.845560372467222,-7.230557927765609,-1.4679009702562462
1374.5552903155324,20.13654146920164,-0.005798369222652866,-0.02985266849401569,8.173252339187556,9.472203778611394,9.472744995597585,1.2994926564100293,-1.885972825833925,-1.620667048522158,-1.627223017892224,0.258749807941701,-5.589687887084308,-6.697333960780032,-7.082331516078419,-1.4926436289941112
1393.3789702186855,20.139009256588004,0.012203826047617383,-0.0208997379624023,7.97143761778708,9.220716682381259,9.22125789936745,1.2498202815803694,-1.9374736568908717,-1.6557433054858208,-1.662299274855887,0.2751743820349848,-5.417950261288199,-6.518018794869768,-6.903016350168155,-1.4850660888799556
1412.4604287121892,20.152147100053945,0.007052757459167225,-0.002024154178357662,7.772966952820783,9.00933458741548,9.009875804401672,1.2369088515808881,-1.9903710324921542,-1.6933114510037264,-1.6998674203737925,0.29050361211836173,-5.247714201855954,-6.347350970322047,-6.732348525620434,-1.48463432376448
1431.803195913533,20.134369401045817,-0.004297716692065023,-0.007795881943614802,7.578030968383871,8.843507811157863,8.844049028144054,1.2660180597601833,-2.044702445854725,-1.7400928977406167,-1.7466488671106828,0.29805357874404237,-5.079205714573566,-6.160031190694573,-6.54502874599296,-1.4658230314193945
1451.41085028297,20.174719755571353,-0.0040994531122287015,-0.0037296007375680063,7.386776370131024,8.645840936158535,8.646382153144726,1.2596057830137024,-2.1005063812443283,-1.785330582268962,-1.791886551639028,0.3086198296053002,-4.91261115408685,-6.042589448154882,-6.427587003453269,-1.5149758493664187
1471.2870192855398,20.14200644933682,-0.017367327865994042,-0.0011249563698250142,7.199312294348228,8.416298037680665,8.416839254666856,1.2175269603186276,-2.1578223385980615,-1.8257109374147618,-1.8322669067848278,0.32555543181323365,-4.748081418879684,-5.827013601260184,-6.212011156558571,-1.4639297376788871
1491.4353800621643,20.11225901243172,0.008061341318541082,0.006315678841424699,7.015715873742768,8.242323638745084,8.242864855731275,1.227148981988507,-2.21669085844902,-1.8616288401508854,-1.8681848095209515,0.3485060489280687,-4.585735845312654,-5.6113893731957525,-5.99638692849414,-1.4106510831814854
1511.8596601099196,20.102019973620195,0.018134579538756412,0.011002281121996305,6.836037089416832,8.005221728899283,8.005762945885474,1.1697258564686415,-2.277153547092424,-1.9378424242340309,-1.944398393604097,0.33275515348832707,-4.4256657868974365,-5.418383609959074,-5.803381165257461,-1.3777153783600244
1532.5636379716366,20.090174413529823,-0.004130827970961093,0.013701842039182566,6.660302981095029,7.856652554503221,7.857193771489412,1.1968907903943826,-2.3392531019218716,-1.9670909773839682,-1.9736469467540343,0.36560615516783734,-4.2679378776644565,-5.2711441195231465,-5.656141674821534,-1.388203797157077
1553.5511439349418,20.088382109238196,0.017958753860131793,0.01622370299875797,6.488521286428856,7.675145217804662,7.675686434790853,1.1871651483619967,-2.4030333368439583,-1.9947871195550633,-2.0013430889251294,0.4016902479188289,-4.112596987455955,-5.120183313227544,-5.505180868525931,-1.3925838810699762
1574.8260607408681,20.09792569847652,-0.0008994667046984262,0.010276174096329527,6.320683576560505,7.522129678418967,7.522670895405158,1.2019873188446528,-2.468539207665782,-2.0488964791281425,-2.0554524484982086,0.41308675916757354,-3.9596688830133804,-4.982474233643821,-5.367471788942208,-1.4078029059288273
1596.3923243021707,20.093571108200855,-0.005957921684192513,0.007189471320387497,6.156767950221641,7.253233739767921,7.253774956754112,1.097007006532471,-2.5358168373247887,-2.129206408889168,-2.135762378259234,0.4000544590655548,-3.80916261262286,-4.77335581763403,-5.158353372932417,-1.3491907603095572
1618.2539244314871,20.114883814762834,0.015107653896116346,0.01012049954326244,5.996741342926684,7.007541392407074,7.008082609393265,1.011341266466581,-2.604913540804322,-2.1889395738187787,-2.1954955431888448,0.40941799761547726,-3.661072634149876,-4.568830971799009,-4.9538285270973965,-1.2927558929475205
1640.4149055794535,20.143108512086673,-0.003919624310423586,0.010747595086506578,5.840561502064476,6.826740562485735,6.827281779471926,0.9867202774074499,-2.675877849552325,-2.268761390260817,-2.275317359630883,0.4005604899214421,-3.5153807072897076,-4.434974679276104,-4.819972234574491,-1.3045915272847837
1662.879367582943,20.093035107952574,0.00902377934722054,0.018266030475778905,5.688178672979401,6.724548867898971,6.725090084885162,1.036911411905761,-2.74875953518062,-2.3005195937386134,-2.3070755631086795,0.44168397207194054,-3.372057570809,-4.320111789790229,-4.705109345088616,-1.3330517742796157
1685.651466423546,20.115388118565946,0.019912050633212885,0.013703171078681464,5.539537035741721,6.521235403466566,6.521776620452757,0.9822395847110359,-2.8236096321840733,-2.3923554590222196,-2.3989114283922857,0.4246982037917877,-3.2310644250426037,-4.187624350553044,-4.572621905851431,-1.3415574808088273
1708.735414996436,20.110330371284668,0.00822994667910848,0.017186947698462518,5.394575927379176,6.356694120412669,6.35723533739886,0.9626594100196844,-2.9004804593698292,-2.463386367273891,-2.4699423366439572,0.430538122725872,-3.092354238898273,-3.993571373554957,-4.378568928853344,-1.286214689955071
1732.1354838897657,20.121245406069132,-0.0007345713891346861,-0.012709252325539211,5.253230879813563,6.173073985762095,6.173615202748286,0.9203843229347228,-2.979425639631457,-2.5182833291667315,-2.5248392985367976,0.45458634109465956,-2.9558728993989587,-3.832027192111635,-4.217024747410022,-1.2611518480110635
1755.8560021747376,20.10300204728026,0.0014389607772180568,-0.008105232204112411,5.115434499745875,6.023436368660487,6.023977585646678,0.9085430859008028,-3.060500117636187,-2.6026545629212166,-2.6092105322912826,0.45128958534490415,-2.821560220455695,-3.713356476256479,-4.098354031554866,-1.276793811099171
1779.9013582064913,20.080984082757816,0.0001251362469680828,-0.00837143184388367,4.981117213169454,5.855572474112826,5.856113691099017,0.8749964779295629,-3.1437601749166455,-2.665890506191964,-2.67244647556203,0.4713136993546154,-2.689350826165297,-3.5864121578854977,-3.9714097131838844,-1.2820588870185872
1804.2760004359614,20.06411422472887,0.008020817365085975,-0.022408937411427132,4.850207894054187,5.699844747629406,5.700385964615597,0.8501780705614097,-3.229263441770423,-2.755351930844359,-2.761907900214425,0.4673555415559978,-2.55917492252856,-3.3990580729062323,-3.784055628204619,-1.2248807056760591
1828.9844382328517,20.03975331716972,0.015171369984052774,-0.03494598891674627,4.722634394018781,5.606727480062723,5.607268697048914,0.8846343030301327,-3.317068905262121,-2.802392044410908,-2.808948013780974,0.508120891481147,-2.4309589701627368,-3.2449739272717295,-3.629971482570116,-1.1990125124073794
1854.03124271988,20.068582240848873,0.004566258762746855,0.0027671258824710776,4.598323987440525,5.432874263393085,5.433415480379276,0.8350914929387514,-3.407236912505185,-2.8859670905942068,-2.892523059964273,0.5147138525409121,-2.304626269301741,-3.1312030475217014,-3.516200602820088,-1.2115743335183469
1879.421047618447,20.106596914175697,-0.014768754078758661,0.01446955732924593,4.477203744379801,5.254635076669942,5.255176293656133,0.7779725492763321,-3.4998291682503124,-2.97114057450748,-2.977696543877546,0.5221326243727664,-2.1800974672106346,-3.0021701318060465,-3.387167687104433,-1.2070702198937986
1905.158550105886,20.101410268101194,-0.028152118213352395,-0.0011159182780389187,4.359200841945175,5.110148469342928,5.110689686329119,0.7514888443839434,-3.5949087256469427,-3.068790418486632,-3.075346387856698,0.5195623377902447,-2.057290997051276,-2.8246168951005473,-3.209614450398934,-1.152323453347658
1931.2485116844532,20.089445497908727,-0.02026852255256273,0.009009967484523429,4.2442428231773235,5.017971960037393,5.018513177023584,0.7742703538462603,-3.692539968840254,-3.12204760522906,-3.128603574599126,0.5639363942411277,-1.9361234562577048,-2.717021181949363,-3.1020187372477497,-1.165895280990045
1957.6957590622171,20.09218341292216,-0.01684777698135065,-0.0024902063230243243,4.132257811228083,4.891370654730302,4.891911871716493,0.7596540604884101,-3.792788585842888,-3.2126707889948776,-3.2192267583649437,0.5735618274779442,-1.8165099315662492,-2.622706629813486,-3.0077041851118724,-1.1911942535456232
1984.5051850460118,20.05472278504024,-0.0058354215706870605,0.0093381627670297,4.023174685494141,4.773072267656595,4.773613484642786,0.750438799148645,-3.8957215298473646,-3.277410017858191,-3.283965987228257,0.6117555426191075,-1.6983642770728269,-2.486650774705364,-2.8716483300037505,-1.1732840529309236
2011.6817494466159,20.024448597056764,-0.02134943891688934,0.00022101362527138235,3.9169232253726722,4.659039812794067,4.659581029780258,0.7426578044075853,-4.001406966830608,-3.3716416907382367,-3.378197660108303,0.623209306722305,-1.5815993509400752,-2.34199625209396,-2.7269938073923465,-1.1453944564522713
2039.2304799963385,20.067862644989695,-0.015353858469367765,-0.019875879782262018,3.813434226518106,4.531021461213829,4.53156267820002,0.7181284516819137,-4.1099142069380425,-3.462453337158614,-3.46900930652868,0.6409049004093625,-1.4661272157622596,-2.2179725774057104,-2.602970132704097,-1.1368429169418375
2067.15647327915,20.012927048961878,0.031201504756484866,0.0018807507263147727,3.712639593732378,4.394921855674632,4.395463072660823,0.6828234789284444,-4.221313616696602,-3.589937607968082,-3.596493577338148,0.6248200393584535,-1.3518593070171137,-2.04625082168279,-2.4312483769811766,-1.079389069964063
2095.4648956735705,19.999130222672562,0.0316346046215763,-0.013839694129266888,3.614472414051158,4.272955497533225,4.273496714519416,0.6590243004682579,-4.335676508608568,-3.69130818745365,-3.6978641568237163,0.6378123517848517,-1.2387065735335636,-1.9598805475434915,-2.344878102841878,-1.1061715293083145
2124.160984308462,20.031652460596572,-0.012174279667892307,0.016962369294123647,3.518867013046137,4.171450958193699,4.17199217517989,0.6531251621337528,-4.453075004083679,-3.7702924891691723,-3.7768484585392383,0.676226545544441,-1.1265795934662843,-1.8104934201460807,-2.1954909754444674,-1.068911381978183
2153.2500480319068,20.053232041923724,-0.04358216207090848,0.027764633325990218,3.4257589969363926,4.043179464551578,4.043720681537769,0.6179616846013762,-4.573581864977411,-3.8837812015355944,-3.8903371709056604,0.6832446940717509,-1.0153886688773122,-1.694478234326109,-2.0794757896244955,-1.0640871207471834
2182.737468393366,20.0863035861967,-0.0022254905774587996,0.027967248340722506,3.335085282716847,3.964812101936161,3.965353318922352,0.6302680362055049,-4.697270288198346,-3.9501770879202383,-3.9567330572903043,0.7405372309080414,-0.905043901688657,-1.6260825111803356,-2.0110800664787223,-1.1060361647900652
2212.628700639271,20.067899103401466,-0.016325918934242623,0.0448005302377652,3.2467841181936574,3.8910900182866044,3.8916312352727953,0.6448471170791379,-4.8242136569014225,-4.03077112681499,-4.037327096185056,0.7868865607163666,-0.795455253475532,-1.5024609525576196,-1.8874585078560062,-1.092003254380474
2242.9292747222526,20.104460694077282,0.016053860176221235,0.016839557554959583,3.160795093532431,3.7602904747369124,3.7608316917231033,0.6000365981906723,-4.954485240684202,-4.186785484333678,-4.193341453703743,0.7611437869804591,-0.6865325913063864,-1.3860515551590424,-1.771049110457429,-1.0845165191510426
2273.644796324218,20.079089416975734,0.01182911227037664,0.022642464758956038,3.0770591456983816,3.6465868845821845,3.6471281015683754,0.5700689558699938,-5.088157835921391,-4.318152168815997,-4.324708138186063,0.7634496977353278,-0.5781857216269061,-1.2629230675074652,-1.6479206228058518,-1.0697349011789457
2304.780947893394,20.073279419763605,-0.014103168957365853,0.014090361029293064,2.99551855696261,3.5753737956858096,3.5759150126720005,0.5803964557093906,-5.225303335869801,-4.404109084445471,-4.410665053815537,0.8146382820542639,-0.47032441398444724,-1.160381116605297,-1.5453786719036837,-1.0750542579192364
2336.343489695603,20.10152765184315,-0.00958372001114327,0.00020464513402629336,2.916116948468785,3.453719383286753,3.454260600272944,0.5381436518041589,-5.365992218446238,-4.545166791591413,-4.5517227609614785,0.8142694574847598,-0.36285841623846926,-1.057654296674258,-1.4426518519726446,-1.0797934357341754
2368.3382608799257,20.0552835689395,-0.04001812862745169,0.004780768683914971,2.8387992697191153,3.340034836148753,3.340576053134944,0.5017767834158287,-5.510292937555329,-4.677189317424666,-4.683745286794732,0.8265476507605971,-0.2556974627630914,-0.9480377329882685,-1.3330352882866552,-1.0773378255235637
2400.7711805589593,20.01482931547708,0.015758365038255562,-0.0003977562038812721,2.7635117847017994,3.2633045948855965,3.2638458118717875,0.5003340271699881,-5.658271201516747,-4.813029994657395,-4.8195859640274605,0.8386852374892868,-0.14875127703707136,-0.785493433314457,-1.1704909886128436,-1.0217397115757723
2433.648248903866,20.014685334534622,-0.0006040908076307971,0.01298458053329199,2.6902020552818184,3.2058387645551925,3.2063799815413834,0.5161779262595649,-5.8099891194463895,-4.900001432529059,-4.906557401899125,0.9034317175472646,-0.041929569938522995,-0.7029495866534923,-1.087947141951879,-1.046017572013356
2466.9755482544215,19.989890274651206,0.009122873421826938,0.011034305884972895,2.6188189223770877,3.1320369761138096,3.1325781931000005,0.5137592707229128,-5.965504193368085,-5.013275646653714,-5.0198316160237795,0.9456725773443058,0.06485796501878086,-0.6198913706982232,-1.0048889259966098,-1.0697468910153907
2500.759244244262,19.974450390918612,0.005523206823248472,0.025666153297201788,2.5493124853710047,3.0598793594989004,3.0604205764850914,0.5111080911140866,-6.124868130309558,-5.091595102156985,-5.098151071527051,1.0267170587825074,0.17170165830785664,-0.504149897870505,-0.8891474531688918,-1.0608491114767484
2535.0055869415423,19.91634138131181,-0.018949861698445147,0.03663683049007105,2.481634080136107,2.961833918981032,2.962375135967223,0.4807410558311158,-6.288125444653207,-5.302615923208117,-5.309171892578183,0.9789535520750237,0.27869187170092774,-0.3629265681315701,-0.7479241234299568,-1.0266159951308846
2569.7209120052134,19.92304355949247,0.005326989683112515,0.03305821920558927,2.4157362559936457,2.8693417413402074,2.8698829583263983,0.45414670233275256,-6.455311816548294,-5.467407901282554,-5.47396387065262,0.9813479458956742,0.38591900511185206,-0.25153545038728353,-0.6365330056856703,-1.0224520107975223
2604.9116418571334,19.93296255796158,-0.021310980846841687,0.028197949945976575,2.35157275187899,2.8086911509411223,2.8092323679273132,0.45765961604832306,-6.626452167244247,-5.58008899539044,-5.586644964760506,1.0398072024837415,0.49347350180266697,-0.11264200709239702,-0.4976395623907838,-0.9911130641934507
2640.5842868702416,20.03935368842484,0.005017372785054874,0.013801206181305758,2.2890984719415726,2.712210998580769,2.71275221556696,0.4236537436253873,-6.8015584068068415,-5.764961429008061,-5.771517398378126,1.0300410084287153,0.6014458507530984,-0.0607886876318986,-0.44578624293028535,-1.0472320936833839
2676.745446572978,20.065769694182823,-0.012502331399108613,0.020513037460798245,2.2282694607761933,2.663944490903699,2.66448570788989,0.43621624711369655,-6.980626803943607,-5.917788464197127,-5.924344433567192,1.0562823703764144,0.7099265849564216,0.03585741244501506,-0.3491401428533717,-1.0590667278097934
2713.401810870224,20.016656021632528,0.004648737025078731,0.01599525098502852,2.1690428784406177,2.581915961889287,2.5824571788754778,0.41341430043486005,-7.1636349217289075,-6.10838317936501,-6.1149391487350755,1.048695772993832,0.8190062743287928,0.14843869914437846,-0.2365588561540083,-1.055565130482801
2750.5601612809464,20.061815789613714,0.012867697195087402,-0.002685287722535179,2.111376975404024,2.481374033378362,2.481915250364553,0.3705382749605288,-7.350538057191191,-6.3037561818532755,-6.310312151223341,1.0402259059678496,0.9287755118361516,0.24242187823653794,-0.14257567706184882,-1.0713511888980003
2788.227372192799,19.998675649814622,-0.023455754456914946,0.00028401204876971065,2.055231067531445,2.4275147344630277,2.4280559514492186,0.3728248839177737,-7.541265117428165,-6.43347405360559,-6.440030022975655,1.1012350944525098,1.0393248913336781,0.32664966259886086,-0.058347892699525894,-1.097672784033204
2826.4104121338983,19.94063007158406,0.01631392851417246,-0.0036998545954247675,2.0005655112026925,2.396569846599135,2.397111063585326,0.39654555238263356,-7.735713860833316,-6.522597434581154,-6.52915340395122,1.2065604568820962,1.1507449754750598,0.4514133426889906,0.06641578739060383,-1.0843291880844559
2865.1163450620197,19.92656065668567,0.03155784588993882,0.004240523386574324,1.9473416786415756,2.3240120292622493,2.32455324624844,0.3772115676068646,-7.933745430078872,-6.747960531288859,-6.754516500658925,1.1792289294199474,1.2631262518935182,0.5555245224158298,0.17052696711744308,-1.092599284776075
2904.3523316714486,19.96113989176577,0.023844492179502907,0.007481823302295965,1.8955219335188123,2.2435840532918476,2.2441252702780385,0.3486033367592263,-8.13517810509939,-6.904299093739162,-6.910855063109228,1.2243230419901625,1.3765590756618504,0.6777106293034407,0.292713074005054,-1.0838460016567963
2944.125630717724,19.94116889722651,0.03849966279413053,-0.006576427356755232,1.8450696068788717,2.1982364083680004,2.1987776253541913,0.35370801847531963,-8.339780211279573,-7.1309444431631945,-7.13750041253326,1.2022797987463125,1.4911335958197134,0.788879780348573,0.4038822250501862,-1.0872513707695273
2984.4436003605297,19.94887135059202,0.038637446526880836,-0.0017035425689755357,1.7959489734342873,2.116482377704976,2.117023594691167,0.3210746212568798,-8.547262132881713,-7.310434109926952,-7.3169900792970175,1.2302720535846952,1.606939663499254,0.9005646851907372,0.5155671298923504,-1.0913725336069038
3025.313699524966,20.022867494924128,0.004211174079465252,-0.005561467972384548,1.7481252282573279,2.0353161605601713,2.035857377546362,0.28773214928903434,-8.757267407673776,-7.543402605705673,-7.549958575075738,1.207308832598038,1.7240667188788994,0.9997509413280099,0.6147533860296232,-1.1093133328492764
3066.743489281484,19.97322480757352,0.006584238693999822,0.012930220426689232,1.7015644638970144,2.0052964128316866,2.0058376298178775,0.30427316592086306,-8.96936291980398,-7.706380099173689,-7.712936068543755,1.2564268512602261,1.8426036538601407,1.1389544842562316,0.7539569289578448,-1.0886467249022957
3108.740634244683,19.92994193725028,0.03187199938311025,0.016165744921433856,1.6562336479374786,1.9772818425864607,1.9778230595726516,0.32158941163517296,-9.183028269097308,-7.882247310397178,-7.888803279767243,1.2942249893300648,1.9626386469636947,1.2493382949022553,0.8643407396038686,-1.098297907359826
3151.3129039912965,19.951373977002152,-0.009383893138949162,0.027147657486384702,1.6121006010149976,1.8963848802428664,1.8969260972290574,0.2848254962140597,-9.397644481700679,-8.114466897696213,-8.121022867066278,1.2766216146344007,2.0842589665018822,1.3620995801199314,0.9771020248215446,-1.1071569416803375
3194.4681744975787,19.87345851818565,0.029698321919681803,0.029352319847717467,1.5691339752994617,1.8730606916928778,1.8736019086790687,0.304467933379607,-9.612482345133992,-8.325114074924558,-8.331670044294624,1.2808123008393686,2.2075507375738685,1.4816860604472382,1.0966885051488515,-1.110862232425017
3238.2144295963817,19.866244787991985,0.0005384173239555423,0.025749319064882314,1.527303233450756,1.808521176065824,1.8090623930520149,0.28175915960125897,-9.826690805487138,-8.504071847694721,-8.510627817064787,1.3160629884223507,2.3325986678538904,1.6058843673617709,1.2208868120633842,-1.1117118557905061
3282.559762454183,19.912973311378302,-0.014034739723268075,0.02515045170907726,1.4865786280473856,1.7827829470962442,1.783324164082435,0.2967455360350495,-10.03928605868171,-8.696096647676468,-8.702652617046533,1.3366334416351773,2.4594857265006573,1.7155008565813716,1.330503301282985,-1.1289824252176723
3327.512377068342,19.933199692104694,-0.01814443196114368,0.016776977518965452,1.4469311814922552,1.735889907606122,1.736431124592313,0.2894999431000578,-10.24914219991938,-8.887382768465711,-8.893938737835777,1.3552034620836029,2.588292769778415,1.791892427149044,1.4068948718506573,-1.1813978979277575
3373.0805897848613,19.966316255490227,-0.03508842558231251,0.017124085425262336,1.4083326663910327,1.6831089397620502,1.6836501567482411,0.2753174903572084,-10.454984556508522,-9.122714368347562,-9.129270337717628,1.3257142187908943,2.7190981061678823,1.9341872149798753,1.5491896596814887,-1.1699084464863936
3419.2728308369287,19.96682577535362,-0.0027804545860092844,0.008953575227213406,1.3707555864008725,1.6326952536821189,1.6332364706683098,0.2624808842674373,-10.655387098332902,-9.353183020549245,-9.359738989919311,1.295648108413591,2.8519769928318066,2.0539494812974652,1.6689519259990786,-1.183025066832728
3466.0976459045332,19.971007134678466,-0.02585502400761186,0.026525203276221987,1.3341731575430982,1.6054024141474024,1.6059436311335933,0.2717704735904951,-10.848775560684885,-9.599578283358145,-9.60613425272821,1.2426413079566743,2.9870010542910315,2.209370339762394,1.8243727844640074,-1.162628269827024
3513.5636976954347,19.930963382488507,0.016434052790874176,0.05205252805242466,1.2985592899751892,1.588784606079173,1.589325823065364,0.29076653309017475,-11.033438070434013,-9.79317034732631,-9.799726316696376,1.2337117537376372,3.1242376130530696,2.3257700615479706,1.940772506249584,-1.1834651068034856
3561.6797675477983,19.91370050847147,0.038859087856323526,-0.005975264096640842,1.2638885702133766,1.5264584651839783,1.5269996821701692,0.2631111119567926,-11.207545064278916,-10.00359603939297,-10.010152008763036,1.1973930555158798,3.2637489207308694,2.4694895687576306,2.084492013459244,-1.1792569072716255
3610.4547570547443,19.97381683760177,0.022283387742231042,0.010342343012528232,1.2301362437999086,1.4804266684055278,1.4809678853917188,0.25083164159181015,-11.369180040450962,-10.239714185506374,-10.24627015487644,1.122909885574522,3.4055912768728773,2.5503977586748583,2.1654002033764717,-1.2401910734964057
3659.8976897111775,19.93716966471132,0.01862283768443973,0.017717918720553172,1.1972781984047838,1.3982324826077779,1.3987736995939688,0.20149550118918502,-11.516382109096172,-10.448444768225185,-10.45500073759525,1.0613813715009215,3.549814021350271,2.678303044423412,2.2933054891250255,-1.2565085322252454
3710.0177125831556,19.95168433357842,0.03924892252301859,0.012448649418644209,1.1652909473541766,1.35954283659121,1.3600840535774008,0.1947931062232242,-11.647200347240991,-10.667525323299307,-10.674081292669372,0.9731190545716188,3.6964583846930994,2.821664508838385,2.4366669535399983,-1.259791431153101
3760.824098000117,19.960675790757676,0.04751541125976999,0.03417914403520683,1.134151613576555,1.3452900863857025,1.3458313033718934,0.21167968979533835,-11.759758630751051,-10.834984934236296,-10.841540903606361,0.9182177271446896,3.845556179303669,2.9398722042677434,2.554874648969357,-1.2906815303343122
3812.3262452702847,19.94421226294049,0.03132823880098812,0.002753684833134429,1.103837913956868,1.3226091780100653,1.3231503949962562,0.21931248103938827,-11.8523280144249,-10.987979043515725,-10.994535012885791,0.8577930015391093,3.997128313040223,3.100892191346169,2.7158946360477825,-1.2812336769924406
3864.5336824195642,19.917026484020848,0.0402814914535945,-0.005602021989655981,1.0743281440891421,1.3060188187017623,1.3065600356879532,0.23223189159881108,-11.923402084575534,-11.215535871545832,-11.222091840915898,0.7013102436596359,4.151183105351897,3.2322736024535885,2.847276047155202,-1.3039070581966947
3917.456067954249,19.94671669844321,0.021639449278954004,0.028659679033090413,1.0456011634191533,1.2703423362698913,1.2708835532560823,0.22528238983692894,-11.971769339211164,-11.345747535391556,-11.352303504761622,0.6194658344495423,4.307714385047686,3.409169738097404,3.0241721827990173,-1.2835422022486687
3971.1031926478718,19.98609044814576,0.047907769350789664,-0.01089338606352186,1.017636380766012,1.195889787500839,1.1964310044870299,0.17879462372101784,-11.996575922618376,-11.484564006472187,-11.491119975842253,0.5054559467761237,4.466699348085725,3.507629612329751,3.1226320570313644,-1.3440672910543605
4025.484981352518,19.90557810620149,0.04840045974864893,0.03901343128026369,0.9904137402156472,1.2147265557021996,1.2152677726883905,0.22485403247274327,-11.997372256242935,-11.579918163167921,-11.586474132537987,0.41089812370494805,4.628096153648237,3.678879904137222,3.2938823488388356,-1.334213804809401
4080.6114948349523,19.889338094822303,0.03962345608512052,0.039177583669921745,0.9639137073742359,1.1605586523017877,1.1610998692879786,0.19718616191374272,-11.97413839467817,-11.730450533831116,-11.737006503201181,0.237131891476988,4.791841237533753,3.8188932338601873,3.4338956785618007,-1.3579455589719527
4136.4929316378775,19.855200278674793,0.023837241149117006,0.013371460379069333,0.9381172559747019,1.1242220204722955,1.1247632374584864,0.18664598148378453,-11.927285169693496,-11.812003723271868,-11.818559692641934,0.10872547705156244,4.957846323874666,3.9817881960895463,3.5967906407911596,-1.361055683083506
4193.139629966712,19.87392714967467,0.03409071545225828,-0.011635642181424544,0.913005854825948,1.1010313608722377,1.1015725778584287,0.18856672303248068,-11.857630987747843,-11.94331707271617,-11.949873042086235,-0.09224205433839217,5.125995119858694,4.157461077765674,3.7724635224672878,-1.3535315973914064
4250.562069602152,19.934584047798143,0.01010773567805856,-0.010746328070741384,0.888561455096507,1.04236257576839,1.042903792754581,0.15434233765807404,-11.766356975476743,-11.997262926850915,-12.00381889622098,-0.2374619207442379,5.296139684051202,4.268514122502335,3.8835165672039484,-1.4126231168472532
4308.770873838982,19.921469879532523,-0.013611631473285257,0.0006966553783342988,0.864766477923381,1.0408319885809476,1.0413732055671385,0.1766067276437575,-11.654945473576783,-12.040238958737556,-12.046794928107621,-0.3918494545308384,5.468096467768165,4.415099507064042,4.030101951765655,-1.4379945160025098
4367.776811451398,19.926888831549554,-0.01818692194628113,-0.010448192359003627,0.841603802338956,1.0109455279250597,1.0114867449112506,0.16988294257229453,-11.52510826331573,-12.036890965462696,-12.043446934832762,-0.5183386715170322,5.641642041565963,4.587840748639046,4.202843193340659,-1.4387988482253045
4427.590798685264,19.953517147479307,0.0017683132266022028,-0.013451583968233649,0.8190567535057125,0.9811034786372197,0.9816446956234107,0.16258794211769823,-11.378711222100454,-12.070636412958127,-12.077192382328192,-0.6984811602277379,5.816508536222016,4.762091040179374,4.377093484880987,-1.4394150513410287
4488.223901277642,19.93987972016776,0.005060347175124491,-0.011285007798580438,0.7971090912522193,0.9855499065059163,0.9860911234921074,0.18898203223988808,-11.21770145256348,-12.026173788907014,-12.03272975827708,-0.8150283057136001,5.992378850585213,4.908928445878502,4.5239308905801145,-1.4684479600050988
4549.687336503982,19.94808322847658,0.007886177739134581,-0.017625231960227694,0.7757449989022678,0.9353480952683491,0.9358893122545401,0.1601443133522723,-11.044041604465662,-11.941736977365697,-11.948292946735762,-0.9042513422701006,6.168881708427151,5.09405849648558,4.709060941187193,-1.4598207672399575
4611.992475253345,19.913311181513734,0.005933342497872474,-0.016701613944050564,0.75494907238871,0.9276693481239704,0.9282105651101614,0.17326149272145142,-10.859654472817649,-11.850029044546488,-11.856585013916554,-0.9969305410989051,6.345586683823777,5.265639748296444,4.880642192998057,-1.4649444908257205
4675.1508441320475,19.86436141990177,0.018915569669715637,-0.018419320314478682,0.7347063096450367,0.8936843982847194,0.8942256152709104,0.1595193056258737,-10.666379339054764,-11.706891365321983,-11.713447334692049,-1.0470679956372848,6.521999360279591,5.434386197868406,5.049388642570019,-1.4726107177095722
4739.17412759611,19.801623595848167,-0.008908498493529038,0.024283226622547005,0.7150021002682778,0.8895377443666455,0.8900789613528365,0.17507686108455867,-10.465940157695112,-11.53972777381339,-11.546283743183455,-1.0803435854883432,6.697556842833236,5.635117300750949,5.250119745452562,-1.447437097380674
4804.074170112908,19.83223327731339,0.005609225107786386,0.03308568711632276,0.6958222154440379,0.8531755482655292,0.8537167652517202,0.15789454980768236,-10.259924695381677,-11.411025961868718,-11.417581931238784,-1.1576572358571067,6.871623903864354,5.842314587699551,5.457317032401164,-1.4143068714631895
4869.862978352447,19.85488966577312,-0.028117787783873638,0.016533804696802434,0.6771527981290814,0.8278041032056649,0.8283453201918559,0.15119252206277456,-10.049773119246153,-11.276626611166716,-11.283182580536781,-1.2334094612906288,7.043490109993041,5.963098778749174,5.578101223450787,-1.4653888865422537
4936.552723408595,19.925005614207777,-0.00834418698969941,0.0077707566691849195,0.6589803534834198,0.803148754261855,0.803689971248046,0.1447096177646262,-9.836774257062489,-11.103608420143344,-11.11016438951341,-1.2733901324509205,7.212368345096312,6.133833227439773,5.748835672141386,-1.4635326729549263
5004.155743050788,19.908856596035562,0.0024409474428779276,0.01984310948085266,0.6412917395456932,0.7872770079380871,0.7878182249242781,0.14652648537858493,-9.622067730511501,-10.930827253563795,-10.93738322293386,-1.315315492422359,7.377395206404367,6.312549666534167,5.92755211123578,-1.4498430951685872
5072.684544006544,19.839389113533,0.01909320702761974,0.06511563853259261,0.624074158145668,0.7783791267673088,0.7789203437534998,0.1548461856078318,-9.406650307870866,-10.725514722706384,-10.73207069207645,-1.325420384205584,7.5376337973458165,6.5093407888241615,6.124343233525774,-1.4132905638200421
5142.151804275232,19.797257491346,0.03813594170805956,0.03565806797959681,0.607315146047771,0.7806123106349929,0.781153527621184,0.17383838157341291,-9.191385057740026,-10.481410649920505,-10.487966619290571,-1.2965815615505445,7.692079459839186,6.665151528298939,6.280153973000552,-1.4119254868386344
5212.570375473542,19.765577334097824,0.06800989576367655,0.011602090010395472,0.5910025663194476,0.7166709800796234,0.7172121970658144,0.12620963074636682,-8.977012153658944,-10.299643265422688,-10.306199234792754,-1.32918708113381,7.839668965218426,6.834423816483067,6.44942626118468,-1.3902427040337457
5283.953285213062,19.720248207577384,0.09577972645917043,0.004224301954316445,0.5751245999188299,0.7073541734120994,0.7078953903982904,0.1327707904794605,-8.764160442368267,-10.116551854423836,-10.123107823793902,-1.3589473814256348,7.979293601078813,7.046584949131368,6.661587393832981,-1.3177062072458314
5356.313739510418,19.758119021024534,0.03707861429049686,0.008448251857281264,0.559669737495909,0.6842663298023055,0.6848075467884965,0.12513780929258755,-8.553359123859133,-9.935063561678376,-9.941619531048442,-1.3882604071893088,8.109816436682992,7.180397663956242,6.795400108657855,-1.3144163280251373
5429.665125230421,19.776274749145863,0.02747531261512748,0.015660091408676635,0.5446267714018365,0.6909819973352,0.6915232143213911,0.14689644291955462,-8.345049089212495,-9.700201045187615,-9.706757014557681,-1.3617079253451863,8.230093813001316,7.354823885601057,6.96982633030267,-1.2602674826986462
5504.021012562672,19.7611582374121,-0.020729740370814653,0.02288694748239095,0.5299847879007937,0.6366190893927666,0.6371603063789576,0.10717551847816387,-8.13959362047459,-9.499417495804295,-9.50597346517436,-1.36637984469977,8.339000785465062,7.501078484673979,7.116080929375592,-1.2229198560894705
5579.395157532073,19.730386689181735,-0.010658834078185464,0.05008600874094782,0.5157331595799709,0.6174772210471033,0.6180184380332944,0.10228527845332347,-7.937288278134059,-9.22941414049591,-9.235970109865976,-1.2986818317319173,8.43545986278028,7.704422846286498,7.319425290988111,-1.11603457179217
5655.801504543751,19.759758163497263,-0.018479480419490102,0.03650629522905291,0.5018615379515822,0.6064563375684102,0.6069975545546012,0.10513601660301908,-7.738369891171853,-9.047682108473147,-9.054238077843213,-1.3158681866713593,8.518471965689292,7.816710206005741,7.431712650707354,-1.0867593149819381
5733.254188962772,19.703255169076257,-0.0060176914050984465,0.023813504934480534,0.48835984624289686,0.5865320235296068,0.5870732405157978,0.09871339427290093,-7.543024627911899,-8.836815992855346,-8.843371962225412,-1.3003473343135123,8.58714812483987,8.000372192020944,7.6153746367225565,-0.9717734881173126
5811.76753972924,19.679594248574702,-0.0032397597297908476,-0.00988757728361378,0.4752182723692079,0.5506406884718089,0.5511819054579999,0.07596363308879206,-7.351395168620709,-8.645834004668089,-8.652389974038154,-1.3009948054174458,8.64074010936719,8.095274164025689,7.710276608727302,-0.9304635006398883
5891.356082009184,19.54905354605104,-0.00859264103419477,0.025588534490808,0.46242726208505225,0.604717322377887,0.605258539364078,0.14283127727902578,-7.163587027946392,-8.384110868621557,-8.390666837991622,-1.2270798100452307,8.678667993139568,8.244651168107715,7.859653612809328,-0.8190143803302394
5972.034539881751,19.54804371574414,0.02277953537288724,-0.006756807908036677,0.4499775123093407,0.5702316950515076,0.5707729120376986,0.12079539972835796,-6.979674090994119,-8.176938630651748,-8.183494600021813,-1.203820509027694,8.7005426791577,8.341390128326672,7.956392573028285,-0.744150106129414
6053.817839063192,19.590807402520905,-0.01784161043109478,-0.02326072606446772,0.43785996461986393,0.5199224830237164,0.5204637000099074,0.08260373539004345,-6.79970343441357,-8.032692159437149,-8.039248128807214,-1.2395446943936443,8.706181644208419,8.384739208133734,7.999741652835347,-0.7064399913730721
6136.721109668164,19.542938794604698,0.007440995081960722,-0.02104449718692436,0.42606579891312923,0.5008382727084104,0.5013794896946014,0.07531369078147221,-6.6236995058709525,-7.78898023093603,-7.7955362003060955,-1.171836694435143,8.695616628380726,8.538482909739049,8.153485354440662,-0.5421312739400648
6220.759689008832,19.699217508140855,0.027761752038635734,-0.01805946230706823,0.41458642722512656,0.5232951717366916,0.5238363887228826,0.10924996149775607,-6.451667733614976,-7.618341717532495,-7.62489768690256,-1.173229953287584,8.669092629245833,8.60284433227223,8.217846776973843,-0.45124585227199
6305.9491244323135,19.66670366790826,0.07265221728911087,-0.003606268333602003,0.40341348770919583,0.5132861434604337,0.5138273604466247,0.11041387273742886,-6.28359763390589,-7.400560827923979,-7.407116797294044,-1.1235191633881545,8.627058285458704,8.637240988178362,8.252243432879975,-0.37481485257872826
6392.305176196979,19.722197210800758,0.03548437686443506,0.010973008481730773,0.3925388387669662,0.46852551479184257,0.46906673177803354,0.07652789301106733,-6.119465478868413,-7.234632980781765,-7.24118895015183,-1.121723471283417,8.570148447497823,8.691172906419357,8.30617535112097,-0.2639730963768532
6479.843820388128,19.723392177628824,-0.02467853686207988,-0.007966078149408418,0.38195455332849765,0.42805930663524094,0.4286005236214319,0.04664597029293427,-5.959236581521248,-7.040021243260902,-7.046577212630968,-1.0873406311097202,8.49916033502141,8.716434659401745,8.331437104103358,-0.1677232309180514
6568.581251873631,19.66023097107135,0.04820706782177808,0.02073544801000793,0.3716529132781057,0.45608906979789055,0.4566302867840815,0.08497737350597584,-5.802867248805905,-6.893413344892856,-6.899969314262922,-1.0971020654570172,8.415025094824816,8.745715542026794,8.360717986728407,-0.054307108096409706
6658.533887299987,19.681423109058425,0.08811112329491877,0.031942361636115635,0.36162640402191865,0.4361362721663973,0.43667748915258825,0.0750510851306696,-5.650306447664708,-6.690810914467857,-6.697366883837923,-1.047060436173215,8.318776761704292,8.7355358117915,8.350538256493113,0.031761494788820954
6749.718368129465,19.65638330438356,0.009351466932862706,-0.005485315513222844,0.3518677091938374,0.4352648669043866,0.43580608389057757,0.08393837469674015,-5.501497223790286,-6.547962285502898,-6.5545182548729635,-1.053021031082677,8.21152058869402,8.689937780734361,8.304940225435974,0.09341963674195419
6842.151563718809,19.66709817765878,-0.012603542823434566,-0.005506811348531926,0.3423697054965394,0.4350336763159959,0.43557489330218685,0.09320518780564746,-5.3563779076775635,-6.3060522794698475,-6.312608248839913,-0.9562303411623496,8.094402490108942,8.659957889350096,8.274960334051709,0.18055784394276664
6935.850574440114,19.707791284938935,-0.0005775454906249422,0.010923536014885826,0.3331254576737792,0.4357156358856926,0.4362568528718836,0.10313139519810438,-5.214883138098526,-6.156887294292385,-6.163443263662451,-0.9485601255639251,7.968580989616292,8.572387983281132,8.187390427982745,0.21880943836645272
7030.832734844437,19.663945545072014,0.020228297124869954,-0.015579125471553823,0.3241282136111914,0.39878840347727973,0.3993296204634707,0.07520140685227933,-5.076944729091004,-6.0184950237687875,-6.025050993138853,-0.9481062640478495,7.8352026522700555,8.531806269313943,8.146808714015556,0.31160606174550054
7127.115616868733,19.59210726705568,0.04299790477719512,-0.006904701474930164,0.31537139956205046,0.3690118431328244,0.3695530601190154,0.05418166055696494,-4.942492402995705,-5.831677145850737,-5.8382331152208025,-0.8957407122250975,7.695381564183357,8.454218474078985,8.069220918780598,0.3738393545972407
7224.717033086705,19.609579502860843,0.03703165869678671,0.018688084287479256,0.3068486154950229,0.3913415152111348,0.3918827321973258,0.08503411670230288,-4.811454408949206,-5.651987692552799,-5.658543661922865,-0.8470892529736584,7.550183051949172,8.394016512661505,8.009018957363118,0.45883590541394614
7323.655040004174,19.592462798865228,0.026026824798734083,-0.009858227885260362,0.2985536305607225,0.3989370134529011,0.3994782304390921,0.1009245998783696,-4.683758043519032,-5.5063826783404775,-5.512938647710543,-0.8291806041915111,7.400611533930871,8.281023799167151,7.896026243868764,0.4954147099378936
7423.947941399583,19.6848483560298,-0.022186131567497824,0.00017189651028814978,0.29048037867449106,0.3802371880696249,0.3807784050558159,0.09029802638132484,-4.559330087801662,-5.377620336485258,-5.384176305855323,-0.8248462180536613,7.2476021781966935,8.133119808283258,7.748122252984871,0.5005200747881773
7525.614291710227,19.65251861041793,-0.01127249946528508,0.009296070544156265,0.2826229542119554,0.38802994826531645,0.3885711652515074,0.10594821103955204,-4.438097173258737,-5.227050288190183,-5.233606257560249,-0.7955090843015116,7.092015905020112,8.038601279961473,7.6536037246630855,0.5615878196429733
7628.672899464907,19.63708211157579,0.014115285654963117,0.01657888259044782,0.27497560781497543,0.3230328239830591,0.3235740409692501,0.048598433154274645,-4.319986086804362,-5.077507358129669,-5.084063327499734,-0.7640772406953724,6.934637204768634,7.894639249887085,7.509641694588698,0.5750044898200635
7733.142830763503,19.558446611987613,-0.029113942893882694,0.04732787170623709,0.26753274230511065,0.321108183406551,0.321649400392742,0.05411665808763133,-4.20492402413894,-4.995456462219373,-5.0020124315894385,-0.7970884074504987,6.77617422967349,7.775591371698763,7.390593816400376,0.6144195867268856
7839.043412804289,19.439819064208102,0.058385119016268305,0.04322111071182988,0.26028890870188315,0.3228822661024644,0.3234234830886554,0.06313457438677222,-4.092838799022131,-4.840071029915862,-4.846626999285927,-0.7537882002637968,6.617260644606747,7.622127600515103,7.237130045216716,0.6198694006099696
7946.394237459496,19.403600202193047,0.016226020515844652,0.004302964659437691,0.2532388023431642,0.2813573698042191,0.2818985867904101,0.028659784447245873,-3.9836590150611304,-4.747707237636327,-4.754263207006392,-0.770604191945262,6.458458773198114,7.438934179868745,7.053936624570358,0.5954778513722445
8055.215164899862,19.43283977634232,0.00528899477362188,0.014424270541109507,0.24637725910535485,0.3047182973109841,0.30525951429717507,0.05888225519182022,-3.877314205633095,-4.569252666961905,-4.5758086363319705,-0.6984944306988754,6.300263639604834,7.263967406577031,6.878969851278644,0.5787062116738095
8165.526327268815,19.468503839133902,0.04029129656870367,0.020998377566215254,0.23969925172064044,0.26206815316536947,0.26260937015156044,0.02291011843092,-3.7737349467426053,-4.473068780800041,-4.479624750170107,-0.7058898034275014,6.143107574153277,7.092097132885183,6.707099577586796,0.5639920034335191
8277.348132406967,19.44549700093942,0.04272109299653337,0.03316275266117685,0.2331998861890031,0.27466870688907363,0.2752099238752646,0.04201003768626149,-3.6728529469134443,-4.333804393734454,-4.340360363104519,-0.667507416191075,5.987365116837572,6.980956174689638,6.595958619391251,0.6085935025536786
8390.701267627614,19.487389642046338,0.020766928214698055,-0.017357543997785996,0.22687439828262349,0.27312388776343965,0.2736651047496306,0.04679070646700714,-3.5746011176169463,-4.2325159461308495,-4.239071915500915,-0.6644707978839688,5.833358012572424,6.807410617028825,6.422413061730438,0.5890550491580147
8505.606703543943,19.50177192441176,-0.00613209376367152,0.007957415410064783,0.22071815014026808,0.2339568975047861,0.23449811449097707,0.013779964350708995,-3.4789136272256154,-4.140149770461463,-4.146705739831528,-0.667792112605913,5.6813601442372805,6.654685217482427,6.26968766218404,0.5883275179467597
8622.08569794865,19.535534151434085,-0.035032854727486296,-0.02008021250329861,0.2147266269495687,0.27936645420644624,0.2799076711926372,0.0651810442430685,-3.385725941044991,-3.9921985426216917,-3.998754511991758,-0.6130285709467667,5.531602293295421,6.522132158310406,6.137134603012019,0.6055323097165974
8740.159799746674,19.453399954965107,-0.06088029792203287,-0.0027784552949441377,0.2088954337148742,0.25525983421060516,0.25580105119679614,0.04690561748192193,-3.294974849602035,-3.92361962193705,-3.930175591307116,-0.6352007417050811,5.384276653343168,6.340718051695163,5.955720496396776,0.5714438430536077
8859.85085294183,19.432123979141984,-0.016282218076689503,0.0221271379646808,0.20322029210849613,0.2468196347196141,0.24736085170580507,0.04414055959730895,-3.2065984870494555,-3.8062156881898517,-3.8127716575599178,-0.6061731705104623,5.239541050050941,6.094001477688661,5.7090039223902735,0.46946287233933237
8981.181000677954,19.381352653146386,0.001501126560302879,-0.006784980511913119,0.1976970374033225,0.20412332246968035,0.20466453945587132,0.006967502052548813,-3.1205363412724823,-3.6765815480060873,-3.6831375173761534,-0.5626011761036711,5.097522842565749,5.987927949495514,5.602930394197127,0.5054075516313778
9104.17268933548,19.476177357215235,-0.04876483109153895,0.006026179772504747,0.19232161548490323,0.22691250428479037,0.22745372127098135,0.035132105786078116,-3.036729257051073,-3.56956049376436,-3.576116463134426,-0.5393872060833531,4.958322497581624,5.863917804879179,5.478920249580792,0.5205977519991682
9228.848672684058,19.491036190435644,-0.0052031038347024605,0.025566618852348455,0.18709007994059282,0.2458401117432807,0.24638132872947166,0.05929124878887884,-2.955119433431946,-3.4582710534109395,-3.4648270227810056,-0.5097075893490595,4.822016838957417,5.740795271537095,5.355797716238708,0.5337808772812913
9355.23201609207,19.52071288544355,0.008119969349195344,7.782039685366726e-05,0.18199858922428427,0.2592680889999386,0.25980930598612956,0.07781071676184528,-2.8756504162934764,-3.36985087761823,-3.376406846988296,-0.5007564306948198,4.688661983872343,5.62065887408821,5.235661318789823,0.54699933491748
9483.346100793764,19.50942349718901,0.02855864449828971,0.00235892457027731,0.1770434038944432,0.26838639702774003,0.268927614013931,0.0918842101194878,-2.7982670869417543,-3.261025166981401,-3.2675811363514673,-0.469314049409713,4.558295981853048,5.403062001359416,5.018064446061029,0.4597684642079809
9613.214628214862,19.43198972198503,-0.003948103760354371,-0.03429428251704891,0.17222088392393056,0.22118468722786488,0.22172590421405586,0.049505020290125296,-2.7229156474508236,-3.1861333490688253,-3.1926893184388914,-0.46977367098806777,4.430941176240514,5.288182932261424,4.903185376963037,0.47224420072252293
9744.861624357365,19.348560792985,0.0024369376364283823,0.01156967855250457,0.16752748607950615,0.22993358549705434,0.2304748024832453,0.06294731640373916,-2.6495436033539783,-3.0642234047583017,-3.0707793741283678,-0.42123577077438945,4.306606309329139,5.13761339592374,4.752615840625353,0.44600953129621423
9878.311444244433,19.3541491110791,0.027944581032112836,0.007853954209988245,0.16295976136938067,0.19418162752537071,0.1947228445115617,0.031763083142181014,-2.5780997442019244,-3.025139824657206,-3.031695794027272,-0.4535960498253475,4.185288392940313,5.009543245717417,4.62454569041903,0.4392572974787168
10013.588776426132,19.34615976413111,-0.0031477924862599593,0.0007021143480372416,0.15851435255723967,0.17081396706301177,0.17135518404920275,0.012840831491963078,-2.508534122425503,-2.92373876994138,-2.9302947393114462,-0.42176061688594313,4.066974365920991,4.842716887766443,4.457719332468056,0.39074496654706437
10150.718647546817,19.34512237461548,-0.005211492998032696,0.028886945162202693,0.1541879917407005,0.23602320571450974,0.23656442270070072,0.08237643096000022,-2.440798030873987,-2.827513207576917,-2.8340691769469832,-0.3932711460729963,3.9516425592479623,4.721028187662899,4.336030632364512,0.38438807311654966
10289.726426975265,19.32271731168038,0.006719732549917978,0.023266289340302393,0.14997749799290805,0.18091660488000727,0.18145782186619824,0.031480323873290195,-2.374843979343377,-2.776695762987213,-2.783251732357279,-0.4084077530139023,3.8392639882626516,4.570761105082454,4.185763549784067,0.34649956152141526
10430.637831497914,19.348874478138526,0.01646146010937244,-0.008274676274197645,0.14587977506557095,0.18878403000860544,0.18932524699479641,0.04344547192922546,-2.310625670360163,-2.75809930267728,-2.7646552720473463,-0.4540296016871834,3.729803490209135,4.480618624943556,4.095621069645169,0.3658175794360341
10573.478930076615,19.31211693434006,0.037711295755627816,0.00040018094601279586,0.14189180915170235,0.20974629578208948,0.21028751276828045,0.0683957036165781,-2.2480979744439575,-2.662975938416672,-2.669531907786738,-0.42143393334278034,3.6232207237981418,4.332467027372907,3.9474694720745203,0.3242487482763785
10718.276148671444,19.330840088188367,0.03868008978126625,-0.012178810670910423,0.1380106667068055,0.14911031429715393,0.1496515312833449,0.0116408645765394,-2.187216905037708,-2.592909353267949,-2.599465322638015,-0.4122484176003067,3.519471046053846,4.193624773351324,3.8086272180529375,0.2891561719990916
10865.056275129564,19.34617058012323,0.051760170723103016,0.005725897990139117,0.13423349232691,0.19148792802390346,0.19202914501009444,0.05779565268318443,-2.1279395932628855,-2.4916040846475127,-2.498160054017579,-0.3702204607546933,3.418506280262151,4.134686222589018,3.749688667290631,0.33118238702848
11013.84646414105,19.281348895657146,-0.007836625115615448,-0.019771738792329074,0.13055750668187716,0.15606413477273406,0.15660535175892504,0.026047845077047882,-2.070224262631682,-2.4335803843865413,-2.4401363537566074,-0.3699120911249256,3.32027538746763,4.019201755658145,3.634204200359758,0.31392881289212804
11164.674242262565,19.294672540013767,-0.007179013758200625,0.013030703240289654,0.12698000450285568,0.18333923385355533,0.1838804508397463,0.05690044633689062,-2.0140302038256337,-2.3442003448193596,-2.3507563141894257,-0.33672611036379196,3.22472505267841,3.8714045542277624,3.4864069989293758,0.26168194625096586
11317.567513009853,19.1857618262526,-0.010344730182350048,-0.026129241792681057,0.12349835262217364,0.1785630171255974,0.17910423411178839,0.05560588148961475,-1.959317749631557,-2.2627552666741124,-2.2693112360441785,-0.3099934864126215,3.1318001957463153,3.754759212701245,3.3697616574028584,0.23796146165654308
11472.55456201995,19.077917213636027,0.004619983441749298,-0.021530711033889816,0.12010998806468112,0.14044700343126948,0.14098822041746045,0.02087823235277933,-1.906048250109341,-2.205982839062443,-2.2125388084325093,-0.3064905583231683,3.0414444157981517,3.6409827461461006,3.255985190847714,0.21454077504956226
11629.664062284106,19.069961481718778,0.008889778821259853,-0.0035688659921788712,0.11681241618881759,0.1736572734478301,0.17419849043402108,0.05738607424520349,-1.8541840480524328,-2.113849722636722,-2.120405692006788,-0.26622164395435544,2.953600377102406,3.5124651576405483,3.1274676023421617,0.17386722523975573
11788.925079452323,19.079127598004323,0.015879125707048303,0.021302016911693755,0.11360320887654571,0.19529865751325204,0.195839874499443,0.0822366656228973,-1.8036884547901773,-2.0713890176909437,-2.07794498706101,-0.2742565322708326,2.8682101433609626,3.471299478347621,3.0863019230492346,0.21809177968827198
11950.367077210709,19.03891295642871,0.029360588893197814,0.008633906703792604,0.11048000277060163,0.17176975564593988,0.17231097263213085,0.06183096986152922,-1.754525726371512,-2.0139417275630223,-2.0204976969330883,-0.2659719705615764,2.785215466611964,3.3717341527899194,2.9867365974915328,0.20152113087956858
12114.019922732059,19.122703990738245,0.0314991541031624,-0.06080105501790456,0.10744049755802106,0.12791756948854527,0.12845878647473624,0.021018288916715186,-1.7066610401606832,-2.036225374234604,-2.0427813436046702,-0.336120303443987,2.7045580362122648,3.240894807396103,2.855897252097716,0.1513392158854514
12279.913892201717,18.992376762764618,-0.08179044970738758,-0.002938325355533067,0.10448245429858513,0.17748613316964423,0.1780273501558352,0.07354489585725008,-1.660060471868767,-1.9327740826412985,-1.9393300520113645,-0.2792695801425975,2.6261796927284493,3.158142325605162,2.7731447703067755,0.14696507757832622
12448.079676418365,18.842038874910642,-0.01090490489944429,-0.013252391356807891,0.10160369379725567,0.16032726152506172,0.1608684785112527,0.059264784713997015,-1.6146909730390382,-1.8632043643416232,-1.8697603337116893,-0.25506936067265107,2.5500226109975777,3.0264357118148233,2.6414381565164367,0.091415545518859
12618.548386472286,18.78959370835986,-0.007162538282003084,-0.029099163499253677,0.09880209501924875,0.15943693162657624,0.1599781486127672,0.061176053593518465,-1.5705203489985298,-1.8177982553405876,-1.8243542247106537,-0.2538338757121239,2.476029456114933,2.976109559140614,2.5911120038422273,0.11508254772729432
12791.351559500592,18.845255846855615,-0.05258740177546173,0.03723683737183592,0.09607559354680234,0.201459195166926,0.20200041215311698,0.10592481860631464,-1.5275172372845536,-1.7533277484846579,-1.759883717854724,-0.2323664805701704,2.404143515661745,2.946139239823328,2.5611416845249413,0.1569981688631965
12966.521164522084,18.930357980730996,-0.040554013085973395,0.0321578450788742,0.09342218007649157,0.15379652870288396,0.15433774568907493,0.060915565612583364,-1.4856510865508663,-1.724427852903741,-1.730983822273807,-0.24533273572294068,2.334308811091063,2.833923016073605,2.4489254607752184,0.11461664968415564
13144.089608351185,19.052784121007125,0.008107017717190246,0.031245424128403698,0.09083989895604172,0.106727165749259,0.10726838273544999,0.016428483779408268,-1.4448921359556024,-1.7232632340661702,-1.7298192034362363,-0.2849270674806339,2.266470190844712,2.7270124649775482,2.3420149096791616,0.07554471883444958
13324.089741593702,19.1830680253037,-0.02378055548662772,0.01921986545098875,0.08832684675967867,0.1499815455085205,0.15052276249471147,0.0621959157350328,-1.40521139503033,-1.6563664928683046,-1.6629224622383707,-0.2577110672080407,2.200573407465964,2.63384816339914,2.2488506081007533,0.04827720063478935
13506.554864723841,19.20826431539083,-0.030902047023534607,0.007503634858895936,0.08588117090097284,0.08842863186900374,0.08896984885519472,0.00308867795422188,-1.3665806240277303,-1.6189238463987188,-1.6254798157687849,-0.2588991917410546,2.136565180705111,2.581291222662003,2.196293667363616,0.059728486658505275
13691.518734245317,19.234051133622827,-0.03290453728261866,-0.0073838812987041536,0.08350106828216332,0.08541944397905255,0.08596066096524353,0.002459592683080214,-1.3289723147436703,-1.5742913727377328,-1.5808473421077989,-0.2518750273641286,2.0743932483756002,2.498985929327823,2.1139883740294363,0.03959512565383605
13879.015568935945,19.262633321161637,-0.004192979456938417,0.010224827353788157,0.08118478397917714,0.10028058562403075,0.10082180261022174,0.019637018631044598,-1.2923596718081898,-1.4979167461886433,-1.5044727155587094,-0.21211304375051965,2.014006406510586,2.448819013766702,2.063821458468315,0.049815051957729395
14069.080056178622,19.196067780550578,-0.012508564296453528,0.032790266385241296,0.07893060996123415,0.08360766477375847,0.08414888175994946,0.005218271798715313,-1.2567165944385994,-1.4786008661892467,-1.4851568355593128,-0.22844024112071337,1.9553545401846175,2.3699991313835227,1.985001576085136,0.029647035900518537
14261.747358378267,19.06434031506739,-0.04214906791123241,0.05689393611148574,0.07673688384422121,0.08952821077836148,0.09006942776455247,0.013332543920331258,-1.2220176586472984,-1.4611108779659716,-1.4676668473360377,-0.2456491886887393,1.8983886462035215,2.2424712191270366,1.85747366382865,-0.04091498237487157
14457.053119467097,19.066589667393366,-0.013823545997453834,0.03673503237767406,0.07460198767704361,0.10775308260877736,0.10829429959496835,0.03369231191792474,-1.1882380998961573,-1.3271880028562641,-1.3337439722263302,-0.14550587233017298,1.8430608487223041,2.21028038061538,1.8252828253169935,-0.01777802340531065
14655.033471498815,18.93273820698502,-0.017830596271846133,0.08795661282566769,0.07252434675991397,0.1051904661441938,0.1057316831303848,0.033207336370470825,-1.1553537961886697,-1.2993906815484308,-1.305946650918497,-0.1505928547298272,1.78932440872515,2.180065095641183,1.7950675403427963,0.005743131617646169
14855.725041333131,19.00247819501944,0.02614390450296966,0.03923762589405655,0.07050242849392553,0.07779954241360443,0.07834075939979541,0.007838330905869884,-1.1233412515908368,-1.2738513202369006,-1.2804072896069667,-0.15706603801612995,1.7371337281907826,2.1261005054023165,1.74110295010393,0.003969221913147303
15059.164957411822,18.998246241173696,-0.03208360413716704,0.006626945195218781,0.06853474126097711,0.11293885805835657,0.11348007504454756,0.04494533378357045,-1.0921775801715887,-1.2339976989322388,-1.2405536683023048,-0.14837608813071612,1.6864443496685309,2.051130949620294,1.6661333943219074,-0.020310955346623416
15265.390856627582,19.005268768746653,0.020231631385165372,0.02979558249572989,0.06661983333335879,0.1268193477835169,0.12736056476970786,0.060740731436349074,-1.0618404903530378,-1.158266280202902,-1.164822249572968,-0.10298175921993025,1.6372129519044956,1.986994839091519,1.6019972837931324,-0.03521566811136312
15474.44089128695,18.90885607895759,0.03445716384260322,0.030174503479223347,0.06475629181211554,0.09695274659642195,0.09749396358261293,0.0327376717704974,-1.0323082696611499,-1.1488312348530272,-1.1553872042230933,-0.12307893456194341,1.589397342080836,1.8993177669945283,1.5143202116961416,-0.07507713038469443
15686.353736168572,18.835262077503394,0.03265389508223038,0.04130153790293889,0.06294274159354293,0.1549321906515999,0.15547340763779088,0.09253066604424795,-1.0035597698671208,-1.122937260582212,-1.1294932299522782,-0.12593346008515738,1.5429564451645867,1.8408804057150405,1.4558828504166539,-0.08707359474793286
15901.168595678142,18.82106321719116,0.11733995541487019,0.10449029253547337,0.06117784436300095,0.12007370906471948,0.12061492605091047,0.05943708168790952,-0.9755743925099649,-1.0407272480232592,-1.0472832173933253,-0.07170882488336039,1.4978502908026547,1.831825950627433,1.4468283953290464,-0.05102189547360836
16118.925211101276,19.025377597754563,0.05245918398424365,0.07033672070883767,0.0594602976154351,0.12149842943495415,0.12203964642114513,0.06257934880571003,-0.948332074790736,-1.0525064039102006,-1.0590623732802666,-0.11073029848953064,1.45403999814786,1.8115753931523457,1.426577837853959,-0.027462160293900917
16339.66386795591,19.19430793270788,0.1167341305465932,0.05551437960494354,0.05778883370175555,0.1037029469029882,0.10424416388917919,0.04645533018742364,-0.9218132758289955,-1.0086162269928174,-1.0151721963628835,-0.09335892053388795,1.4114877589541854,1.7265281914773105,1.3415306361789239,-0.06995712277526156
16563.425403444868,19.45415550566139,0.07074120663030214,0.0150690138015932,0.0561622189005669,0.11721051366301438,0.11775173064920537,0.06158951174863847,-0.8959989632723893,-0.9650747103728392,-0.9716306797429052,-0.07563171647051592,1.3701568192390758,1.6642961028518641,1.2792985475534775,-0.09085827168559835
16790.251214011336,19.704835072232072,0.09951350721713936,0.023017078081636555,0.05457925251445437,0.08717306843063,0.08771428541682098,0.033135032902366614,-0.8708706002499746,-0.9488567195936533,-0.9554126889637192,-0.08454208871374458,1.3300114597738613,1.6234642372230468,1.2384666819246601,-0.09154477784920112
17020.18326299678,19.780227013353915,0.03186509348699218,-0.006454394695921906,0.05303876599027339,0.05661813228442725,0.057159349270618234,0.004120583280344842,-0.846410132660689,-0.9783844049463255,-0.9849403743163915,-0.1385302416557025,1.29101697563218,1.5588523672949712,1.1738548119965846,-0.1171621636355955
17253.264088404798,19.738554676081076,0.050956918520991934,-0.030350548169842284,0.05153962206276722,0.07057137268638769,0.07111258967257868,0.019572967609811455,-0.8225999767879543,-0.9565770431869112,-0.9631330125569771,-0.14053303576902287,1.253139654997223,1.5320827627807851,1.1470852074823985,-0.1060544475148244
17489.536810770223,19.624749845324217,0.08798710497447715,0.011625448803780358,0.05008071392090228,0.03454927452955303,0.03509049151574402,-0.014990222405158259,-0.7994230072320757,-0.90251248425092,-0.909068453620986,-0.10964544638891027,1.2163467574043816,1.5037933545172848,1.1187957992188982,-0.09755095818548343
17729.04514113708,19.46254054335826,0.1347462157809396,0.061279632622085245,0.04866096439636633,0.010230102660905516,0.0107713196470965,-0.03788964474926983,-0.7768625451519319,-0.802352669181694,-0.80890863855176,-0.03204609339982811,1.1806064915729133,1.492064023677056,1.1070664683786693,-0.07354002319424402
17971.833389144667,19.18560351603267,0.08068782020050236,0.08202852673090177,0.04727932517360738,0.060443996467483885,0.06098521345367487,0.01370588828006749,-0.754902346808049,-0.8038112463439475,-0.8103672157140135,-0.05546486890596447,1.1458879929615506,1.3976487971059406,1.012651241807554,-0.1332367511539967
18217.94647122553,18.895617894258006,0.05260244754168397,0.045077120079344724,0.04593477602086179,0.06211142081421528,0.06265263780040627,0.016717861779544478,-0.7335265923988756,-0.8119008421848299,-0.8184568115548959,-0.08493021915602028,1.1121613011645977,1.3368386156896435,0.9518410603912567,-0.16032024077334095
18467.42991891453,18.403218484157286,0.03841066564920226,0.02952544372871202,0.04462632404164199,0.06823769352568121,0.0687789105118722,0.024152586470230206,-0.7127198751828592,-0.7561984652566132,-0.7627544346266791,-0.05003455944381996,1.0793973372506134,1.355921572337671,0.9709240170392842,-0.10847332021132916
18720.329887272852,17.803187108420854,0.03174016013364778,-0.02773769127757575,0.0433530029461117,0.12347481909344182,0.12401603607963281,0.0806630331335211,-0.6924671908785524,-0.7941799613900038,-0.8007359307600698,-0.10826873988151742,1.0475678811315356,1.2562831923159834,0.8712856370175966,-0.176282244113939
18976.693163426382,17.116456357653753,0.08495463226854127,0.010138489279189145,0.042113872341876205,0.03138020873431202,0.03192142572050301,-0.010192446621373197,-0.6727539273356755,-0.7816585089628028,-0.7882144783328687,-0.11546055099719321,1.0166455490382769,1.240159068381928,0.8551615130835412,-0.1614840359547357
19236.56717522164,16.41308167527871,0.011396019055826656,-0.017325659026301565,0.04090801704359351,0.06683550932950766,0.06737672631569865,0.026468709272105137,-0.653565854469935,-0.6925559162693986,-0.6991118856394646,-0.0455460311695296,0.9866037711682006,1.207195778159381,0.8221982228609942,-0.16440554830720644
19500.0,15.81284413598826,0.028764277732376442,-0.026861864548514802,0.039734546401041584,0.028225401992262533,0.028766618978453517,-0.010967927422588068,-0.6348891144547991,-0.7758217839209216,-0.7823777532909876,-0.14748863883618846,0.9574167695603284,1.171926535616695,0.7869289803183083,-0.17048778924202013
