frequency_hz,48000_common_measured_db,48000_common_fitted_db,48000_bank_measured_db,48000_half0_theory_db,48000_half1_theory_db,352800_common_measured_db,352800_common_fitted_db,352800_bank_measured_db,352800_half0_theory_db,352800_half1_theory_db
22.0,-0.022260299752159853,0.0004884456233783073,0.01373255866174546,0.013503195409335212,-0.0008697244399006903,-0.00739186736440293,0.0005792449562880342,0.0028687479270588095,0.015996836641323203,-0.0010303540367915726
22.250694392627366,-0.022260299752159853,0.00049964096744954,0.01373255866174546,0.013812661472271344,-0.0008896586160523042,-0.00739186736440293,0.0005925214278655024,0.0028687479270588095,0.016363445278339852,-0.0010539698329259646
22.50424549791359,-0.01976117313315632,0.0005110929097555882,0.00840260986988291,0.014129219160273486,-0.0009100496826985557,0.006142568927342848,0.0006061021969808697,-0.006338580482892833,0.016738454693177036,-0.0010781269006956888
22.760685868669803,0.0007292124610035131,0.0005228073316277713,0.027661840516021458,0.014453030949831186,-0.0009309081116074973,0.016216806192959253,0.0006199942379892953,-0.028647795460658113,0.017122057341658725,-0.0011028376460161698
23.020048428652906,0.0007292124610035131,0.0005347902488730602,0.027661840516021458,0.014784263038917536,-0.0009522446144531704,0.016216806192959253,0.0006342046853044425,-0.028647795460658113,0.01751445008724495,-0.0011281147589513548
23.282366476792625,0.0007292124610035131,0.0005470478156187575,0.027661840516021458,0.015123085428795957,-0.000974070148766203,0.016216806192959253,0.0006487408366711528,-0.028647795460658113,0.017915834298306555,-0.0011539712202668754
23.547673691466596,-0.015891701730610976,0.0005595863266431388,-0.015701945643957698,0.015469672018808599,-0.0009963959227738005,0.027239180638506354,0.0006636101572266962,0.011663161247938522,0.018326415960101435,-0.0011804203083309998
23.816004134824308,0.009599752244933,0.00057241222116779,-0.036324868506508,0.015824200684231394,-0.0010192334018257008,0.013017262909561919,0.0006788202830411286,0.018493657137343508,0.018746405770305043,-0.001207475605950622
24.08739225716025,0.009599752244933,0.0005855320860885935,-0.036324868506508,0.016186853381226156,-0.001042594314010467,0.013017262909561919,0.0006943790255098466,0.018493657137343508,0.01917601924785914,-0.0012351510069127662
24.361872901336884,0.0033669637482830125,0.0005989526589558558,-0.010564734182825147,0.016557816227214594,-0.0010664906560548353,-0.022903947151576433,0.0007102943746968224,-0.00386657084444543,0.01961547685203159,-0.0012634607238692936
24.63948130725805,0.0033669637482830125,0.0006126808322309604,-0.010564734182825147,0.016937279603667265,-0.0010909346998649208,-0.022903947151576433,0.0007265745039446435,-0.00386657084444543,0.02006500408516508,-0.0012924192948344532
24.920253116393344,-0.009290137304482173,0.0006267236559846076,0.007332933168275064,0.017325438248542997,-0.0011159389985577613,-0.016062347199105077,0.0007432277741024735,-0.008442537716417245,0.02052483161361441,-0.0013220415911732678
25.204224376354002,-0.009290137304482173,0.0006410883417944233,0.007332933168275064,0.017722491363338474,-0.0011415163929505525,-0.016062347199105077,0.0007602627372967174,-0.008442537716417245,0.02099519538659297,-0.0013523428252868862
25.491431545521003,0.01938116980158385,0.0006557822668468064,0.028982201366556454,0.018128642708402875,-0.0011676800179530513,0.0009668584559993833,0.0007776881419240964,-0.0020947999967489,0.021476336754444863,-0.0013833385576998006
25.781911497725847,-0.009065918776551087,0.0006708129772324665,0.05131954495906939,0.018544100711415407,-0.0011944433097861515,-0.0041182258409214,0.0007955129367168499,-0.006171075123864181,0.02196850258820278,-0.001415044706078792
26.07570152698471,-0.009065918776551087,0.0006861881919283163,0.05131954495906939,0.018969078567274675,-0.0012218200125462277,-0.0041182258409214,0.0008137462757371905,-0.006171075123864181,0.02247194541579859,-0.0014474775525224835
26.37283935228653,0.03141582502118142,0.0007019158070472161,0.04921253760967488,0.019403794359120097,-0.0012498241852600786,-0.013763827007201615,0.0008323975226367126,0.012234564957394486,0.022986923540909997,-0.0014806537526042833
26.673363122435635,0.03141582502118142,0.000718003899410595,0.04921253760967488,0.019848471155214674,-0.0012784702089801024,-0.013763827007201615,0.0008514762557813837,0.012234564957394486,0.023513701188028202,-0.001514590343236726
26.97731142094965,0.03230199754427184,0.0007344607311815235,0.019463286883892723,0.02030333713958475,-0.001307772794779076,-0.046509001328784806,0.0008709922728786688,0.013331675078321656,0.024052548619445682,-0.0015493047522719475
27.28472327101303,-0.003178040520280291,0.0007512947536740755,0.008735006334225377,0.020768625715593285,-0.0013377469906230516,-0.001126431645273743,0.0008909555965261263,0.050273864198823834,0.024603742289260478,-0.0015848148067442475
27.59563814048723,-0.003178040520280291,0.000768514612047623,0.008735006334225377,0.02124457562920849,-0.0013684081894622024,-0.001126431645273743,0.0009113764787182835,0.050273864198823834,0.025167564983704684,-0.0016211387418593088
27.910095946977876,-0.01859718314700457,0.0007861291496170965,-0.008383498604437916,0.021731431093385656,-0.0013997721368450766,0.051679043806996915,0.0009322654066992104,0.09038913728569441,0.02574430595021084,-0.001658295211478597
28.228137062959657,-0.016762486635396513,0.0008041474123538964,-0.015402738096172468,0.022229441912162275,-0.0014318549393573835,0.014605300451433675,0.0009536331077386314,0.0221287400402823,0.026334261064368644,-0.001696303296398186
28.54980232095968,-0.016762486635396513,0.0008225786534173731,-0.015402738096172468,0.022738863609022587,-0.001464673072570765,0.014605300451433675,0.000975490555278765,0.0221287400402823,0.026937732974936703,-0.0017351825151288567
28.875133018799882,-0.027628776599614525,0.0008414323382394812,-0.009214501201185426,0.023259957550284,-0.001498243389932883,0.00021305963362979428,0.0009978489740297366,-0.027595380217732238,0.02755503124776828,-0.0017749528330291712
29.204170924899092,-0.04171182490015616,0.000860718149111575,-0.026264595421267172,0.023792991096468492,-0.0015325831308550832,-0.021218123512478017,0.0010207198460769884,-0.013727719244401651,0.028186472544304807,-0.0018156346734885746
29.536958283635613,-0.04171182490015616,0.0008804459902047829,-0.026264595421267172,0.024338237717594288,-0.0015677099299594415,-0.021218123512478017,0.0010441149167182426,-0.013727719244401651,0.02883238076294921,-0.001857248927823352
29.873537820770885,0.009178111108852548,0.0009006259926440358,0.009534947450554016,0.02489597714741839,-0.001603641826076136,-0.03639752879579942,0.0010680462002845593,0.00896492507592804,0.029493087220136924,-0.0018998169657065175
30.213952748934926,0.007452093179200446,0.0009212685199385044,0.019531614513880486,0.02546649552204793,-0.0016403972713432192,-0.014808583457347072,0.0010925259865317046,0.009358989131341464,0.030168930811500773,-0.0019433606472409343
30.558246773174304,0.007452093179200446,0.000942384172962327,0.019531614513880486,0.026050085528084247,-0.0016779951409026802,-0.014808583457347072,0.0011175668469634943,0.009358989131341464,0.03086025818790122,-0.0019879023332014896
30.906464096563298,0.021073404325284116,0.0009639837955732684,0.05811255637296327,0.02664704654458408,-0.0017164547422784922,-0.004426113902992671,0.0011431816411198762,-0.024140842809563093,0.03156742392896552,-0.002033464896598487
31.258649425879092,0.0006196472394449301,0.0009860784801441844,0.04263527259192308,0.027257684810201424,-0.001755795825724335,-0.007511089964906051,0.001169383523196123,-0.0009427159940300772,0.03229079073300191,-0.0020800717350270516
31.614847977341487,0.0006196472394449301,0.0010086795734623917,0.04263527259192308,0.027882313568879883,-0.001796038593982393,-0.007511089964906051,0.0011961859491088074,-0.0009427159940300772,0.03303072959096322,-0.00212774678218025
31.975105482418133,0.04154163174301247,0.001031798681938205,-0.012734548542239137,0.028521253231370128,-0.001837203712862452,0.0047331427114049775,0.0012236026829054935,0.01615126070163385,0.033787619982951864,-0.002176514519940039
32.3394681936959,0.012482528211977893,0.0010554476785273846,0.008279020065083815,0.029174831543615807,-0.001879312321861067,0.0009142399799057701,0.0012516478042305236,0.015323828541517134,0.03456185007121825,-0.002226399991812976
32.7079828908191,0.012482528211977893,0.0010796387079271448,0.008279020065083815,0.029843383746205248,-0.001922386044624105,0.0009142399799057701,0.0012803357152983766,0.015323828541517134,0.03535381689914531,-0.0022774288146810958
33.080696886495474,-0.011616200609210793,0.001104384193300891,0.012047089664021089,0.030527252757826754,-0.001966447000814315,0.01203142583511659,0.0013096811485875139,0.03611173182477011,0.03616392658835668,-0.0023296271928845065
33.457658032570485,-0.011616200609210793,0.0011296968424721013,0.012047089664021089,0.03122678933765043,-0.002011517816784579,0.01203142583511659,0.0013396991740957285,0.03611173182477011,0.036992594552810565,-0.0023830219311643274
33.83891472617091,-0.011616200609210793,0.001155589654723164,0.012047089664021089,0.03194235227495458,-0.0020576216374007523,0.01203142583511659,0.0013704052072349194,0.03611173182477011,0.037840245709674744,-0.002437640448441526
34.224515915918495,-0.04470842667990175,0.0011820759269302564,-0.014693800277631935,0.03267430856419548,-0.002104782137958961,-0.01151387549468578,0.0014018150166903256,0.050489460149034646,0.03870731469347427,-0.00249351079221861
34.614511108214266,-0.04470842667990175,0.0012091692609510689,-0.014693800277631935,0.03342303359630541,-0.0021530235365900406,-0.01151387549468578,0.0014339447325315085,0.050489460149034646,0.039594246079616695,-0.002550661652605942
35.00895037359459,-0.005528274979047211,0.0012368835704160022,0.026734432358480904,0.03418891135458632,-0.0022023706060631566,-0.022957939698690567,0.0014668108545518952,0.059000447359434535,0.04050149460676159,-0.0026091223770946213
35.40788435315959,-0.005528274979047211,0.001265233087574619,0.026734432358480904,0.03497233459892812,-0.0022528486870191204,-0.022957939698690567,0.0015004302607307895,0.059000447359434535,0.0414295254196998,-0.0026689229861021377
35.81136426507482,-0.005528274979047211,0.0012942323712232084,0.026734432358480904,0.0357737050842638,-0.002304483700962878,-0.022957939698690567,0.0015348202157368092,0.059000447359434535,0.04237881429719183,-0.0027300941878102463
36.219441911147115,0.006044613896892002,0.0013238963134765134,0.01827434570475724,0.03659343374589182,-0.00235730216339049,-0.0006940595251381607,0.0015699983799760005,0.038576380625205506,0.04334984789600793,-0.0027926673940112485
36.63216968347517,0.006044613896892002,0.0013542401479965335,0.01827434570475724,0.0374319409239228,-0.002411331197316923,-0.0006940595251381607,0.001605982818635008,0.038576380625205506,0.04434312400035333,-0.002856674736515282
37.04960057117615,0.026514718440806405,0.0013852794574510975,0.060349101727347046,0.03828965657177122,-0.0024665985475433604,0.02045890174979067,0.001642792010846513,0.05170110360465728,0.04535915177841969,-0.002922149083419399
37.47178816718877,-0.0018716428100603935,0.0014170301816735138,0.0822046009369118,0.039167020474444626,-0.002523132594654213,0.023366481427490725,0.0016804448594184775,0.05082816211825801,0.0463984520365661,-0.002989124055885888
37.89878667515397,-0.0031357200710943403,0.0014495086259119641,0.054944027714828605,0.04006448247776352,-0.002580962369636213,0.04336108310146588,0.0017189607002073308,0.06239400226851942,0.047461557492171666,-0.003057634046111052
38.33065091637406,-0.0024534955624326074,0.0014827314689102036,0.04748333227983011,0.04098250271641835,-0.0026401175683972208,0.010982954335121161,0.0017583593121647547,0.04274051520633869,0.048549013034767816,-0.003127714233701608
38.76743633685098,-0.0024534955624326074,0.0015167157718492578,0.04748333227983011,0.04192155184236605,-0.0027006285679945117,0.010982954335121161,0.0017986609277745413,0.04274051520633869,0.04966137600918443,-0.0031994006048490435
39.20919901440494,0.0023097816383404676,0.0015514789867635981,0.028982155808766025,0.0428821112741502,-0.002762526441328693,0.001997608722932495,0.0018398862429211103,0.050499096911318805,0.05079921650922026,-0.0032727299705457773
39.655995665874116,0.0023097816383404676,0.001587038965743007,0.028982155808766025,0.04386467343751141,-0.0028258429733891838,0.001997608722932495,0.00188205642803304,0.050499096911318805,0.05196311764824661,-0.0033477399850867446
40.10788365439638,-0.012149225268765974,0.0016234139700947656,0.03483663691493717,0.04486974201617305,-0.0028906106775948666,0.031656656293543604,0.001925193138629204,0.04100184497368041,0.05315367587045767,-0.003424469165540605
40.56492099677403,-0.013456145764265827,0.0016606226794545415,0.0328354085339307,0.045897832211035466,-0.0029568628123805485,-0.01636732283930823,0.0019693185264783785,0.03145873519986296,0.0543715012499866,-0.003502956911921675
41.027166370922366,0.0049286694097790615,0.0016986842017753649,0.06921963881462297,0.046949471000968,-0.0030246333985724993,0.02341578399134444,0.0020144552511292893,0.04592670187405766,0.0556172178045731,-0.003583243527039279
41.49467912340327,-0.012250171054070037,0.0017376180826539208,0.04055982050877212,0.04802519741503619,-0.0030939572362509663,0.0037297271803724188,0.0020606264913019573,0.03467076362908593,0.05689146380836064,-0.0036653702371987965
41.9675192770446,0.016002988367505765,0.0017774443159783175,0.06306752533011391,0.04912556279565738,-0.003164869923504754,0.006938600767769384,0.0021078559570021816,0.040355363120190266,0.05819489212116906,-0.003749379213685247
42.44574753864624,0.025365621990614727,0.001818183353562104,0.059042190855979795,0.05025113110022589,-0.003237407873718135,-0.0001276284450429186,0.0021561679016224855,0.06283057504429877,0.05952817051526816,-0.0038353135935632757
42.92942530677422,0.026181004320397903,0.001859856116053354,0.07078495365137989,0.05140247916248822,-0.003311608334970195,-0.0008804053732076964,0.0022055871343263853,0.054989196814880334,0.060891982022584716,-0.003923217502938883
43.41861467964346,0.013421497773501954,0.0019024840034893372,0.0796853944404355,0.05258019701295967,-0.003387509408765664,-0.007612793425604539,0.0022561390328257854,0.09074204552150932,0.06228702527625561,-0.004013136079037464
43.91337846309051,0.02288471366902408,0.0019460889065726918,0.07942900809535665,0.053784888161019166,-0.0034651500700162313,-0.037817993358311854,0.0023078495565687545,0.03852821201711486,0.06371401486694507,-0.004105115493187113
44.413780178636884,0.01986239030417488,0.0019906932174368654,0.07814780874280565,0.055017169903777384,-0.0035445701864618337,-0.028068904224152903,0.0023607452597571967,0.024043873953747838,0.06517368170759966,-0.004199202974850342
44.91988407164457,-0.002941076019140766,0.002036319841437557,0.08328807183086802,0.05627767365105657,-0.003625810539726872,-0.010384111614401706,0.00241485330518924,0.02917102129284864,0.06666677340414472,-0.004295446835816015
45.43175511956424,-0.00550721151177639,0.0020829922089712436,0.07686409182542071,0.05756704523402579,-0.0037089128458053294,0.0005373709393318906,0.0024702014782494418,0.06607791436014708,0.06819405463513083,-0.0043938964946898034
45.949459040277624,-0.009270937375606948,0.002130734287336143,0.05884911913498499,0.05888594524753255,-0.0037939197763217918,-0.025231282873319473,0.002526818201004269,0.0617974506603418,0.0697563075389901,-0.004494602502683093
46.473062300534835,-0.011340294604891867,0.0021795705930828606,0.05593309628426375,0.06023504936843352,-0.0038808749814649196,0.008673410141426271,0.002584732546782581,0.07647782092488818,0.07135433211828844,-0.0045976165693751
47.00263212448785,-0.0020466797815001173,0.0022295262046791594,0.07471042153658132,0.061615048715690415,-0.003969823111168846,-0.028093444801269997,0.00264397425538557,0.07006709922042241,0.07298894663361233,-0.004702991589241677
47.53823650232132,0.0014800349711790659,0.0022806267753634245,0.06550886876756586,0.06302665019645262,-0.004060809838418151,-0.014060775655458971,0.0027045737479851144,0.0866760219748177,0.07466098803196768,-0.004810781668542173
48.07994419898155,-0.016154934233401676,0.002332898545999689,0.05809268080973247,0.06447057685950706,-0.004153881883485349,-0.008831297458179935,0.002766562143008019,0.0833509996702486,0.07637131235858118,-0.004921042153632872
48.62782476300526,-0.010717117611745465,0.0023863683592548926,0.07815746783128581,0.06594756827108596,-0.004249087036245454,-0.056378688035130055,0.0028299712720033588,0.03642907813821815,0.07812079520562804,-0.005033829658999735
49.18194853544852,-0.010717117611745465,0.002441063672649519,0.07815746783128581,0.06745838088490237,-0.004346474182491724,-0.056378688035130055,0.0028948336958456366,0.03642907813821815,0.07991033214122896,-0.005149202096341454
49.74238665891783,0.022262392664695284,0.00249701257304206,0.09071129454484612,0.06900378843380886,-0.004446093327941379,-0.039740914623340985,0.0029611827219040293,0.011496892923931842,0.0817408391777914,-0.005267218704127322
50.30921108670386,0.022262392664695284,0.0025542437909024905,0.09071129454484612,0.07058458231072956,-0.004547995623955749,-0.039740914623340985,0.0030290524206042883,0.011496892923931842,0.08361325322858965,-0.0053879400787912556
50.88249459201947,-0.010655655337762283,0.0026127867152885434,0.08374109400155667,0.07220157198388673,-0.004652233394474631,-0.02919446589664635,0.0030984776430874926,0.03390496789555762,0.08552853257923639,-0.00551142820448449
51.46231077734273,-0.010655655337762283,0.0026726714085451766,0.08374109400155667,0.07385558539965974,-0.004758860161957713,-0.02919446589664635,0.00316949403935618,0.03390496789555762,0.08748765738371608,-0.005637746486096301
52.04873408386668,0.004939077331123386,0.0027339286220517045,0.07201536550024919,0.07554746940191612,-0.004867930675437384,0.011688800938264262,0.0032421380762772327,0.0744255114421599,0.08949163015366988,-0.00576695978131612
52.641839801056605,0.005357024759590288,0.002796589811965607,0.08053041917082034,0.07727809017214861,-0.0049795009384941994,-0.00359230827027294,0.003316447056382153,0.08081268113092797,0.09154147626397031,-0.005899134433596065
53.241704076316296,0.005357024759590288,0.0028606871552058306,0.08053041917082034,0.07904833365331308,-0.00509362823791095,-0.00359230827027294,0.0033924591370904757,0.08081268113092797,0.09363824448276027,-0.006034338306593637
53.8484039247644,0.013245076115934694,0.002926253566248032,0.11202068646415604,0.08085910601378235,-0.005210371173299178,0.023923074376835017,0.0034702133500457083,0.10172682089045758,0.0957830074871292,-0.006172640819309796
54.46201723912222,0.010528309371242571,0.002993322713601772,0.08141360167039131,0.08271133409582884,-0.005329789686881421,0.0030696149349187154,0.0035497496217087214,0.10021937991744288,0.09797686241923438,-0.006314112980663856
55.08262279971415,0.03484679168489387,0.0030619290375253896,0.10636103506368684,0.0846059658929983,-0.0054519450942354195,-0.017126411293848322,0.003631108793049106,0.07501524046065321,0.10022093143189027,-0.006458827427008901
55.71030028458219,-0.025479073894158745,0.0031321077675227236,0.09109613141432156,0.08654397102410104,-0.0055769001160346655,0.007372637836430681,0.003714332641389928,0.11016006328572957,0.10251636226470467,-0.006606858458769118
56.34513027971545,-0.025479073894158745,0.003203894940381124,0.09109613141432156,0.08852634123453913,-0.005704718910114341,0.007372637836430681,0.0037994639008698894,0.11016006328572957,0.10486432881518128,-0.006758282078733971
56.987194289396506,0.025052687723443455,0.0032773274186406443,0.08947723541442805,0.09055409088402899,-0.005835467104200968,-0.022745875033875408,0.003886546285328205,0.10425918125022669,0.10726603173258976,-0.006913176031056718
57.63657474666552,-0.022414755972341695,0.003352442909663872,0.08608377457220591,0.09262825747581754,-0.0059692118299066845,-0.012474256533869169,0.003975624510311399,0.0985840556705022,0.10972269903823034,-0.007071619841069193
58.293355023903544,-0.015895629148511205,0.0034292799849784056,0.10336604484331254,0.09474990216681141,-0.0061060217567710535,0.006321934095142109,0.00406674431564763,0.1255544145813432,0.11223558672539394,-0.007233694856154114
58.957619443536686,0.011328567370443153,0.0035078780998898345,0.1340567488859606,0.09692011032033201,-0.006245967128003181,-0.030812468321532095,0.004159952489769912,0.0997845018711989,0.11480597940825502,-0.007399484287494564
59.629453288861825,0.014592478474341718,0.0035882776138893638,0.13394712821191676,0.09913999203877535,-0.006389119795993009,-0.02379690970391505,0.004255296892934779,0.12122542771575916,0.11743519096170259,-0.007569073252777937
60.308942814996065,0.00670375152953747,0.003670519811508793,0.12313284562449318,0.1014106827403863,-0.006535553259675085,0.011191414873889824,0.004352826482208412,0.14252674955754552,0.120124565191971,-0.007742548819511887
60.9961752599508,0.014265514216403062,0.0037546469229960446,0.12346372815058622,0.10373334371862536,-0.006685342701788558,-0.0018399249868557375,0.004452591336592819,0.13528197247975138,0.12287547650369836,-0.007920000050218803
61.69123885583198,0.005427626567295306,0.003840702146571082,0.11271152190468577,0.10610916274316852,-0.006838565027490537,-0.015960711471136237,0.004554642682544217,0.15469542480141074,0.1256893306019298,-0.008101518047697463
62.39422284016802,0.0082289261848952,0.003928729670428534,0.11414237745675145,0.10853935464648631,-0.0069952989045389945,0.017753162421145517,0.004659032920349698,0.1558723698516915,0.12856756519486945,-0.00828719600192446
63.10521746736678,0.024518141641584577,0.004018774695011119,0.12010567631826781,0.111025161952864,-0.0071556248023333015,0.005959914060816826,0.00476581565097623,0.14739589545344467,0.13151165072041945,-0.008477129238140278
63.82431402030309,0.027464723036619475,0.004110883456958894,0.1459590468363495,0.11356785549102176,-0.007319625034344492,0.008188953288836584,0.004875045703726917,0.14624804027637817,0.1345230910884959,-0.008671415264739132
64.55160482203847,0.04564885691189454,0.004205103252108341,0.15707715619089066,0.11616873503874714,-0.007487383800081791,0.016094698225723035,0.004986779164139282,0.1758236865849896,0.13760342442982593,-0.008870153824717019
65.28718324767407,0.03005222191098008,0.004301482460112608,0.1636622459206621,0.11882912998887968,-0.007658987227508411,-0.0022770096341029698,0.005101073402952009,0.1669724548400322,0.14075422388043826,-0.009073446945653417
66.03114373633895,0.020372443304687536,0.004400070569506581,0.15718506782691052,0.12155040000587523,-0.007834523418479001,-0.0006317203093771182,0.005217987105470747,0.18087903241052894,0.143977098360743,-0.00928139899240395
66.78358180331495,0.028837538648400184,0.0045009182024356815,0.15076426702923137,0.12433393571773016,-0.008014082492985127,-0.003819290540653145,0.005337580301835531,0.1445611862262468,0.14727369339579066,-0.009494116720916974
67.54459405229956,0.01145111459088207,0.0046040771414364344,0.13673623470110927,0.1271811594204988,-0.008197756635590981,-0.00616024409071895,0.005459914397499209,0.16574474383572957,0.15064569193099192,-0.009711709332590829
68.31427818780881,0.012656171597607312,0.004709600355193687,0.1476791690415525,0.13009352579041497,-0.00838564014294401,0.0193731062674389,0.005585052204966757,0.16075170706283304,0.15409481519234283,-0.009934288530386028
69.09273302772108,0.015399781240894882,0.00481754202649135,0.15061201371551833,0.13307252260912192,-0.00857782947183092,0.020273679414683797,0.005713057975887028,0.15274643684599676,0.15762282352676843,-0.010161968575847795
69.88005851596424,0.015399781240894882,0.004927957579526373,0.15061201371551833,0.13611967152874238,-0.008774423289040198,0.020273679414683797,0.005843997434483108,0.15274643684599676,0.16123151731124485,-0.010394866348462008
70.67635573534719,-0.008754610953658627,0.005040903708436047,0.14346463984558797,0.1392365288241842,-0.00897552252147856,0.005861536154458688,0.0059779378103701,0.1579628707739631,0.16492273783475367,-0.010633101404921613
71.48172692053758,-0.01050886796962628,0.005156438406448218,0.14887360467473884,0.14242468617885268,-0.009181230408264988,-0.03299293248827543,0.006114947874043871,0.12807895275266334,0.1686983682323705,-0.010876796040198802
72.29627547118757,-0.006288461735882635,0.0052746209957850055,0.14236348916937133,0.14568577148977932,-0.009391652553637001,0.009719582686059621,0.006255097971354885,0.18116824981758706,0.1725603344252984,-0.01112607535111677
73.12010596520895,-0.009974570647022375,0.005395512157798994,0.14862568794573158,0.14902144967841055,-0.009606896980939215,0.00948733927294195,0.006398460060177316,0.17725512562530854,0.17651060608638525,-0.01138106729949599
73.95332417219971,-0.014211198775240831,0.005519173964239608,0.1453648050345003,0.1524334235310414,-0.009827074188119837,0.03133442814271322,0.006545107747033063,0.17530055308879122,0.18055119762001848,-0.011641902778496362
74.79603706702352,-0.016889606435210126,0.0056456699092538275,0.1559602606659248,0.15592343455337723,-0.010052297204445452,0.008528870586587542,0.006695116324864747,0.1698366404398599,0.18468416918238256,-0.011908715679710313
75.64835284354406,-0.006041051297502577,0.005775064941694736,0.18715839156251066,0.15949326384165605,-0.01028268164837719,0.006827576437204738,0.006848562811777561,0.20333292077221587,0.18891162769534395,-0.012181642960755544
76.51038092851556,-0.0024363073024333062,0.005907425498760647,0.17027197959561677,0.16314473297801357,-0.010518345786907747,-0.0120860750423513,0.00700552599034816,0.171771550644213,0.19323572790788363,-0.012460824716763585
77.38223199563203,-0.006331013639886564,0.00604281953978263,0.13882031269132442,0.16687970494485305,-0.01075941059602541,0.0011879255612147945,0.007166086448405407,0.15693742633214258,0.19765867347642477,-0.012746404251892237
78.26401797973635,0.014741159417141901,0.006181316581188936,0.18984214235670302,0.1707000850576579,-0.011005999822897322,-0.019778228978497382,0.007330326619946421,0.16987076115379063,0.20218271805247678,-0.013038528152030436
79.15585209119124,0.005986939972640513,0.006322987732335252,0.1804110498256116,0.17460782191202262,-0.011258240049364033,-0.029651523408082782,0.007498330827738209,0.1716443656943949,0.2068101664153202,-0.013337346360481627
80.0578488304141,0.02978477493007,0.006467905731683452,0.18529800046905018,0.17860490837152684,-0.0115162607567546,-0.03908109647581196,0.007670185326272118,0.16393470429766177,0.21154337562255512,-0.0136430122551054
80.97012400257749,0.04135417418798178,0.0066161449844689925,0.21631228769173746,0.18269338255305825,-0.01178019439219861,-0.027508120857739272,0.007845978346341816,0.19054578768482466,0.21638475617465677,-0.01395568272632113
81.89279473247699,0.04170938063505355,0.00676778160049349,0.20960590076726157,0.1868753288549993,-0.012050176436217721,-0.02008728556818288,0.008025800140175956,0.2041037757205424,0.2213367732269197,-0.01427551825752372
82.82597947956863,0.02707446600798876,0.0069228934335717855,0.18367043883338682,0.19115287899388905,-0.012326345473159096,-0.007867748738197991,0.008209743027521274,0.20442596531706636,0.2264019478060486,-0.014602683007967692
83.76979805317761,-0.01584145413037922,0.007081560121160175,0.1729202212085462,0.19552821306611887,-0.012608843261141311,-0.013901771504910601,0.008397901443194992,0.21988561222634084,0.23158285807051787,-0.014937344896057797
84.72437162788027,-0.002834555332359358,0.007243863125143812,0.18262311884617163,0.20000356064655456,-0.012897814805120547,-0.008087612428866723,0.008590371985760212,0.23143217798378624,0.23688214059082613,-0.015279675685943371
85.68982275906146,0.001469986054621529,0.007409885774215797,0.19519829523957108,0.20458120188947906,-0.01319340843149585,-0.01140589754647107,0.008787253466299686,0.24169166800749986,0.24230249165730294,-0.015629851075174298
86.66627539864918,0.00902936887987623,0.0075797133057502325,0.20071260634234997,0.20926346867269377,-0.013495775863621322,-0.006138197730308806,0.008988646959974339,0.2603792017780031,0.2478466686170677,-0.015988050785053977
87.6538549110283,0.019589085005171057,0.007753432910311107,0.22646454889434162,0.21405274575466493,-0.013805072299894763,0.007991017637370942,0.009194655857411114,0.26604496334293026,0.253517491246121,-0.016354458652140857
88.65268808913594,0.01313201700422647,0.007931133775722216,0.20986047607051014,0.21895147197082468,-0.014121456492956586,-0.011679741573099181,0.009405385917560165,0.25654406085196024,0.2593178431438136,-0.01672926272322248
89.66290317073997,0.032259773214216324,0.008112907133481333,0.2195947835531876,0.22396214143636667,-0.014445090831733766,-0.011964039477528035,0.009620945322443356,0.24904880119260442,0.26525067316872325,-0.01711265535060827
90.68462985490338,0.010347469102381567,0.008298846304885154,0.2019812957261032,0.22908730479187106,-0.014776141423816806,-0.015991815279770706,0.009841444731973582,0.2541652732322981,0.27131899688382316,-0.017504833291875195
91.71799931863579,0.009665590612558304,0.00848904674943218,0.20354347410001958,0.23432957047831313,-0.015114778180630138,0.015911009356486004,0.010066997341411062,0.2660503431223309,0.2775258980642931,-0.017905997809267504
92.763144233735,-0.004690085883282492,0.008683606113299689,0.1922265751403903,0.23969160602045583,-0.01546117490531865,0.013118949106905217,0.010297718938778632,0.2510801884405862,0.28387453021615466,-0.018316354773945345
93.82019878382052,-0.018347674772573853,0.008882624279951172,0.19852570345171658,0.2451761393568367,-0.015815509380900348,0.034167259544058935,0.010533727964603539,0.26126701019268816,0.2903681181290001,-0.018736114770567892
94.88929868156093,-0.005037313785024068,0.009086203420949677,0.22171828623037024,0.25078596020209476,-0.016177963461843067,0.038194997117112904,0.010775145572486617,0.27102580161433254,0.2970099594757206,-0.01916549320559492
95.97058118609779,-0.01072115619581885,0.009294448048395488,0.24921788120690289,0.25652392141199365,-0.016548723166662078,0.043019752715371694,0.011022095691307588,0.2981155611293027,0.30380342643772384,-0.019604710417420082
97.064185120668,-0.0016111850398040986,0.009507465068782145,0.26125804005195447,0.2623929404157459,-0.016927978773926357,0.06136497167607909,0.01127470508864411,0.29890573375753293,0.31075196736608685,-0.02005399178928186
98.17025089042693,0.004750090924812454,0.00972536383762548,0.277457387044267,0.2683960006507935,-0.01731592491926195,0.036024402000968535,0.011533103435800756,0.3276328393456951,0.31785910848243415,-0.020513567864202116
99.2889205004747,0.009232341946662302,0.009948256215280008,0.2664667826345842,0.27453615303984424,-0.01771276069484604,0.01094809864168563,0.011797423374422175,0.3244649934112567,0.3251284556159781,-0.020983674463650268
100.420337574088,0.02562712229030447,0.01017625662495784,0.27340634872649977,0.28081651750237274,-0.01811868975211499,0.033884227380448904,0.012067800584208024,0.34143986724741504,0.3325636959739706,-0.021464552807735827
101.56464737115942,-0.0035413583297427068,0.010409482110813485,0.2683947824224831,0.28724028449961125,-0.018533920405154388,0.0022927074858942378,0.012344373852755343,0.3409251970970204,0.34016859995490434,-0.021956449638889902
102.72199680684696,0.018361239215657875,0.010648052398086348,0.27172393167984416,0.29381071659883,-0.018958665737952077,0.015057372349195316,0.01262728514636386,0.3594698569472752,0.34794702300888736,-0.022459617347932614
103.89253447043619,0.010327771916275395,0.010892089954662851,0.30653179591851126,0.30053115009794695,-0.019393143713007772,0.024259819160050454,0.012916679683172422,0.358529329800112,0.3559029075181818,-0.022974314103788994
105.07641064441728,0.03129227633177075,0.011141720053778443,0.31539680629072114,0.3074049966663393,-0.019837577283784588,0.04421119850236518,0.013212706007249943,0.3735589233642096,0.3640402847377691,-0.02350080398447297
106.27377732377938,0.024329633922241044,0.011397070837930267,0.32235149267794766,0.31443574502059235,-0.020292194507602376,0.03255239264211315,0.013515516064974042,0.3780535023690281,0.3723632767754308,-0.02403935711371928
107.4847882355249,0.0052266481079750945,0.011658273385276854,0.31570787966654384,0.3216269626490672,-0.020757228663840506,0.03179153180667856,0.013825265282723013,0.37989346094135046,0.3808760986039701,-0.024590249797674497
108.7095988584061,0.011709550275537182,0.011925461775927567,0.3430642401876814,0.3289822975645068,-0.021232918371787875,0.03462207194775121,0.014142112646578357,0.3880382558826754,0.3895830601234499,-0.025153764667166414
109.9483664428867,0.008055012130809246,0.012198773161535984,0.32246176580075675,0.33650548010436937,-0.02171950771401312,0.03395392281164585,0.01446622078382008,0.4194558407651052,0.39848856828043705,-0.02573019082180969
111.20125003133083,0.0036572213864264,0.012478347834865875,0.32492240597594885,0.344200324752266,-0.022217246360630466,0.02921755194007477,0.014797756046145156,0.41780820182282463,0.4075971292029891,-0.026319823978688463
112.46841047842213,0.021560622884177448,0.012764329302175357,0.32432328186475173,0.35207073202268396,-0.022726389697175407,0.01721231229388006,0.015136888595238193,0.4123718599319859,0.4169133504183673,-0.026922966622069593
113.75001047181549,0.02432901293873998,0.01305686435677496,0.3582376784527846,0.3601206903739116,-0.02324719895551078,0.009656857720031295,0.015483792489315048,0.3991187671604206,0.4264419430974112,-0.02753992815955732
115.04621455302407,0.03246770914240956,0.013356103153740872,0.365057067364651,0.3683542781549493,-0.02377994134723039,0.007383602906392025,0.01583864577297968,0.39927509477274237,0.43618772434278585,-0.028171025079540488
116.35718913854446,0.021428551505263314,0.01366219928748991,0.3685518639884063,0.3767756656130638,-0.02432489020033113,0.033970500633267973,0.016201630567878576,0.4304446580774468,0.4461556195417018,-0.02881658111303876
117.68310254122242,0.02025218185171903,0.013975309870069084,0.3854903183370553,0.3853891169355581,-0.024882325099292925,0.01565262486426785,0.01657293316647902,0.4373799138822734,0.45635066477118597,-0.029476927399502
119.02412499186212,0.011978837410412467,0.014295595612058464,0.37680404342399504,0.3941989923255298,-0.025452532028097,0.02494247458366746,0.01695274412697123,0.44318056447459364,0.4667780092345999,-0.030152402655732068
120.38042866108208,-0.008413538679045075,0.014623220904379106,0.3697532831884783,0.4032097501476522,-0.026035803515685317,0.031934674093647884,0.017341258371300357,0.45254830525174095,0.4774429177712268,-0.03084335334893057
121.75218768141902,0.01841029011703762,0.014958353902844522,0.40661097103589233,0.41242594909637226,-0.02663243878714729,0.025016232929262215,0.017738675284824583,0.5078839365748125,0.4883507734139142,-0.03155013387443988
123.13957816968478,0.00582434030339337,0.015301166614555824,0.4191496913778537,0.42185225042849384,-0.027242743915161946,0.029021873015586862,0.018145198818307298,0.4995592747668014,0.4995070800032148,-0.032273106735900454
124.54277824957748,0.016163740061721242,0.01565183498546391,0.4507466060306538,0.4314934202249271,-0.027867031977421974,-0.0004896004102994764,0.01856103759259664,0.4871690156579427,0.5109174648459983,-0.033012642731275084
125.96196807455036,-0.005446452540539028,0.016010538990919105,0.4304093140541774,0.4413543317286477,-0.028505623216105877,0.017577247368967007,0.01898640500528488,0.5230411313589252,0.5225876814597465,-0.03376912114144873
127.39732985094115,0.015169993041608563,0.016377462727597335,0.45160490232701284,0.4514399677066639,-0.029158845202374828,0.01214088821589395,0.01942151933993334,0.5495433231824589,0.5345236123426542,-0.03454292992475053
128.84904786136525,0.023441191818245187,0.016752794508150957,0.4705474778987267,0.4617554228832167,-0.029827033002983554,0.03714260010865696,0.01986660387807451,0.5566583395753537,0.5467312718256,-0.03533446591478662
130.31730848837526,0.010933529701235699,0.01713672695718867,0.4671673255431302,0.47230590640326475,-0.030510529352130843,0.0007227104422679789,0.020321887013135004,0.5473618988498026,0.5592168089836703,-0.03614413502262008
131.8023002383901,0.048014388520160566,0.01752945711035934,0.4857705045819732,0.4830967443864878,-0.03120968482616658,-0.0019166459820392587,0.02078760236760836,0.5508982225210706,0.5719865106002044,-0.036972352444971546
133.30421376589695,0.026247996288305174,0.017931186515120587,0.4952855660571914,0.4941333824856964,-0.03192485802305221,0.016787661994873658,0.021263988912816716,0.575483068158404,0.5850468042079988,-0.037819542875536925
134.82324189792925,0.018648182129619016,0.018342121333641995,0.4990628182827788,0.5054213885530113,-0.032656415745677264,0.02031256613625284,0.02175129109063089,0.5846478899372625,0.5984042611855046,-0.038686140721932605
136.3595796588226,0.014875431954735362,0.018762472448894847,0.516627281280469,0.5169664553204943,-0.03340473318879985,0.046504803573035956,0.02224975893923849,0.6008750817550568,0.61206559992817,-0.03957259032721143
137.91342429525406,0.01926371834919246,0.019192455572362162,0.5202759630859114,0.5287744031730084,-0.03417019413091231,0.0317945521520497,0.022759648220581737,0.6008963381692678,0.6260376890830587,-0.0404793461968651
139.48497530156587,0.012732964513651211,0.01963229135435696,0.5351784256032294,0.5408511829525832,-0.034953191130755845,0.05731009530063754,0.023281220551674767,0.6519814473559102,0.6403275508512944,-0.041406873231237276
141.07443444537813,0.01654710268200462,0.02008220549720257,0.5463067784019079,0.5532028788417989,-0.03575412572675345,0.04760036592340074,0.02381474353797159,0.6580955015067187,0.654942364376242,-0.042355646961465966
142.6820057934933,0.03449071847988202,0.020542428870595382,0.5634678713149289,0.5658357113091008,-0.03657340864326907,0.042428243040244694,0.02436049091072208,0.6670053544487353,0.6698894691885018,-0.043326153793248626
144.3078957380958,0.041663155409454276,0.021013197630113306,0.5775559307942083,0.5787560401036922,-0.037411459999050455,0.026325745173980862,0.024918742666767035,0.6655019332606131,0.6851763687273327,-0.04431889125433041
145.95231302325013,0.04604347718533249,0.021494753337589247,0.5900394921557749,0.5919703673279119,-0.03826870952284487,0.033762599865038566,0.02548978521181019,0.6999994677907169,0.7008107339536089,-0.04533436824786995
147.6154687717012,0.05218003282699287,0.02198734308516637,0.6055554845002026,0.6054853405786931,-0.03914559677203218,0.015555401463929383,0.026073911506892533,0.7135416091505591,0.7168004070227657,-0.04637310531326481
149.29757651197966,0.04990741547326601,0.02249121962161694,0.6447205328180471,0.6193077561446875,-0.04004257135720009,0.04044146797665756,0.026671421218434126,0.7390965803850578,0.7331534050494092,-0.04743563489001923
150.99885220581643,0.033189420465275475,0.023006641481597766,0.6530857426118929,0.6334445622774403,-0.0409600931717234,0.03940131994581871,0.027282620871010008,0.7566584674855457,0.7498779239474619,-0.04852250158975107
152.71951427586947,0.01081904645965922,0.02353387311789125,0.6393993991416097,0.6479028625444606,-0.04189863262589992,0.02967382122669423,0.027907824004527803,0.7729710988249772,0.7669823423544586,-0.049634262474094124
154.45978363376656,-0.0015557131814759942,0.02407318503703824,0.6472471717407037,0.6626899192313376,-0.04285867088746914,0.027960951282609968,0.02854735133447991,0.7909123398724991,0.7844752256437497,-0.05077148733785224
156.21988370846756,0.01513679981560253,0.02462485393738945,0.6675144632066347,0.6778131568471913,-0.04384070012676375,0.029210341690416995,0.029201530915605994,0.8029130029105596,0.8023653300264776,-0.05193475899970823
158.00004047494997,0.013102924263400283,0.02518916285078461,0.687350596609699,0.6932801656763206,-0.044845223768128564,0.029966040125316083,0.02987069831000589,0.8331583771465056,0.8206616067298049,-0.05312467359911282
159.80048248322106,0.017739140447368427,0.02576640128723317,0.6905508628628355,0.7090987054333995,-0.04587275674577626,0.03685355349474203,0.03055519675824327,0.8332532763298262,0.8393732062816317,-0.054341840899668516
161.62144088766158,0.027700351049686787,0.026356865383235038,0.7114007134479047,0.7252767089764811,-0.04692382576702106,0.027909327310829922,0.031255377355091776,0.8643152272664705,0.8585094828826513,-0.05558688459974182
163.46314947670214,0.007611056670251713,0.02696085805298527,0.7320855129256963,0.7418222861123431,-0.047998969580843424,0.03924517048616646,0.031971599228844766,0.8963640465010472,0.8780799988663318,-0.05686044264985934
165.32584470283936,0.018527700957603997,0.027578689143232693,0.7555610799701126,0.7587437274835308,-0.04909873925165868,0.017169324099828485,0.032704229724745015,0.9008160040788398,0.8980945292681943,-0.05816316757739103
167.20976571299323,0.005843681014600165,0.028210675591950146,0.7674437080783268,0.7760495085418645,-0.05022369844108191,0.025859992085633464,0.033453644592785416,0.9240399409175581,0.9185630664890466,-0.059495726819074446
169.11515437921068,0.02513630498721605,0.028857141590285157,0.8083651366933343,0.79374829359119,-0.0513744236946009,0.04046944913671321,0.03422022817945882,0.9500676629058327,0.9394958250579619,-0.06085880305981333
171.04225532971887,0.0076294494713862945,0.029518418748151184,0.815015445838844,0.8118489399465507,-0.052551504735419224,0.026375593290351516,0.03500437362448808,0.9669137214999677,0.9609032465015287,-0.062253094580284114
172.99131598033247,0.02915090256109417,0.030194846263857163,0.8322013208719331,0.8303605021581624,-0.053755544764434414,0.021685592004105657,0.035806483060986265,0.9763401710000665,0.9827960043219743,-0.0636793156126544
174.9625865662188,0.028566898632354253,0.030886771097545507,0.8528731322782585,0.8492922363450888,-0.0549871607683408,0.027576782962421574,0.03662696782156108,0.9961111519324324,1.0051850090740924,-0.06513819670270234
176.9563201740246,0.027986779577116337,0.03159454814823124,0.864942357691108,0.8686536046052744,-0.056246983832501665,0.03124579119327616,0.03746624864765648,1.0274575145729092,1.0280814135736631,-0.06663048508166873
178.97277277437013,0.00991427738269509,0.03231854043554055,0.8859547990387836,0.8884542795493275,-0.057535659463182204,0.030603357035980237,0.03832475590466212,1.053070626228449,1.0514966181905891,-0.06815694504628991
181.01220325471135,0.005531459559483608,0.03305911928489222,0.896077376758493,0.9087041489000118,-0.05885384791564343,0.01988302963121643,0.03920292980187712,1.075793974394616,1.0754422762857145,-0.06971835834669696
183.07487345257871,0.005496531206557208,0.033816664517254874,0.9308460077694322,0.9294133202165132,-0.0602022245299291,0.05133720755898149,0.04010122061640267,1.1089368370124881,1.099930299750829,-0.07131552458371443
185.16104818919356,0.010905742443498255,0.03459156464328976,0.9487201113308804,0.9505921257067323,-0.06158148007493895,0.03461684612473067,0.04102008892395331,1.1280682820416144,1.1249728646667105,-0.072949261615169
187.27099530346797,0.026701176025975513,0.0353842170617034,0.9608929520187975,0.9722511271650214,-0.06299232109939082,0.034936622292180274,0.04196000583295099,1.1402485248953256,1.1505824171052574,-0.07462040597052848
189.40498568639188,0.036812505258806937,0.03619502826215172,0.998652550379772,0.9944011209863235,-0.06443547029110387,0.03340163952467964,0.04292145322544134,1.1561497113146317,1.1767716790269673,-0.07632981327643293
191.56329331581213,0.04395208842838224,0.037024414032851886,1.0171930358753514,1.0170531433250378,-0.06591166684449089,0.0458349139665832,0.043904924002692754,1.1911990430116757,1.2035536543423961,-0.07807835869030232
193.74619529160788,0.04982640834155946,0.037872799672993285,1.0696055739418178,1.0402184753306818,-0.06742166683628065,0.027272233900532426,0.04491092233660083,1.1993623558744955,1.2309416350679472,-0.07986693734435411
195.95397187126665,0.049120115498740034,0.03874062020951172,1.0766573609551777,1.0639086485365206,-0.06896624360987524,0.06090202478339154,0.045939963926886214,1.266558133087559,1.2589492076541529,-0.08169646479991483
198.1869065058661,0.03769542471347472,0.03962832061962336,1.0819221294111667,1.0881354503344844,-0.0705461881679746,0.06227746853054735,0.04699257626390116,1.274742321416087,1.2875902594169097,-0.08356787751182183
200.44528587646545,0.03664169826182858,0.040536356057399,1.1001026922521646,1.1129109295787443,-0.0721623095743637,0.058412409303968814,0.048069298897522414,1.3023262350743896,1.3168789851323686,-0.08548213330252387
202.7293999309118,0.03444067037984796,0.0414651920865785,1.1161963794156602,1.1382474023205587,-0.07381543536526752,0.047119955168067405,0.049170683712470784,1.3451388535402136,1.3468298937588363,-0.08744021184821033
205.03954192106593,0.041287304739306606,0.04241530491757689,1.1412817641598814,1.164157457664518,-0.0755064119685425,0.05872927353418663,0.05029729520900397,1.384753706774657,1.3774578153090449,-0.08944311517469364
207.37600844045213,0.05188166409336533,0.043387181650818896,1.1991512262591169,1.190653963742239,-0.07723610513434148,0.05728075284297925,0.051449710791121483,1.4081057402131045,1.4087779078743838,-0.0914918681654609
209.739099462337,0.044418666996780175,0.04438132052495118,1.2184368465909614,1.2177500738271334,-0.0790054003734891,0.033210482845585886,0.052628521060530876,1.4174257386330376,1.4408056647805108,-0.09358751908017246
212.12911837824254,0.052468196105545616,0.045398231171023165,1.2699907002974768,1.2454592325819427,-0.08081520340769807,0.06621961238272585,0.053834330117090615,1.4644773933155872,1.4735569219227274,-0.09573114008563212
214.54637203689745,0.050659522694136726,0.04643843487240455,1.2831920397920396,1.2737951824332259,-0.08266644062756126,0.07183617749221734,0.05506775586703751,1.5092150323672535,1.5070478652196793,-0.09792382779789109
216.99117078363363,0.071673006861355,0.047502464830551726,1.326495054549195,1.3027719700989575,-0.08456005956377655,0.09154001179428813,0.05632943033737485,1.539402727211146,1.5412950382542199,-0.10016670383794113
219.4638285002293,0.03937402627662608,0.04859086643662344,1.3334046641960988,1.3324039532353553,-0.08649702936616128,0.0851660405229386,0.0576199999973868,1.5505303342030587,1.5763153500501579,-0.10246091539801622
221.9646626452085,0.056477563103003746,0.049704197549824615,1.3752631959920905,1.3627058072494103,-0.08847834129583622,0.076075996136401,0.05894012608803173,1.6036851105330912,1.6121260830143918,-0.10480763582213662
224.49399429459848,0.051543075441696416,0.05084302878111833,1.4099461884237066,1.3936925322422868,-0.09050500922609776,0.04745553099318097,0.06029048495826251,1.6458534647639245,1.6487449010375055,-0.10720806519922028
227.05214818315196,0.056376232399135105,0.05200794378450154,1.4390197363643438,1.425379460104976,-0.09257807015737793,0.05411530715749332,0.061671768409089285,1.6733926245614321,1.686189857747328,-0.10966343096865092
229.63945274603898,0.055331383197709215,0.053199539554057956,1.4579027025332891,1.4577822617643745,-0.09469858474114441,0.06146941287356152,0.06308468404551447,1.7170165166931661,1.724479404937824,-0.1121749885412323
232.25624016101398,0.06821592383097505,0.05441842672796214,1.4906849453820552,1.4909169545836756,-0.09686763781712267,0.05653982373593865,0.06452995563639696,1.7593814991463472,1.7636324011247981,-0.11474402193219971
234.90284639106292,0.08813967305671108,0.055665229899547294,1.5029541420458479,1.5247999099134546,-0.09908633896254501,0.08555552275569918,0.06600832348261479,1.800435832149177,1.8036681203001717,-0.1173718444101031
237.5796112275378,0.08152585860371916,0.05694058793534316,1.567657846749272,1.5594478607999653,-0.10135582305296986,0.08933023964598848,0.06752054479297083,1.8516429572216606,1.8446062608038654,-0.12005979915838273
240.2868783337803,0.06811434231224064,0.05824515430001679,1.5908420990301995,1.5948779098507737,-0.10367725083578236,0.09576977740186594,0.06906739406945835,1.905008063066671,1.8864669543693133,-0.12280925995366415
243.02499528924454,0.08983302023855474,0.05957959738928938,1.6551001715417044,1.6311075372550576,-0.10605180951802723,0.07418580187065667,0.07064966350057555,1.91950811392203,1.9292707753026326,-0.12562163185800673
245.79431363412212,0.07065627357932266,0.060944600869672634,1.6767418169372466,1.6681546089725217,-0.10848071336571302,0.07490564828660214,0.0722681633637765,1.9617980680486906,1.9730387498188138,-0.12849835192668077
248.5951889144752,0.05288673487705283,0.06234086402661636,1.6917195514958276,1.7060373850641626,-0.11096520431656945,0.07268939366802991,0.07392372243698433,2.0085661162799924,2.0177923655046857,-0.13144088993278455
251.4279807278843,0.07422928014228022,0.0637691021199,1.761631125202907,1.7447745282087535,-0.1135065526084823,0.07205994269959222,0.07561718841950885,2.059072905814093,2.0635535809042085,-0.134450749106496
254.29305276961625,0.07683001859157942,0.06523004674746934,1.8010110254686857,1.7843851123376029,-0.11610605741987262,0.06793042836069825,0.0773494283620953,2.113005965428956,2.11034483523215,-0.13752946689253998
257.190772879318,0.050032830698328055,0.06672444621724453,1.80478494033024,1.824888631469011,-0.11876504752544786,0.058590808980271546,0.07912132910713349,2.146169415137161,2.158189058184738,-0.14067861572311402
260.12151308824275,0.05781350826407946,0.06825306592782038,1.8522643478244039,1.8663050086629651,-0.1214848819664538,0.07137192688457157,0.08093379773879808,2.1976583452490854,2.207109679833738,-0.1438998038090786
263.0856496670141,0.043240466958666644,0.06981668875691847,1.8939196977849058,1.9086546051363416,-0.12426695073585042,0.06130844691557665,0.08278776204273208,2.240502234234555,2.2571306406173584,-0.1471946759483145
266.0835631739345,0.04324117232537391,0.07141611545958086,1.9334139233048298,1.9519582295358493,-0.12711267547938293,0.07874862297550829,0.08468417097663997,2.314765920844407,2.308276401344761,-0.15056491435229893
269.1156385038443,0.07824369426332853,0.07305216507460748,2.0148457985922104,1.9962371473170633,-0.13002351021154301,0.08659834297187326,0.08662399515167979,2.373149767022037,2.360571953267695,-0.15401223949036455
272.1822649375374,0.06657046213309345,0.07472567534064287,2.04283994006083,2.0415130903007457,-0.13300094204751692,0.08697027636919481,0.08860822732406862,2.4267376597910215,2.4140428281059796,-0.1575384109546168
275.28383619174,0.053905842646847134,0.07643750312130243,2.071714100774667,2.0878082663061956,-0.13604649195256202,0.0951600458910364,0.09063788289792993,2.4825650988957997,2.468715108087756,-0.16114522834206957
278.42075046965914,0.06803794609733091,0.07818852484041283,2.1189246196467533,2.135145368923848,-0.1391617155072608,0.08907744320119244,0.09271400044022535,2.535125376271964,2.524615435861124,-0.1648345321573857
281.5934105121068,0.0768573781521503,0.07997963692615565,2.151438492738441,2.1835475873769083,-0.14234820368941103,0.09418749192855609,0.09483764220597635,2.574508890473608,2.5817710243338974,-0.16860820473568233
284.8022236492069,0.08223621579687398,0.08181175626650922,2.2092144949180366,2.2330386164589346,-0.1456075836748371,0.09902747983146094,0.09700989467645835,2.622802532493847,2.6402096663085564,-0.17246817118604196
288.0476018526915,0.0900002416425941,0.08368582067379518,2.261104288494426,2.283642666537462,-0.14894151965452299,0.10385430701831817,0.09923186910886281,2.6763863914912958,2.699959743900189,-0.17641640035492984
291.3299617887926,0.09840585944923705,0.08560278936036934,2.3471322789649847,2.3353844736040523,-0.1523517136710807,0.08801488271019205,0.10150470209838502,2.766690246858014,2.7610502376402284,-0.180454905812482
294.64972487173793,0.10409834141509963,0.08756364342470103,2.396735757874197,2.388289309310533,-0.15583990647320728,0.09571742067986629,0.10382955615325297,2.8254079149132374,2.8235107352201316,-0.1845857468598291
298.00731731785345,0.09038316713357228,0.0895693863487482,2.434697319564531,2.4423829910264097,-0.1594078783896133,0.09887749824406074,0.1062076202823068,2.8767467407248923,2.8873714397231427,-0.18881102955859344
301.4031702002858,0.09185932141800487,0.0916210445060687,2.4866517840269946,2.4976918917979924,-0.16305745022181428,0.10979097317274063,0.10864011059601665,2.9605570915098185,2.952663177323968,-0.1931329077840946
304.83771950434596,0.08479287705123392,0.09371966768169301,2.5371254498553384,2.554242950242399,-0.16679048415751352,0.10383843217832452,0.11112827092106821,2.997514175812045,3.0194174042417705,-0.1975535843006709
308.3114061834848,0.10016209466182988,0.09586632960394653,2.612560504153169,2.6120636802836827,-0.17060888470397506,0.11360587255354355,0.11367337342806422,3.0779574982929554,3.0876662128740944,-0.2020753118616464
311.82467621590536,0.08711631662788152,0.09806212848733821,2.667392365609855,2.671182180675657,-0.17451459964167496,0.10835366410954324,0.11627671927457353,3.121849021834326,3.1574423369388755,-0.2067003943341198
315.3779806618223,0.08677237012434555,0.10030818758877799,2.7402821517563787,2.731627144278594,-0.1785096209999703,0.11464220721555458,0.11893963926109671,3.2015979267041836,3.22877915542278,-0.21143118784717554
318.9717757213706,0.08010716645347168,0.10260565577542778,2.792162105370849,2.79342786697248,-0.18259598605398805,0.10296377583698098,0.12166349450292886,3.2990286333225627,3.301710695130169,-0.21627010196647928
322.606522793177,0.0873703112100713,0.10495570810578726,2.8762241014947563,2.856614256162022,-0.18677577834366565,0.11087326286464867,0.12444967711671548,3.3857224760942572,3.3762716316360124,-0.2212196008949026
326.2826885335981,0.06736498225440032,0.10735954642367344,2.888091482143013,2.92121683872628,-0.19105112871496516,0.12664196744551834,0.12729961092182918,3.449083656474093,3.4524972883179164,-0.22628220469913599
330.00074491663247,0.08275369492968951,0.10981839996541314,2.9710046154729675,2.9872667683604415,-0.19542421638547924,0.12960482242869428,0.13021475215823528,3.5313082441540957,3.530423633171249,-0.23146049056351922
333.7611692945168,0.09491573070271139,0.11233352598094681,3.0473571614645323,3.0547958321121755,-0.19989727003195273,0.1410883367483675,0.13319659022011357,3.6082110243012893,3.6100872730890874,-0.2367570940720084
337.5644444590117,0.09027714585688815,0.11490621036886903,3.1250211244350456,3.123836456027809,-0.20447256890328158,0.1281668170395933,0.13624664840560027,3.685828106210336,3.691525445170508,-0.24217471051774203
341.41105870338663,0.09836878066547991,0.11753776832507976,3.188811195812704,3.194421709685038,-0.2091524439569918,0.14857765033610068,0.13936648468389187,3.770057122881863,3.774776004558302,-0.24771609624149832
345.3015058851099,0.11684538009759957,0.12022954500682732,3.2707175612975696,3.266585309449094,-0.21393927902191187,0.1557297492293814,0.14255769247853,3.8581409375454414,3.8598774084003855,-0.25338407000042146
349.23628548925467,0.13422444330241343,0.12298291621137443,3.34908618151357,3.340361620225256,-0.21883551198586923,0.1500739476068291,0.1458219014696963,3.9477158055407835,3.946868695191879,-0.2591815143656716
353.2159026926259,0.12565808502954776,0.12579928906930835,3.4244863613825167,3.415785655427218,-0.2238436360091941,0.15937654364147466,0.14916077841259182,4.049761960261504,4.035789458904848,-0.26511137715168864
357.24086842861936,0.13660534941423594,0.12868010275415484,3.5109718735244577,3.492893074916518,-0.2289662007670171,0.1501840964437979,0.15257602797527872,4.111899165138116,4.126679817119647,-0.27117667287666175
361.31169945281874,0.12740439799149814,0.13162682920731483,3.592245980823307,3.571720180541791,-0.23420581371596516,0.156965048291928,0.15606939359530908,4.23675190120067,4.2195803722136125,-0.2773804842551014
365.4289184093409,0.13459703376916674,0.13464097387960525,3.662004302786549,3.6523039089041918,-0.23956514139130525,0.15334655074431122,0.1596426583543248,4.344105788184843,4.314532164660188,-0.2837259637222823
369.5930538979366,0.14883739054626619,0.13772407648906834,3.740977219575125,3.7346818209383272,-0.24504691073165774,0.14294405398401874,0.1632976458732449,4.414654025210838,4.411576617224019,-0.2902163349941296
373.80464054185654,0.14905226477003838,0.14087771179585618,3.834191437227215,3.818892087796193,-0.25065391043248475,0.14356575746498354,0.16703622122694256,4.517459766689381,4.510755468794497,-0.2968548946587838
378.06421905648983,0.14610474932318093,0.14410349039445433,3.918161664203115,3.904973472476459,-0.2563889923304333,0.16162158222426168,0.17086029187906163,4.62337302188635,4.612110696281917,-0.30364501380542724
382.37233631878564,0.1448176161309774,0.14740305952342717,3.9988157795369084,3.992965306538019,-0.2622550728173154,0.1658685266359858,0.1747718086382752,4.717718175340236,4.715684422938457,-0.31059013968688787
386.72954543746465,0.1565328281820125,0.15077810389338853,4.1024203443711205,4.0829074612252345,-0.2682551342848038,0.16131937382105452,0.17877276663488803,4.829854955539506,4.821518811097556,-0.3176937974198536
391.136405824033,0.15785715519276197,0.15423034653352896,4.1762836977124564,4.174840312073903,-0.2743922266026154,0.1736448071900136,0.18286520631982328,4.950306276053778,4.929655937122074,-0.32495959172164157
395.59348326460156,0.15846968616469356,0.1577615496565184,4.251866976026625,4.268804696146031,-0.28066946862667286,0.17705871680771398,0.1870512144857814,5.056504202965739,5.040137646078082,-0.33239120868531435
400.1013499925272,0.15123187452368678,0.16137351554346197,4.326478796386347,4.364841860727648,-0.28709004974270924,0.18315198686300224,0.1913329253104843,5.131757735386728,5.153005383159969,-0.33999241759282495
404.6605847618803,0.16294675499506214,0.16506808744770463,4.476891234615971,4.462993402299287,-0.2936572314422674,0.19659648987750675,0.1957125214236473,5.269285475732875,5.268299998689253,-0.34776707276898405
409.2717729217492,0.1825978954513182,0.16884715051947763,4.591294407720838,4.563301194359682,-0.3003743489332419,0.20801788957734832,0.2001922349971749,5.386657476529955,5.386061522894683,-0.35571911547499946
413.9355064913921,0.1556158730568725,0.1727126327506295,4.667332504816546,4.6658073024552165,-0.3072448127867461,0.20476553808513184,0.20477434885994283,5.522189513694361,5.50632890627144,-0.36385257584305025
418.65238423624453,0.16171632489322393,0.17666650594038075,4.730543959984926,4.770553884654757,-0.3142721106189107,0.21205682054170236,0.20946119763686288,5.616901580292334,5.629139720725709,-0.37217157485431085
423.4230117447948,0.1701519319089527,0.1807107866832239,4.894222845048178,4.87758307531911,-0.32145980881001135,0.2196770487317765,0.2142551689132616,5.766154572992557,5.7545298160110026,-0.3806803263585015
428.2480015063317,0.18149517105991672,0.18484753737761347,4.984977996666677,4.986936849803196,-0.3288115542615494,0.2290720240894115,0.21915870442509283,5.888948481562878,5.882532925375353,-0.38938313913875894
433.1279729895824,0.1749716939135396,0.18907886725789197,5.124262578217719,5.098656867409318,-0.3363310761903346,0.22168774939304978,0.22417430127544993,5.999402959442785,6.013180213389951,-0.39828441902040246
438.0635527222436,0.20480240380315204,0.19340693344885246,5.255518273857742,5.2127842894727126,-0.3440221879639008,0.25282691859660184,0.22930451317772385,6.152935138591721,6.146499758147249,-0.4073886710266636
443.0553743714205,0.22750753047332703,0.1978339420436154,5.342688818060115,5.32935956910819,-0.3518887889735579,0.24478896811502235,0.23455195172650434,6.29590468355204,6.282515958975249,-0.4167005015800495
448.1040788249812,0.21169770302894295,0.20236214920575318,5.44397638697345,5.448422208617432,-0.35993486655054946,0.25901759862601076,0.23991928769632243,6.425357277608596,6.421248859799549,-0.4262246207530417
453.2103142738392,0.2132127696665481,0.20699386229488334,5.575449163430665,5.570010480043735,-0.3681644979223552,0.2636517460778031,0.24540925236912742,6.56976556358334,6.5627133770682455,-0.4359658445657933
458.3747362951728,0.21288442971355112,0.2117314410185735,5.693018026419402,5.694161103740079,-0.37658185221254237,0.26659461062839335,0.2510246388909489,6.70110322848339,6.7069184199307905,-0.44592909733625924
463.5980079365932,0.20367141454361212,0.2165772986083132,5.819635132223572,5.82090887917023,-0.38519119248349065,0.2534663564206007,0.2567683036582517,6.851117788280055,6.853865889088033,-0.4561194140783672
468.8807998012715,0.19900682877568018,0.2215339030226472,5.9094545990502425,5.950286261323087,-0.393996877825046,0.2722477507970013,0.2626431677353751,7.00294836356465,7.003549539318915,-0.4665419429555339
474.2237901340358,0.2075113244467047,0.22660377817571423,6.049760759724013,6.082322875392765,-0.40300336548589194,0.2905277198049718,0.268652218302587,7.16850957096206,7.155953689419134,-0.47720194778439445
479.6276649084495,0.2109547299385571,0.23178950519424796,6.185802024041232,6.217044961328973,-0.41221521305471087,0.26898675944325817,0.27479851013583806,7.310824866675507,7.311051761864916,-0.48810481059491184
485.09311791488165,0.21783402112751768,0.23709372370137013,6.37456754004711,6.354474738897039,-0.4216370806859292,0.2859403560858362,0.2810851671200069,7.483085820447469,7.4688046335581895,-0.4992560342451301
490.62085084958113,0.21202170380710536,0.2425191331286737,6.486226084031674,6.494629682755747,-0.43127373337527136,0.3039464475428521,0.2875153837940385,7.621482139858486,7.629158777932458,-0.5106612450931116
496.21157340476566,0.2236991303964689,0.2480684940578367,6.632368459096872,6.637521695844169,-0.4411300432845838,0.2979750309919759,0.29409242693116766,7.802829310293516,7.792044178336689,-0.5223261957261591
501.8660033597374,0.25391771454726914,0.2537446295915483,6.754895710182879,6.783156168129969,-0.45121099211686766,0.29678622117062375,0.30081963715280635,7.953945873209195,7.957371992710788,-0.5342567677503262
507.5848666730372,0.2553332126909374,0.25955042675402573,6.946465245483271,6.931530906364619,-0.46152167354341167,0.30939610748355734,0.307700430578604,8.106298746386628,8.125031950705308,-0.546458974638824
513.3688975756481,0.25457220209699144,0.26548883792333045,7.065817103966037,7.08263491920426,-0.4720672956822792,0.31076384767309023,0.3147383005123896,8.287431911368374,8.294889466508488,-0.5589389646441522
519.2188386652617,0.28370653223599646,0.2715628822944016,7.235514774236895,7.236447040689913,-0.4828531836329836,0.3357172889279593,0.32193681916463346,8.448856583364316,8.466782454906834,-0.571703023771337
525.1354410016197,0.29903117303272025,0.2777756473746883,7.468742869507439,7.3929343738458755,-0.49388478206345165,0.3208520733559312,0.3292996394131831,8.635781585651296,8.640517844068867,-0.5847575788171836
531.1194642029382,0.29471558874020537,0.28413029051237587,7.544401210189836,7.552050535232562,-0.5051676578552654,0.3464192942910029,0.3368304966021365,8.81760824700969,8.815867787848351,-0.5981092004750167
537.171676543435,0.2991986472787718,0.2906300404580889,7.676237856376584,7.713733680310653,-0.5167075028049786,0.34076346825087506,0.3445332103803678,9.003744940249168,8.992565593122304,-0.611764606506279
543.2928550519661,0.29246934705573074,0.2972781989616078,7.83168931593973,7.877904289720032,-0.5285101363842658,0.3447119674379661,0.35241168657959454,9.164262067790268,9.170301394981307,-0.6257306649815965
549.4837856117862,0.29040301908146865,0.3040781424021353,8.056167068582482,8.04446269674932,-0.5405815085608481,0.34945969830946816,0.3604699191343453,9.342800241942337,9.3487176353321,-0.6400143975912677
555.7452630614462,0.30268767266926694,0.31103332345581985,8.197859680683163,8.213286338147917,-0.5529277026789645,0.37374365529513803,0.36871199204293986,9.52387584939539,9.527404429642834,-0.6546229830292377
562.0780912968429,0.29808567816595427,0.31814727279887683,8.415771425966257,8.38422671357234,-0.5655549384040601,0.3859418373007199,0.37714208137197286,9.739201110021392,9.705894942660493,-0.6695637604481091
568.4830833744253,0.3195655267756357,0.32542360084820565,8.56654218093001,8.557106043856608,-0.5784695747295899,0.3972332973168819,0.38576445730413744,9.903847681108184,9.8836609378285,-0.6848442329920602
574.9610616155837,0.3285425470093169,0.33286599954008533,8.712582313900835,8.731713626177864,-0.5916781130506779,0.41516511274246576,0.39458348623051165,10.052822438214934,10.060108716216876,-0.7004720714038084
581.512857712225,0.33618956621691815,0.3404782441482137,8.863290608481355,8.90780189493803,-0.6051872003029056,0.42934915422630987,0.40360363288893025,10.231733200347923,10.23457571845357,-0.7164551177114638
588.139312833551,0.36060313213720746,0.3482641951402482,9.075363787779649,9.085082212285876,-0.6190036321707348,0.43532602840891926,0.4128294625485851,10.413785450177208,10.406328124607512,-0.732801388995577
594.8412777340549,0.36146424092148904,0.3562278000764816,9.270459025455692,9.263220432239905,-0.6331343563641036,0.4423263565810999,0.42226564324216753,10.617057762721009,10.574559848275587,-0.7495190812373576
601.6196128627471,0.35303352949626216,0.36437309554879943,9.421036486337101,9.44183230833733,-0.6475864759667688,0.46748345103958194,0.43191694804679115,10.75741776514063,10.738393375514566,-0.7666165732513712
608.4751884736261,0.36117692131212414,0.37270420916245495,9.625310969271924,9.620478847351988,-0.6623672528578329,0.4560223828938523,0.4417882574143729,10.90011789681323,10.896882937985534,-0.7841024307032014
615.4088847374088,0.36989170222384465,0.38122536156075404,9.788067473111372,9.798661751936471,-0.6774841112065078,0.45554459192245894,0.4518845615526703,11.057359809649496,11.049020520768888,-0.8019854102154916
622.4215918545331,0.3804831551774888,0.3899408684945874,9.959255944910895,9.97581914256207,-0.6929446410434769,0.46389494493107514,0.4622109628584215,11.184647351738986,11.193745175434401,-0.8202744635623216
629.5142101694481,0.3949812352281337,0.3988551429358642,10.129255627118935,10.151321804018998,-0.7087566019094731,0.46954591036557475,0.4727726784024975,11.313342305771661,11.32995602387073,-0.8389787419568696
636.6876502862085,0.3980184091544586,0.4079726972382257,10.353683774238593,10.324470261663903,-0.7249279265840662,0.4920754009398977,0.4835750424705326,11.46808303075091,11.456529185909286,-0.8581076004303005
643.9428331853834,0.4084523980789501,0.4172981453439534,10.507846589522595,10.494493054737719,-0.741466724893973,0.49134284381776155,0.49462350915706893,11.555771604613993,11.572338636508462,-0.8776706023085002
651.2806903422996,0.4170906361832379,0.4268362050393288,10.661666205358447,10.660546632687172,-0.7583812876054992,0.5036985138214083,0.5059236550174983,11.657709175999996,11.676280698499378,-0.8976775237855207
658.7021638466314,0.42284197383317085,0.4365917002589679,10.81863769675472,10.82171734799951,-0.7756800904012593,0.5124080224572773,0.517481181776492,11.756614023504149,11.767301519442183,-0.9181383585968667
666.2082065233525,0.4280657455178363,0.44656956344017973,11.01334949285446,10.97702604490587,-0.79337179794375,0.5169880955413519,0.5293019190961525,11.843892097303462,11.844426496832927,-0.9390633227958862
673.799782055068,0.439104841443925,0.4567748379285788,11.123763853443805,11.125435734897994,-0.8114652680271534,0.5275851452600457,0.5413918274033512,11.89016744135487,11.906790250157606,-0.9604628596344656
681.4778651057385,0.46441877112982005,0.467212680436137,11.286599355057678,11.265862793028296,-0.8299695558198174,0.5622701811607997,0.553757000779711,11.952931721956167,11.953665448103925,-0.9823476445496848
689.243441445814,0.4615741131738818,0.4778883635523029,11.380263940319036,11.397191990111974,-0.8488939181994009,0.5743604204464743,0.5664036699129555,11.968540748271316,11.984488642785484,-1.004728590261228
697.0975080787985,0.500170690963936,0.4888072783103211,11.515503757868569,11.518295484838692,-0.8682478181826396,0.582415323376704,0.5793382051132018,11.977631677522178,11.998881288507683,-1.0276168519795752
705.041073369247,0.48563814854449944,0.4999749368084214,11.6011622101205,11.62805563381593,-0.8880409294518292,0.6107360463116771,0.5925671193947756,11.990602143484045,11.996664355086292,-1.051023832728863
713.0751571722311,0.5214938978315423,0.5113969748886175,11.735051560677793,11.725391144871068,-0.908283140980219,0.6366652621795568,0.6060970716245815,11.976995519527925,11.977865376740278,-1.074961188786251
721.2007909642747,0.5278270962307982,0.5230791548736367,11.812893290320947,11.809285722745408,-0.9289845617589856,0.6451559203800004,0.6199348697391234,11.927234474003123,11.942717362362753,-1.0994408352404212
729.4190179757824,0.5308862467419914,0.5350273683629493,11.840260282811764,11.878817974952835,-0.9501555256274963,0.6642120501229465,0.6340874740313858,11.902268774925558,11.891649656564883,-1.1244749516727481
737.7308933249774,0.5443488374310664,0.5472476390896492,11.906018857002502,11.933191012005732,-0.9718065962083849,0.67184668824345,0.6485620005090806,11.85380514134056,11.825271492122926,-1.1500759879618312
746.1374841533653,0.5543716834511055,0.5597461258396754,11.929526592096382,11.971759948531968,-0.9939485719526396,0.6832536181607922,0.6633657243261427,11.7521398958959,11.74434952466449,-1.1762566702161443
754.6398697627445,0.5923583874928674,0.5725291254339786,12.006782499938577,11.99405544560433,-1.016592491293794,0.7087686421867383,0.6785060832884927,11.646145143724096,11.649781021637068,-1.2030300068362205
763.2391417537704,0.6124095642975579,0.5856030757757187,12.01132235763018,11.999801566799189,-1.0397496379159636,0.7134746412015909,0.693990681436512,11.536319655804423,11.542564554540718,-1.230409294709266
771.9364041661066,0.6251466039304677,0.5989745589634697,12.015198318962398,11.988926559865792,-1.0634315461359414,0.7228473048161257,0.7098272927052904,11.427815587721108,11.423770017096617,-1.258408125538214
780.7327736201693,0.6388405169700103,0.6126503044725979,11.981037294176877,11.961565694747227,-1.0876500064065373,0.7259655275249643,0.7260238646642719,11.301601125013756,11.294509594764692,-1.2870403923104017
789.6293794604869,0.655949811501268,0.626637192404929,11.933842477266097,11.918055925351322,-1.1124170709361711,0.745665072600177,0.7425885223392179,11.161188346832214,11.15591099489773,-1.3163202959050693
798.6273639006948,0.6634555131992407,0.6409422568093615,11.832680238135781,11.858922811287114,-1.1377450594360832,0.7567692777087609,0.7595295721165825,11.00920158345111,11.00909387101087,-1.346262351843874
807.7278821701804,0.6715334751046015,0.6555726890753738,11.78980069797797,11.784860744503387,-1.1636465649899312,0.7653092225970448,0.776855505733482,10.873393588349165,10.855149993535747,-1.376881397188643
816.9321026624007,0.679850779188698,0.6705358413990725,11.700870130292982,11.696707994500041,-1.1901344600545167,0.7958694292642379,0.794575004355118,10.685353553735792,10.695127374995897,-1.4081925975850573
826.2412070848893,0.6793217039795131,0.6858392303256702,11.583738833720908,11.595418362599526,-1.2172219025897344,0.7939192464690572,0.8126969427404706,10.529376390808865,10.530018276141753,-1.4402114544579738
835.6563906109734,0.7069410821829066,0.7014905403686866,11.44355581305858,11.482031304511708,-1.2449223423237403,0.8008209345416117,0.8312303934999135,10.321724060047831,10.36075081244414,-1.47295381235869
845.1788620332188,0.7290767608631391,0.717497627707609,11.339767773783304,11.357642259388449,-1.2732495271539814,0.8237217997792461,0.8501846314449446,10.177769274157878,10.188183746693912,-1.5064358664677453
854.8098439186238,0.7510872485565286,0.73386852396697,11.235835500753847,11.223374657128229,-1.3022175096883981,0.8366158688785565,0.869569138034024,9.9901613421887,10.0131039844109,-1.5406741702522178
864.5505727655817,0.7622535450037574,0.7506114400767873,11.085047864577811,11.080354721204218,-1.3318406539261542,0.8682053803992955,0.8893936059154128,9.824737818181127,9.836226271098102,-1.5756856432831952
874.4022991626323,0.7741853675342781,0.7677347702181198,10.89812563489534,10.92968979945968,-1.3621336420857713,0.8977764907633785,0.9096679435696402,9.64239778638004,9.658194610139537,-1.6114875792115453
884.3662879490211,0.7856360454282519,0.7852470958539638,10.730998635183507,10.772450589202956,-1.3931114815775345,0.9128753161738812,0.9304022800534162,9.45266345535699,9.479584963991632,-1.6480976539029766
894.4438183770893,0.8219376615545876,0.8031571898485034,10.587452010880687,10.60965730894052,-1.424789512126822,0.9545599720129496,0.9516069698483556,9.289120149673119,9.300908858315154,-1.6855339337358304
904.6361842765143,0.8356264907526206,0.8214740206765397,10.429698579707253,10.442269625893946,-1.4571834130479613,0.9744464463655118,0.9732925978154948,9.125657507573969,9.122617570632727,-1.723814884058128
914.9446942204207,0.8569733145550597,0.8402067567247131,10.298637500465025,10.271179980325973,-1.49030921067185,0.9643129061292723,0.9954699842591879,8.957631909071843,8.945106645829497,-1.762959377804919
925.3706716933845,0.875479926814727,0.8593647706865353,10.08482265947317,10.097209849132652,-1.5241832859299493,1.0006263349021525,1.018150190101899,8.765077689662391,8.768720536938035,-1.802986704275325
935.9154552613551,0.8820764688606285,0.8789576440546809,9.934007680624767,9.921108450670953,-1.55882238209422,1.0274315814504982,1.0413445221728788,8.557957212425853,8.593757218856744,-1.8439165780654392
946.5803987435057,0.9052248813899361,0.8989951717102118,9.741356557115601,9.743553396406224,-1.594243612677451,1.040651217507431,1.0650645386134439,8.403078966271208,8.42047266449708,-1.885769148156463
957.3668713860501,0.9047969190688402,0.9194873666136107,9.562144245549836,9.565152828740635,-1.6304644694908954,1.0840974625577624,1.089322054400682,8.251742867041282,8.2490851070432,-1.9285650071513074
968.2762580380361,0.9318572451556818,0.9404444645986323,9.36954153467994,9.386448636326802,-1.6675028308660413,1.1056616220494815,1.114129146992809,8.058413078133805,8.079779039364896,-1.9723252006569307
979.3099593291428,0.9428961162487223,0.961876929270201,9.185846131353925,9.207920398639825,-1.7053769700331278,1.132897768030707,1.1394981620992657,7.88805493208128,7.912708922870733,-2.0170712368048944
990.4693918495043,0.9601090370030437,0.9837954570117808,9.057619052109606,9.029989773413137,-1.7441055636636493,1.1621413440501962,1.1654417195764286,7.740070282452491,7.748002594039484,-2.062825095900446
1001.7559883315811,0.987478620579051,1.006210982100917,8.847065339539009,8.853025099300408,-1.7837077005703306,1.2100754832084861,1.1919727194538337,7.593618918532231,7.585764368682973,-2.1096092401923614
1013.1711978341091,1.0157972391171326,1.0291346819384317,8.676847694983948,8.677346038738795,-1.8242028905654009,1.240104437076109,1.2191043480919816,7.448330050804897,7.426077852190806,-2.157446623751015
1024.716485928135,1.0717829872500142,1.0525779823923216,8.502447330389407,8.503228131422047,-1.8656110734759048,1.265277567034184,1.246850084475757,7.291197695484117,7.2690084696794575,-2.206360702436576
1036.3933348851806,1.097172393130727,1.0765525632589616,8.282265253289284,8.33090716663054,-1.9079526283086512,1.2890756625658122,1.2752237066444352,7.110376273115607,7.11460573337952,-2.2563754439449455
1048.2032438675485,1.1029478747251267,1.1010703638446921,8.16732524348043,8.160583313138863,-1.9512483825642861,1.3118310061016645,1.3042392982628388,6.951158239356882,6.962905266563978,-2.3075153379075473
1060.1477291207946,1.1320212423467793,1.126143588669885,8.013884845056342,7.992424969544175,-1.995519621691745,1.3303806031927612,1.3339112553350763,6.8078304859651695,6.813930604122288,-2.359805406019385
1072.2283241683956,1.1433532101082433,1.1517847132988286,7.789471216213061,7.82657231620415,-2.040788098677908,1.354264788244915,1.3642542930637065,6.660439995221653,6.667694789783928,-2.4132712121713147
1084.4465800086346,1.1761744460935228,1.1780064902970906,7.667413088655707,7.6631405636446095,-2.087076043760548,1.3815720903827307,1.3952834528573521,6.503868509631021,6.524201789454361,-2.467938872548266
1096.8040653137298,1.2082290980650987,1.2048219553204855,7.529697580519404,7.502222902152274,-2.134406174256272,1.3964087068985547,1.4270141094882827,6.361906046477138,6.383447739127893,-2.523835065658548
1109.3023666312324,1.2310872076430732,1.232244433336772,7.403366892804737,7.343893164063179,-2.182801704487254,1.4397231602656395,1.4594619784033112,6.237476492732576,6.245422044628937,-2.580987042244845
1121.9430885877196,1.2672745326423966,1.2602875449835644,7.233612375293733,7.188208214655562,-2.232286355792935,1.4802620238157898,1.492643123189243,6.082146953348637,6.1101083491653085,-2.6394226350297694
1134.7278540948093,1.3010141159565924,1.2889652130659133,7.071660770559141,7.03521009017273,-2.282884366606411,1.5105290070025086,1.5265739631954682,5.955511012376048,5.977485383257748,-2.6991702682319567
1147.658304557521,1.3631795585959028,1.3182916691946533,6.909938159207355,6.884927902846575,-2.33462050257182,1.5675821864376773,1.56127128131528,5.85201156315023,5.847527710350912,-2.760258966783881
1160.7361000850121,1.3391930529581837,1.348281460569305,6.754909212940049,6.73737953301739,-2.3875200666800946,1.605161414907698,1.5967522319272542,5.718154561371909,5.7202063800332725,-2.8227183651729852
1173.9629197037154,1.4064549826448636,1.3789494569070633,6.591378083053144,6.592573128158956,-2.441608909386277,1.64205640387029,1.6330343489978258,5.60667241400626,5.595489499619682,-2.8865787158126146
1187.3404615729053,1.417860394693559,1.410310857522454,6.421559405906031,6.450508427774873,-2.4969134386774026,1.676435361760827,1.6701355543462229,5.485864353519638,5.473342733729121,-2.9518708968375096
1200.8704432027198,1.443548456799148,1.4423811985570132,6.28693152536388,6.311177932020269,-2.553460630046534,1.7060379121498686,1.7080741660715346,5.362268071733427,5.353729740371202,-3.0186264192020595
1214.5546016746684,1.4722246484809232,1.4751763603638155,6.19169516934981,6.174567930640733,-2.611278036325064,1.7413162875883772,1.7468689071416819,5.244817242064814,5.23661255119004,-3.0868774329457223
1228.3946938646504,1.497954661127418,1.5087125750474488,6.050512573348406,6.040659407508546,-2.6703937973156138,1.789217667452595,1.7865389141440493,5.113185103587087,5.121951902570593,-3.1566567324603194
1242.3924966685165,1.5611830836534628,1.5430064341621983,5.9247008018272425,5.909428834605603,-2.730836649162347,1.823752877415339,1.8271037461951758,5.01924527423302,5.009707523599789,-3.2279977605844703
1256.5498072302037,1.5785698342557437,1.5780748965690834,5.7925261133972725,5.780848868065966,-2.7926359333838873,1.8727347175690647,1.8685833940080636,4.911376661413504,4.899838386124962,-3.300934611312099
1270.868443172459,1.6336630493033566,1.6139352964542828,5.659763476156261,5.654888957602397,-2.855821605481112,1.9099841731402092,1.9109982891125994,4.803465010917808,4.792302921558366,-3.375502030877901
1285.3502428302047,1.6505680050371316,1.6506053515089607,5.525626009887045,5.531515879420401,-2.9204242430214666,1.9586317706120349,1.954369313225385,4.695602416186036,4.687059208533323,-3.4517354169516077
1299.9970654865576,1.6809983528556904,1.6881031712709995,5.381018572766003,5.41069420170626,-2.9864750530897926,1.991733839294305,1.9987178077622083,4.591320750149984,4.584065134990397,-3.5296708156247893
1314.8107916115355,1.7286871419821888,1.7264472656297807,5.285353329591306,5.292386690722147,-3.0540058789682756,2.050909132823015,2.0440655834862707,4.500290894354304,4.483278537877356,-3.6093449158408655
1329.7933231034872,1.7500814085543228,1.7656565534921975,5.171908003984516,5.1765546646523255,-3.123049205904323,2.10568140975619,2.090434930282691,4.4065238960705315,4.384657323235187,-3.6907950408613077
1344.9465835332762,1.786545905790428,1.8057503716090173,5.094653621129051,5.063158301523455,-3.1936381657915165,2.1470302636586367,2.1378486270477253,4.28765017062668,4.288159569120927,-3.774059136306639
1360.2725183912366,1.8228459309525002,1.8467484835604524,4.966446334796604,4.95215690680146,-3.265806540567861,2.201152577618609,2.186329951679792,4.189648827517873,4.193743613511962,-3.859175754245207
1375.7730953369546,1.8946775119823,1.8886710888966283,4.798764659939973,4.843509145571918,-3.3395887641116655,2.2647682790980084,2.2359026911553617,4.108755474522509,4.1013681290755235,-3.9461840327299234
1391.45030445189,1.9512010329442548,1.9315388324298017,4.725157073833916,4.737173243685675,-3.415019922376899,2.301864987087464,2.2865911516705877,3.9948066086982963,4.010992186458818,-4.035123670095116
1407.3061584948778,2.0146510696304483,1.9753728136732804,4.669590400706298,4.633107161659652,-3.492135751478411,2.333153396923858,2.338420168826781,3.932798183756827,3.922575307552228,-4.126034893233166
1423.3426931605427,2.0219956778219577,2.020194596419214,4.604702444858033,4.531268744730214,-3.570972633394339,2.3779501640967573,2.3914151178306313,3.8411525889600946,3.836077509998238,-4.218958418956612
1439.5619673406559,2.0450210359753513,2.0660262184484988,4.458546927787724,4.431615852007026,-3.6515675889047463,2.435125260068902,2.4456019236815028,3.761018011601705,3.7514593440534334,-4.313935407432573
1455.9660633884707,2.1083879672523964,2.112890201361441,4.328764260960636,4.334106467330435,-3.733958267334075,2.494049639465348,2.501007071305359,3.660881719261584,3.668681922807112,-4.41100740652306
1472.5570873860722,2.147488486372025,2.1608095605172837,4.219029527580105,4.238698794116211,-3.8181829326035883,2.5605241878932534,2.557657615596236,3.5853610966758898,3.5877069465829936,-4.51021628571438
1489.3371694147713,2.1977425145193643,2.2098078150679106,4.165357707273625,4.145351336192181,-3.904280445028046,2.622212937804576,2.6155811913141753,3.5042196507163603,3.5084967223100176,-4.611604158123945
1506.3084638285807,2.27375823460093,2.2599089980675187,4.027974162701058,4.0540229663966185,-3.992290238211631,2.688833189951809,2.6748060227831365,3.433561824985335,3.4310141784947854,-4.715213288866411
1523.4731495308065,2.3041487221046553,2.311137666638486,3.924478061444491,3.964672984473902,-4.082252290313536,2.7280745086090277,2.7353609333241162,3.347716639414726,3.355222876398436,-4.821085987821213
1540.8334302537944,2.3576962126894494,2.3635189121671645,3.855806925133738,3.8772611656217797,-4.174207088838821,2.7927026383332385,2.7972753543466404,3.287996803703337,3.281087017904341,-4.929264484569688
1558.391534841859,2.3939539540972015,2.4170783705021988,3.7967561044496065,3.7917478008914536,-4.268195588005333,2.868765983330334,2.860579334012743,3.217259550419023,3.2085714505428187,-5.039790782956811
1576.1497175374416,2.462688331341232,2.471842232121613,3.7145576479279114,3.7080937304672816,-4.36425915759289,2.913042655486437,2.9253035453730316,3.140016940565394,3.1376416700421164,-5.1527064923902675
1594.1102582705255,2.5247228690062937,2.527837252228036,3.6483093694291124,3.6262603707584526,-4.462439522034564,3.0033928198550313,2.991479293859612,3.0779840659775553,3.0682638207629465,-5.26805263257876
1612.2754629513522,2.592539766311598,2.5850907607284594,3.56812916007447,3.54620973608857,-4.562778688333582,3.057237822485296,3.0591385240055806,2.9869998735288648,3.0004046943101925,-5.385869407968096
1630.6476637664705,2.6421418892806803,2.643630672044492,3.468838789472354,3.467904455698536,-4.665318861190334,3.125103979854161,3.1283138252393345,2.9393697523059985,2.934031726581459,-5.506195947623103
1649.2292194781585,2.709666621073812,2.7034854946929516,3.4002415865537206,3.3913077866721633,-4.770102343501117,3.2012891590747095,3.1990384365808655,2.8744459052871734,2.8691129934865978,-5.629070005722754
1668.022515727267,2.749535406175197,2.7646843405661823,3.3207116553822136,3.31638362333116,-4.877171420129347,3.2701830219652943,3.271346250044243,2.818034198311999,2.8056172055340407,-5.754527617199651
1687.0299653394954,2.7984726528141715,2.82725693383166,3.249422208419034,3.2430965035667314,-4.986568222563495,3.343410087281883,3.3452718125187832,2.7496892044901746,2.743513701465459,-5.882602702322675
1706.2540086351753,2.8470752574468556,2.89123361935782,3.1653375898632596,3.171411612532001,-5.09833457174148,3.423716770362604,3.4208503258715024,2.682661635057418,2.6827724410848406,-6.013326613220469
1725.6971137425758,2.928754431376016,2.956645370558881,3.0960956540317355,3.1012947840493927,-5.212511795944767,3.4895788590775108,3.498117644976706,2.629761838266616,2.623363997424488,-6.14672761444563
1745.3617769147804,2.9997513061699235,3.023523796536831,3.0351251852356125,3.0327125000603528,-5.329140520244078,3.5859430559487406,3.577110273334014,2.5782469545238897,2.565259548353909,-6.2828302886909295
1765.2505228501748,3.080087031695087,3.0919011483804644,2.9827957900564375,2.9656318883920867,-5.448260423492695,3.6613184945630315,3.6578653558934944,2.5220913309412496,2.508430867747442,-6.421654857691703
1785.3659050165854,3.1445519804752284,3.1618103244593327,2.8879847531075438,2.900020719086397,-5.569909958324201,3.7444076821044443,3.740420668645111,2.4705617687022827,2.452850316285087,-6.5632164071704855
1805.7105059791193,3.2761855898636516,3.2332848745304266,2.8618806563448906,2.8358473995045386,-5.69412602899983,3.836793735017561,3.8248146044747813,2.4144967239451955,2.398490831973484,-6.707524003431418
1826.2869377317236,3.3239546246208804,3.306359002445306,2.8021804337212775,2.7730809683997952,-5.820943621260797,3.912437118664131,3.911086154713428,2.3312975240216702,2.345325920450205,-6.8545796878823975
1847.0978420325398,3.3916972352796315,3.3810675672187323,2.7239463227232594,2.7116910891116177,-5.950395377583357,3.9811577119073607,3.9992748857273464,2.2750960239239686,2.2933296451322516,-7.004377334405403
1868.1458907430704,3.4702320023213535,3.4574460821825834,2.6356605724230846,2.6516480420353554,-6.082511110375743,4.107127821564019,4.08942090980538,2.241586067031735,2.2424766172534185,-7.156901353124524
1889.4337861712136,3.578402482593406,3.5355307119120454,2.6176851808340267,2.5929227164835966,-6.217317244708823,4.188584604665541,4.181564849494187,2.1998178874844094,2.192741985841798,-7.312125222817738
1910.9642614182055,3.6160939956819775,3.6153582665632356,2.5327202862255547,2.5354866020534246,-6.354836181151326,4.278601047174012,4.275747794412556,2.1582565517860393,2.1441014276671604,-7.47000983304738
1932.7400807295166,3.693485470082513,3.696966193216093,2.4910942120129764,2.4793117795919426,-6.495085568131929,4.389127265258709,4.372011249441682,2.1000326414661665,2.0965311371973105,-7.63050161618311
1954.7640398497467,3.7202919574974467,3.7803925637518416,2.4120790106581342,2.4243709118428804,-6.638077472046212,4.486930683821717,4.470397073028581,2.0424579928491675,2.05000781658685,-7.79353044900305
1977.038966381563,3.8193294725709728,3.8656760587329693,2.3578450229894514,2.370637233848239,-6.783817432034126,4.5940813186663085,4.570947404171056,2.029866729093531,2.004508665720146,-7.959007303698566
1999.5677201487297,3.9409525291697727,3.9528559466769426,2.30993325994363,2.3180845431616697,-6.932303384994849,4.691890766665557,4.673704576441104,1.9438200990937244,1.9600113723352433,-8.126821629159123
2022.3531935632743,4.013841166593366,4.041972058028616,2.3070516200711015,2.2666871899358867,-7.08352444504813,4.7691623813988695,4.778711017185018,1.905255943585447,1.9164941022394277,-8.296838445723138
2045.3983119968364,4.142796038184661,4.133064753039204,2.219749317233674,2.216420066922739,-7.237459520294678,4.866274492773426,4.886009129769961,1.8748669396365174,1.8739354896325102,-8.468895140603752
2068.7060341562496,4.198480103210654,4.2261748826471015,2.156810904767564,2.167258599429664,-7.394075748491619,5.002911890519512,4.995641156453231,1.8528230847075116,1.8323146275500068,-8.642797957476484
2092.279352463403,4.275778659672861,4.321343741331135,2.1096420214975,2.1191787352703857,-7.553326732205639,5.099320507865636,5.107649019116785,1.7977125312132078,1.7916110584367813,-8.818318182923797
2116.1212934394302,4.365596271251919,4.418613010757954,2.061490438696511,2.072156934733132,-7.715150553297727,5.236131713075656,5.222074134722652,1.7494451327100173,1.751804764856625,-8.99518804534389
2140.234918093278,4.42906454156368,4.518024692884592,2.039505476450449,2.026170160595084,-7.879467546405552,5.342715826588895,5.338957201916972,1.730079826392807,1.712876160346157,-9.173096359418645
2164.6233223146996,4.565053209669568,4.619621030986558,2.002693949029572,1.9811958682066715,-8.046177811660295,5.475069720970227,5.458337954719425,1.677673833960816,1.6748060804171383,-9.351683972235783
2189.2896372717323,4.693342081895237,4.723444416867803,1.921035128747958,1.9372119956594702,-8.215158448539366,5.589598726279158,5.58025487868314,1.6305754277770839,1.6375757737123589,-9.530539096583903
2214.2370298126953,4.87170559638388,4.829537282266602,1.867740100179299,1.894196954057499,-8.386260495885434,5.729263012005848,5.70474488429142,1.607943292151035,1.601166893315518,-9.70919265358075
2239.4687028727826,4.966107202453269,4.937941972193338,1.8421602064641451,1.8521296179013524,-8.559305568257052,5.8418345495011845,5.831842931658509,1.5727518222019605,1.5655614882186741,-9.887113791082689
2264.987895885269,5.037028391107189,5.04870059762229,1.7848241311380644,1.8109893155982817,-8.7340821864791,5.9542122431951405,5.961581599824887,1.539175232058771,1.5307419949491907,-10.063705796142656
2290.797885197419,5.140243490505339,5.161854864600048,1.759960551730508,1.7707558201052147,-8.910341811307463,6.079812889801278,6.093990593071894,1.4911110846625335,1.4966912293534604,-10.238302678054968
2316.9019844911295,5.249962644593072,5.27744587643147,1.7193773710541773,1.7314093397135857,-9.087794604293837,6.204910026736618,6.229096175722384,1.455182206099789,1.4633923785420158,-10.410166760758614
2343.3035452083636,5.393487948932357,5.3955139051428525,1.6865861229835435,1.6929305089802833,-9.26610496018814,6.387308216743177,6.3669205258390305,1.42106926287452,1.4308289929900684,-10.578487685322461
2370.0059569814352,5.515789342523108,5.516098127904701,1.6705942424379856,1.655300379808736,-9.444886881449769,6.529342598847149,6.507480997092595,1.401555512147104,1.3989849787982513,-10.742383278212236
2397.0126480681947,5.64820012406304,5.639236323514188,1.6130104191202204,1.618500412684871,-9.623699298542999,6.66206909254017,6.650789276832892,1.3576598529180388,1.3678445901071612,-10.9009027798935
2424.3270857921757,5.751237423341989,5.764964523379463,1.5748541132997769,1.5825124680698552,-9.802041480291997,6.792881810178905,6.796850427086897,1.3139921081082773,1.3373924216668276,-11.053032939185059
2451.952776987755,5.881594383540444,5.893316610714701,1.527606418675866,1.5473187979490952,-9.979348726853319,6.955807954784753,6.94566179384797,1.3082310525364318,1.3076134015599266,-11.197707447890842
2479.893268450386,6.013867326838145,6.024323860833677,1.4974011865975179,1.5129020375425046,-10.154988593249302,7.127259455261809,7.097211768630622,1.2901074979460128,1.2784927840747218,-11.333820103289938
2508.152147391971,6.173011486073408,6.158014414523171,1.4893275152077798,1.4792451971708251,-10.328257952165728,7.273739235527854,7.251478384915789,1.244265934566498,1.2500161427259235,-11.460241930558974
2536.7330419014015,6.281906031708967,6.294412675472017,1.4347564964961368,1.4463316542830928,-10.498381267461976,7.453890278853878,7.408427730863176,1.224545054627328,1.2221693634222777,-11.575842266068344
2565.6396214103675,6.442247193421055,6.433538621635877,1.4169636845204998,1.4141451456398153,-10.664510509159019,7.5916140059833115,7.568012158626041,1.19137202247706,1.194938637778607,-11.679513497921114
2594.875597164467,6.613462705496923,6.575407019228936,1.3520779746713245,1.3826697596545894,-10.825727188561858,7.767041058548415,7.730168269922069,1.1706025225783692,1.168310456567304,-11.770198797689059
2624.4447226996817,6.709892254703602,6.720026526762972,1.3426154871342035,1.35188992888963,-10.981047018050818,7.9087570196387595,7.894814657363183,1.1508818067954008,1.142271603309994,-11.846921788347213
2654.350794324286,6.900058247908184,6.867398675211808,1.3314681809698676,1.3217904227056596,-11.12942769099343,8.04690428586524,8.061849381704016,1.122605641131344,1.116809148004506,-11.908816724700397
2684.5976516062456,7.04348701201708,7.017516709006559,1.3290831520220756,1.2923563400626619,-11.26978021885693,8.22964119144431,8.231147166932361,1.1152236744160189,1.091910440985264,-11.955157471638563
2715.189177866168,7.185433110396616,7.170364271182425,1.2671513514444026,1.2635731024712058,-11.400984141230344,8.396800384200963,8.40255629843363,1.0761638164365341,1.0675631069154434,-11.985383411650627
2746.1293006758756,7.349871109415025,7.325913914689567,1.2271700637334018,1.2354264470893033,-11.52190672995057,8.5932348670031,8.575895214806888,1.0508082328772184,1.0437550389055763,-11.999120444541905
2777.4219923626556,7.492719490762671,7.484125420716936,1.2058626269988846,1.2079024199662052,-11.6314260380733,8.716097883935845,8.750948791940463,1.004195200596469,1.020474392760133,-11.9961954836015
2809.071270519258,7.605101023631615,7.64494390398044,1.1375211469683695,1.1809873694268107,-11.72845730681233,8.934540664332404,8.927464329395336,0.9973259555474407,0.9977095813444142,-11.976643293972877
2841.0811985197015,7.754014282476744,7.808297684481458,1.1350199320327867,1.1546679395969963,-11.811981862384012,9.105134289174758,9.105147264849801,0.9657575610322184,0.9754492690741478,-11.940705114308418
2873.4558860409716,8.012253536998465,7.974095905430204,1.1241020719728514,1.128931064065834,-11.8810772496111,9.294961569529766,9.283656663262414,0.9325752623250012,0.9536823665217706,-11.888819175091047
2906.199489590634,8.147499704702357,8.1422258781716,1.0816666703955793,1.1037639596826987,-11.934947013403175,9.470157699847968,9.462600554444819,0.9032774545915356,0.9323980251377222,-11.821603883569487
2939.316213040493,8.320247104485672,8.312550137395927,1.0389014036207058,1.0791541204863468,-11.972948312667702,9.66010628339535,9.641531226778701,0.9047736310628207,0.9115856320862491,-11.739834996633318
2972.81030816631,8.475445792952092,8.484903194116006,1.0535738197237396,1.0550893117635107,-11.994615489120246,9.792764786442406,9.819940626463806,0.8783218817912375,0.8912348051896475,-11.644418481180898
3006.6860751936797,8.655048771076144,8.659087980444081,1.0360836114928524,1.0315575642345016,-11.999677853251868,9.963878121187228,9.997256061096909,0.8569511275568851,0.8713353879822004,-11.536360932250014
3040.947863350127,8.80793717262585,8.83487198974533,1.002058543551147,1.0085471683626392,-11.988070298905347,10.147940958003248,10.17283646286155,0.8421682443555132,0.851877444868266,-11.41673938481807
3075.600071423494,9.00228529498589,9.011983129111648,0.9792108675291581,0.986046668785719,-11.959935887557293,10.363713893145475,10.345969528295102,0.8347512865698428,0.8328512563853825,-11.286672149456349
3110.6471483266846,9.210829608767279,9.1901053191634,0.9638927153991653,0.96404485886623,-11.915620189851914,10.5447716746299,10.515870114903725,0.7901817004887559,0.81424731456739,-11.147291978458046
3146.0935936688584,9.386244389576419,9.3688738998897,0.9330237175326009,0.9425307753585386,-11.855657847863853,10.698879229291876,10.681680334079983,0.781076118733147,0.7960563184067331,-10.999722487601636
3181.9439583331164,9.571625536161347,9.547870931518212,0.9083555319968043,0.9214936931896964,-11.780752433489809,10.849635967708624,10.842471826561813,0.7944554113056612,0.778269169413514,-10.845058374117668
3218.2028450607822,9.740571978019002,9.726620517019072,0.8994004267650234,0.9009231203523205,-11.691751146052379,11.002628727102552,10.997250730057484,0.7801182614829636,0.7608769672693204,-10.684349625590928
3254.874909042336,9.999341479586066,9.904584318219358,0.8564972386482098,0.8808087929057009,-11.589616164208245,11.177793740825582,11.144965835369758,0.748101413648055,0.7438710055737175,-10.518589633410958
3291.9648585150794,10.131326782359094,10.0811574904336,0.8300423449076232,0.8611406700854801,-11.475394528594109,11.309535319754008,11.284520362849193,0.7555993013353448,0.7272427676807369,-10.348706918720909
3329.477455367629,10.263450779669322,10.255665319804155,0.8344223883204479,0.8419089295156796,-11.350188302209027,11.429599248036949,11.414787661619501,0.735618398416277,0.7109839226246849,-10.175560047276505
3367.417515751261,10.444080656818755,10.4273609105641,0.8279359948596384,0.8231039625244616,-11.215126481003146,11.56396888450164,11.534630930014655,0.7115199430972621,0.6950863211320167,-9.999935242870349
3405.7899106982622,10.579822934705001,10.59542433165342,0.7915402206060059,0.804716369559413,-11.071339766026728,11.639775720304563,11.642926775217614,0.6928640451942933,0.6795419917180944,-9.822546193595535
3444.5995667473044,10.790473523383275,10.758963686583902,0.8041150410864156,0.7867369557005344,-10.919938919257495,11.775304433135307,11.738592083433986,0.6773885310647967,0.664343136867024,-9.64403556685858
3483.851466575951,10.962521136226771,10.917018607624273,0.7943759734623425,0.7691567262688491,-10.761997056587182,11.838162651439951,11.820613284597396,0.6551462182544907,0.6494821292927073,-9.464977794457026
3523.55064964037,11.131525549393801,11.068566683051856,0.770552169920821,0.7519668825288193,-10.598535917117458,11.892815042825461,11.888076709338808,0.6281580558094366,0.6349515082788875,-9.285882747234258
3563.702212822341,11.271795342235746,11.212533290355761,0.7181633544605132,0.7351588174817048,-10.430515905631616,11.933353030994953,11.940198405713074,0.5984951607319524,0.6207439760968583,-9.107199981474142
3604.311311083628,11.325793460441599,11.347805214405568,0.6784379156034267,0.7187241117493843,-10.258829538848648,11.978462412163646,11.976351569636696,0.5951278082863376,0.6068523944997064,-8.929323300498503
3645.383158127813,11.47451130130632,11.473248265501457,0.6653037669950842,0.7026545295447927,-10.084297829791351,12.009740688504255,11.996089700816432,0.6030846637655576,0.593269781290108,-8.75259543124278
3686.923027069672,11.604595014063051,11.587728871376413,0.6673581749281771,0.6869420147284113,-9.907669106413966,12.009520272532223,11.999163760256952,0.5972001515954273,0.5799893069618545,-8.577312664959564
3728.9362511121763,11.681936973051453,11.690139303072772,0.6597492634156571,0.6715786869487748,-9.729619766303285,12.009053090905466,11.98553198004383,0.572893244456806,0.5670042914111377,-8.403729352932608
3771.42822423121,11.785950439371712,11.779425824387184,0.6651550297174006,0.6565568378644003,-9.550756504812242,11.976385962862077,11.955361527575334,0.5795116824625226,0.554308200719117,-8.232062182238232
3814.4044018680866,11.889355721758063,11.8546186616077,0.6750077497053991,0.6418689274466824,-9.371619607265664,11.929936279097928,11.909021887026592,0.5603548468976194,0.5418946440015389,-8.062494183790156
3857.8703016299723,11.939025490080969,11.914862323259756,0.6498910855802721,0.6275075803602512,-9.192686957264897,11.866898810374439,11.8470705005349,0.5447304968353532,0.5297573703255632,-7.895178445957462
3901.831503998258,11.985033941534587,11.959444517422572,0.6219131036814362,0.6134655824210182,-9.014378475649096,11.770584084127819,11.770231816363193,0.5208549436704861,0.5178902656915833,-7.730241522912616
3946.2936530450393,12.01917265725734,11.987821776338702,0.6151537871606864,0.5997358771288543,-8.837060763693655,11.679116924142997,11.67937134260778,0.4992887178244243,0.5062873500795959,-7.567786538448631
3991.2624571577376,12.055031341469371,11.99963995154338,0.6241234827204797,0.5863115622738758,-8.661051776994137,11.592637619903217,11.575466554855378,0.5020262939451876,0.49494277455728847,-7.407895994159444
4036.7436897719913,12.088489365642852,11.994748008998311,0.6520288991346402,0.5731858866149185,-8.486625401893026,11.476955557348004,11.45957654376823,0.5004008050852264,0.4838508184500922,-7.250634296335018
4082.7431901128894,12.049154400109026,11.973204019032215,0.6291313374048483,0.5603522466277191,-8.314015844047308,11.368195132594769,11.332812137676136,0.48178573345354403,0.4730058865709435,-7.096050019320273
4129.2668639446565,11.965938219163583,11.935272849549749,0.5935070747084962,0.5478041833228432,-8.143421769167803,11.249944733467906,11.196307944369813,0.4808689364357268,0.46240250650850584,-6.944177924931011
4176.320684328881,11.928680950523294,11.881415752620853,0.546755413413676,0.5355353791304208,-7.975010159845671,11.096731234850852,11.051197385256728,0.46913683619283697,0.4520353259732857,-6.795040758234576
4223.910692391379,11.82831104417637,11.812272689775439,0.4890403018107499,0.5235396548510679,-7.808919870614125,10.925268727166841,10.898591402275521,0.4270687710817964,0.44189911019975314,-6.648650839904063
4272.0429980978015,11.744787043653771,11.72863878117842,0.504128683819392,0.5118109666714752,-7.645264876914429,10.750729940117756,10.739561151083574,0.4333043500422673,0.4319887394035215,-6.505011474711409
4320.72378103808,11.648678003594908,11.63143662294245,0.5156842026928531,0.5003434032432542,-7.48413722333636,10.603490744654247,10.575124685127308,0.4264583733025895,0.422299206292635,-6.36411819471522
4369.959291219807,11.5333980881496,11.52168636461875,0.4820578299967729,0.48913118282323786,-7.3256096831621615,10.434383744756987,10.406237400314565,0.41461437995168504,0.41282561363129194,-6.225959854475952
4419.755849870651,11.419124414311879,11.400475381916957,0.4715358070613434,0.4781686504748292,-7.1697381455618325,10.271778619821022,10.233785851657675,0.40220914258383766,0.40356317185584084,-6.09051959429287
4470.119850249951,11.289552509118037,11.268929155055856,0.48842216972400726,0.4674502753287004,-7.016563749311697,10.105673353299418,10.058584464351103,0.3869014263037234,0.39450719674076234,-5.957775686091161
4521.057758469495,11.179914855457485,11.128184626432098,0.47249253648441153,0.4569706479009797,-6.8661147831227884,9.887467237769023,9.881374629762366,0.38989444325966405,0.3856531071145996,-5.827702275229955
4572.576114323711,11.017864991279954,10.979366923121765,0.46209504754805236,0.44672447746886473,-6.71840837291656,9.74579543827476,9.702825687258763,0.36902394284126006,0.3769964226243454,-5.700270030201162
4624.681532129293,10.869127985469516,10.823569944249765,0.44351942234720104,0.4367065895016265,-6.5734519759792,9.567527377390357,9.52353733169701,0.36312549681338036,0.36853276154713377,-5.575446710958469
4677.380701574391,10.696398073746598,10.66184097101377,0.43953851603948385,0.4269119231460536,-6.431244701066191,9.390114061881878,9.344043041779953,0.35968421505483095,0.36025783864878264,-5.4531976654767025
4730.68038857749,10.48472965404815,10.495169182413768,0.4352231708128152,0.417335528765059,-6.291778472396134,9.181436564332929,9.16481418697252,0.34053957759953457,0.35216746308765956,-5.333486263088268
4784.5874361560645,10.338687239999388,10.324477761687573,0.4228195293776143,0.4079725655291696,-6.1550390541778555,9.02473829231019,8.986264533537362,0.33794711832776203,0.3442575363631242,-5.216274272188663
4839.108765305142,10.149198669705752,10.15061915449209,0.4272038329875408,0.39881829905833155,-6.021006950953803,8.840738794661169,8.808754929119715,0.3410836511838551,0.3365240503078773,-5.10152218903688
4894.251375885867,10.000616345134862,9.97437297983604,0.4163713522276123,0.38986809911417986,-5.889658197675947,8.659555133173168,8.632597997683309,0.3325457912930223,0.32896308512283035,-4.98918952359786
4950.022347524202,9.790090975734723,9.796446084818019,0.4161792010785846,0.3811174373414058,-5.760965052097769,8.479767480516568,8.458062721370291,0.31873245758671986,0.3215708074539489,-4.879235047678357
5006.42884051986,9.614660460491132,9.617474259868079,0.4224335379464162,0.3725618850568966,-5.634896600802306,8.310058439404553,8.28537882288488,0.31798292522700544,0.3143434685102336,-4.771617009984764
5063.478096765595,9.462261030812403,9.438025179285512,0.42641949848912303,0.36419711108589764,-5.511419289001704,8.119568655664716,8.11474089174148,0.2753603520098946,0.30727740222154365,-4.6662933221795795
5121.177440676988,9.255852206429687,9.258602191628924,0.40209142863324315,0.35601887964437134,-5.390497383143313,7.997621059872333,7.946312220953008,0.3181043317635006,0.30036902343609645,-4.563221719524756
5179.534280132783,9.117648729322587,9.079648647873977,0.45700130162862435,0.3480230482662272,-5.272093374365328,7.751287720044246,7.780228338405349,0.3060004790090258,0.29361482615611806,-4.46235989926438
5238.5561074259895,8.906254838046289,8.901552516631085,0.42762177229455217,0.3402055657745997,-5.156168329927579,7.60013098446707,7.616600230196559,0.316323796160495,0.2870113818115842,-4.363665639519907
5298.250500225788,8.745086275781201,8.72465109170748,0.38420206446360267,0.3325624702966573,-5.042682198929266,7.452898339930078,7.455517262518874,0.29399162483344066,0.2805553375705489,-4.267096901129537
5358.625122550413,8.550463630071524,8.549235646120103,0.3583789180856734,0.3250898873203871,-4.93159407788649,7.291088239400478,7.297049814994515,0.29614595031558766,0.27424341468569546,-4.172611914570905
5419.68772575112,8.392447241703136,8.37555592771652,0.3293788317999749,0.3177840277929226,-4.822862441089005,7.14304035827546,7.141251642431574,0.28485323399745655,0.2680724068764867,-4.080169253841008
5481.446149507355,8.221964137025056,8.203824425040096,0.28425756531213514,0.3106411862595247,-4.716445340068038,7.045918707974142,6.988161984291362,0.30136802369171223,0.26203917874561156,-3.989727898939816
5543.908322833281,8.05831764559026,8.03422035860261,0.3229752329393332,0.3036577390420569,-4.612300575990088,6.844515609051216,6.837807442214085,0.28055219603787274,0.25614066422972326,-3.901247288400269
5607.082265095759,7.892442673607103,7.86689337319363,0.29265006191316983,0.29683014245652384,-4.510385848331403,6.710148554117891,6.690203646086481,0.2552221365592744,0.2503738650832738,-3.814687363131818
5670.976087043936,7.702873194000594,7.701966922204883,0.29149889852233285,0.2901549310686998,-4.410658882781094,6.587549470808051,6.545356728640348,0.26683512547954047,0.24473584939470128,-3.730008602687336
5735.597991850564,7.506320032339607,7.53954134609079,0.23367080766103862,0.28362871598698225,-4.313077540964465,6.415994642274855,6.403264627652364,0.2694266678715498,0.2392237501347896,-3.647172054927026
5800.956276165188,7.363697538530003,7.3796966548876295,0.28302896236483127,0.2772481831917124,-4.217599914258894,6.263807159561624,6.263918233636376,0.2470007449324112,0.2338347637360037,-3.566139359934257
5867.059331179325,7.235401226625344,7.222495029880292,0.2948597930980715,0.27101009190029784,-4.124184403701253,6.135562734295034,6.127302399600049,0.23879088494833178,0.22856614870247383,-3.486872768930401
5933.915643703814,7.092841637944767,7.06798306267702,0.2520616296244001,0.2649112729675275,-4.032789787736491,5.99410703762401,5.993396828055596,0.2557838877238674,0.2234152242498247,-3.4093351588461065
6001.533797258377,6.905539790116782,6.916193751620669,0.2645198307500323,0.2589486273198156,-3.9433752793457133,5.877275127965101,5.862176849099075,0.23696495787284144,0.2183793689742412,-3.3334900431235406
6069.922473173664,6.735173072675371,6.767148276043345,0.27820879718167296,0.2531191244232562,-3.8559005739018337,5.748385089482198,5.733614102038902,0.2612625219492153,0.21345601955034046,-3.2593015792545947
6139.0904517058225,6.597230148658648,6.620857568677801,0.24236133072995267,0.24741980078443837,-3.7703258889349307,5.6103243385291375,5.607677131785574,0.2441312569248102,0.20864266945697824,-3.1867345734956336
6209.046613163771,6.461443550505184,6.4773237058175495,0.2645274010877526,0.2418477584835642,-3.686611996844895,5.504056153753082,5.484331910035952,0.2351718921594661,0.2039368677305602,-3.1157544831470223
6279.799939049322,6.39374485412411,6.3365411337601,0.2789478542141844,0.236400163739007,-3.6047202514698258,5.362479465454271,5.363542290193511,0.22562456124785557,0.19933621774540372,-3.0463274167359544
6351.359513210294,6.214706552986543,6.198497748806901,0.2492674610132469,0.23107424550258254,-3.524612609308746,5.2758056683117704,5.245270403971388,0.21957575323936718,0.194838376020046,-2.978420132399378
6423.734523006762,6.0603547780667615,6.063175846736461,0.25188140167431256,0.22586729408523284,-3.4462516460960213,5.144290694439082,5.129477006723009,0.1922775769173808,0.1904410510498435,-2.9120000347272375
6496.9342604906105,5.950875579033617,5.930552956282938,0.23023613752696379,0.22077665981222222,-3.3696005693415936,5.005307417601832,5.016121777731603,0.20387151917544566,0.18614200216438392,-2.847035170293495
6570.968123598503,5.776464918463656,5.800602569791222,0.15728049519908013,0.21579975170729584,-3.2946232273734988,4.89476919535209,4.905163580962965,0.16112783275235687,0.18193903840992848,-2.783494222073451
6645.845617358473,5.683137786186373,5.673294782915285,0.16640249138779958,0.21093403620503753,-3.221284115352879,4.793601980653268,4.796560691133555,0.18442245871716212,0.17783001745568944,-2.721346502921853
6721.576355110243,5.573785214794187,5.548596853999523,0.17105837939613097,0.20617703589129888,-3.149548378674845,4.7120330425323775,4.690270989369659,0.1897559187529354,0.17381284452429868,-2.66056194826327
6798.1700597394565,5.4306948418671706,5.426473692644271,0.1792057615366006,0.20152632827041914,-3.079381814115601,4.583009038123633,4.5862521322192285,0.18213701666393556,0.16988547134482587,-2.601111108127641
6875.636564926,5.326029796666123,5.306888285911104,0.19426889909057374,0.19697954455941769,-3.010750869042772,4.495003789326592,4.484461697323623,0.20140271529427922,0.16604589512902185,-2.542965138646726
6953.985816406484,5.218090920901657,5.189802069674271,0.24653175777090128,0.19253436850796735,-2.9436226389657887,4.431815199015075,4.384857308656094,0.20982013547321943,0.16229215756954413,-2.4860957931122227
7033.227873251183,5.133870070879148,5.075175251763817,0.206600800970664,0.18818853524400755,-2.8779648636685486,4.3242350389190864,4.287396743879729,0.20917488162412434,0.15862234385985546,-2.430475412683166
7113.372909155482,5.005519293581612,4.962967092776033,0.22276570970199935,0.1839398301442226,-2.8137459221370253,4.2205439334354935,4.192038026064893,0.19140113556326854,0.15503458173559656,-2.3760769168193128
7194.431213746061,4.898230451563377,4.853136149734715,0.20857211918330706,0.17978608772902763,-2.75093482646688,4.122384602422995,4.098739501733952,0.1655711066417731,0.15152704053662194,-2.3228737935067185
7276.413193901945,4.774979438168453,4.745640487173004,0.18673217672570716,0.1757251905814847,-2.6895012149133417,3.998554250628574,4.00745990695761,0.1459186516246196,0.14809793028952364,-2.2708400893323892
7359.329375090629,4.661808213248493,4.64043785965822,0.18731889693253487,0.17175506828958764,-2.6294153442249253,3.927376107195991,3.9181584230167794,0.12024688429299112,0.14474550081011148,-2.2199503994585563
7443.190402719406,4.538708483137539,4.537485869298258,0.14841160616541424,0.16787369641148564,-2.570648081384639,3.792946301921148,3.8307947229570845,0.13169140706191174,0.14146804082532366,-2.170179857538809
7528.007043502115,4.373918780746402,4.436742101339567,0.08597541926531178,0.1640790954631505,-2.5131708948660902,3.690948299941931,3.745329010200331,0.11267760494356736,0.13826387711442628,-2.121504125613254
7613.790186841448,4.288332644908847,4.33816424058941,0.10772997560905757,0.1603693299280547,-2.4569558454988596,3.6069565394078302,3.661722050232692,0.1210728093551041,0.13513137366875042,-2.073899384014561
7700.550846227014,4.2155776954690545,4.241710171061134,0.1352999491372789,0.15674250728827552,-2.4019755770241056,3.515702967914874,3.5799351962650827,0.12552677945519664,0.13206893086986396,-2.027342321311509
7788.300160649334,4.112426033726411,4.147338060948542,0.10608046657369748,0.15319677707662824,-2.348203306412014,3.4843965479383896,3.499930409649567,0.13568739028819943,0.1290749846856484,-1.9818101243139057
7877.049396029946,4.060657540815344,4.05500643477701,0.08444758891775457,0.14973032994957258,-2.295612814002091,3.3984487299985484,3.4216702757394035,0.13771021180667953,0.12614800588384648,-1.9372804681577829
7966.809946667833,3.9322194839358873,3.964674234352284,0.12532859476822375,0.1463413967800798,-2.2441784335197466,3.331252346221278,3.345118015795046,0.1523181375049778,0.12328649926286411,-1.8937315064878284
8057.593336702269,3.8362381126748546,3.8763008699289143,0.10781275149973986,0.1430282477703058,-2.1938750420152537,3.241516822417107,3.270237495464688,0.14920253954276008,0.12048900289935463,-1.851141861750828
8149.4112215924015,3.7254120902155354,3.789846262844746,0.11649459351210119,0.13978919158363992,-2.1446780497647966,3.1404380003651062,3.1969932303012194,0.13221021259517807,0.11775408741217014,-1.809490615611509
8242.275389613664,3.6741705887995466,3.705270880715231,0.11340227229117168,0.13662257449559395,-2.096563390167532,3.136075540877632,3.125350388721379,0.14929290060949585,0.11508035524256909,-1.768757299500388
8336.197763371241,3.5782203546560845,3.6225357661455315,0.11002897614061176,0.1335267795632148,-2.0495075096681385,3.0592909912570874,3.055274792761936,0.13921816517751262,0.11246643994993319,-1.7289218853013757
8431.190401330787,3.498368876124703,3.541602559801218,0.07059732322540675,0.13050022581259013,-2.003487357729684,2.99500914059152,2.986732916943739,0.1340598151885133,0.10991100552315024,-1.6899647761850143
8527.265499366575,3.4623954603422953,3.4624335185738646,0.10210255863366598,0.1275413674441261,-1.9584803768781456,2.929458845675961,2.919691885515503,0.13104495148584627,0.107412745706842,-1.651866797592605
8624.435392327303,3.405930919372127,3.3849915294871473,0.09616019294719365,0.12464869305511517,-1.9144644928363463,2.8472943267867943,2.8541194683158615,0.11859331436223684,0.10497038334258851,-1.6146091883744376
8722.712555619735,3.329373004865927,3.3092401199093144,0.11952555010774908,0.12182072487933347,-1.8714181047626872,2.776729785243425,2.7899840754612444,0.09477526979280036,0.10258266972431783,-1.578173592084894
8822.109606810382,3.2268841157809303,3.2351434645679706,0.10853115629486261,0.11905601804314879,-1.8293200756070969,2.7137882909421047,2.7272547510422496,0.09027803751219964,0.10024838396806102,-1.542542048436398
8922.639307245445,3.18681542702219,3.1626663898012257,0.12031248476657204,0.11635315983810604,-1.7881497225945862,2.653852712341983,2.6659011659870098,0.09968722912545445,0.09796633239540968,-1.5076969849129707
9024.314563689217,3.0976994666279674,3.091774375426046,0.1270025733912413,0.11371076900910743,-1.7478868078450542,2.58932481454123,2.605893610230769,0.09829652607759563,0.09573534793054969,-1.4736212085438605
9127.148429981135,3.019319331474304,3.0224335545566205,0.1325909170120579,0.11112749505848228,-1.7085115291361317,2.539070765708187,2.5472029843125457,0.09473874133309444,0.0935542895104697,-1.440297897837052
9231.154108711771,2.997832362849055,2.9546107116650115,0.1722795062045411,0.10860201756503673,-1.6700045108145913,2.4888986895104774,2.489800790504503,0.09903272010011265,0.09142204150818233,-1.4077105948720445
9336.344952917823,2.9339609975153835,2.8882732791388257,0.17491672195532013,0.10613304551816471,-1.6323467948602068,2.4412807748777943,2.433659123566044,0.10987427419493166,0.08933751316862264,-1.3758431975509584
9442.73446779652,2.8300851079543308,2.8233893325596293,0.13472471902125713,0.10371931666654294,-1.5955198321056727,2.3254385532500694,2.378750661202229,0.0879598497399585,0.08729963805687072,-1.3446799520062287
9550.33631243951,2.788908685929116,2.7599275848973335,0.12537792166984305,0.10135959688102195,-1.5595054736142397,2.2865986165045675,2.3250486542963307,0.09339361319898785,0.08530737351858735,-1.3142054451637044
9659.164301586516,2.6878778675629094,2.6978573797910887,0.12219943024030051,0.09905267953146767,-1.5242859622167155,2.198298688455201,2.272526916976328,0.057251671225231324,0.08335970015227749,-1.2844045974589742
9769.23240739898,2.6055766952285144,2.6371486840661955,0.12454247998577912,0.09679738487750353,-1.4898439242084502,2.1655040165525867,2.221159816567547,0.05164019488318637,0.08145562129315301,-1.255262655704847
9880.554761253912,2.517378478951557,2.5777720796163655,0.1422509788950795,0.09459255947228128,-1.4561623612064065,2.0983898247511656,2.1709222634764074,0.03051317592513357,0.07959416250838845,-1.2267651861078113
9993.145655558184,2.4283337398959284,2.5196987547656953,0.09978781660038656,0.09243707557959772,-1.4232246421657047,2.0626871539172593,2.121789701043976,0.0417828104979585,0.0777743711034966,-1.198898067431223
10107.019545583493,2.396025255099302,2.4629004952085403,0.04006494771088505,0.09032983060376248,-1.391014495555058,2.021696320750498,2.0737380954025024,0.061201666893956105,0.07599531563949441,-1.1716474843025024
10222.191051322267,2.360966758558185,2.4073496746133634,0.07529541715371309,0.08826974653190031,-1.3595160016897057,1.9985663896734047,2.026743925363596,0.06882048644937776,0.07425608546085594,-1.1449999206619919
10338.674959364638,2.4046710436805623,2.3530192449656617,0.08797388006250458,0.0862557693885995,-1.328713585220377,1.923147978212311,1.9807841723621646,0.03330727843833302,0.072555790233723,-1.1189421533508863
10456.486224796898,2.3094017150146127,2.2998827267142756,0.07669411443039927,0.0842868687025379,-1.2985920077763227,1.8974354417293477,1.9358363104768508,0.06775237414230205,0.07089355949440032,-1.0934612458355621
10575.63997312153,2.2619038989559237,2.247914198777688,0.1217148170451275,0.08236203698484017,-1.2691363607608492,1.8336548089863667,1.891878296544215,0.03991649128467366,0.06926854220772305,-1.06854454206561
10696.15150219914,2.2044392291875323,2.1970882884586733,0.13309980389490592,0.0804802892188832,-1.2403320582966326,1.7935305845025569,1.848888560381553,0.06952942965037899,0.06767990633529523,-1.0441796604630489
10818.03628421251,2.1530866598494343,2.1473801613090786,0.10280727367014471,0.0786406623613971,-1.2121648303190034,1.7766430224932088,1.8068459951301614,0.06498004313894022,0.06612683841311233,-1.020354488039926
10941.309967653033,2.0934168082819515,2.0987655109810497,0.05798058527993362,0.07684221485446922,-1.184620715814433,1.7392535291667384,1.7657299477294828,0.07174570997781914,0.0646085431385893,-0.9970571746418364
11065.988379329787,2.020425368978865,2.0512205490953312,0.06658268253996809,0.07508402614841826,-1.157686056201908,1.678856455703931,1.7255202095298796,0.0639950737380972,0.0631242429667527,-0.9742761273145274
11192.087526401496,2.0062161737358264,2.0047219951532256,0.05398912488489145,0.07336519623501908,-1.1313474888546429,1.62827690206241,1.6861970070509678,0.04031467129559062,0.061673177715240696,-0.9520000047911612
11319.623598431659,1.8996542475031293,1.959247066514571,0.10582051907035257,0.0716848451912299,-1.1055919407592953,1.6087763191299211,1.6477409928903965,0.01732808665536688,0.060254604178102404,-0.9302177120976338
11448.61296946708,1.8307495193984595,1.9147734684608706,0.08715877908661802,0.0700421127327165,-1.0804066223104214,1.5689176842875001,1.610133236787227,0.01229558486651293,0.05886779574818031,-0.9089183952733368
11579.072200140097,1.769798765254402,1.87127938435958,0.05577669938213255,0.06843615777754045,-1.055779021237109,1.5151801462478411,1.5733552168425533,-0.0057650188072116,0.05751204204771364,-0.8880914362049697
11711.01803979476,1.745838724539347,1.8287434659428832,0.08821574303946285,0.06686615801919224,-1.0316968966595554,1.4774165690029404,1.5373888108995284,0.002318027529544228,0.05618664856723247,-0.8677264475709114
11844.467428637237,1.7463853672643224,1.787144823712218,0.08110833915415412,0.06533130950920399,-1.008148273272464,1.4686527341069515,1.5022162880839307,0.02203395667668538,0.05489093631241439,-0.8478132678937579
11979.437499910731,1.7587289876138945,1.7464630174775209,0.08561256073703312,0.06383082624897253,-0.98512143565316,1.4311724590798958,1.4678203005057293,0.012678638830849284,0.05362424145869371,-0.8283419566986252
12115.945582095172,1.743352913686936,1.7066780470386003,0.11538769730129601,0.06236393979051396,-0.9626049226913218,1.4146679994654183,1.4341838751216711,0.05566442642937951,0.0523859150135958,-0.8093027897749714
12254.009201131972,1.6882261414822024,1.6677703430146527,0.08494807431233127,0.060929898846175765,-0.9405875221380972,1.35610004750281,1.4012904057582345,0.05855754459051575,0.05117532248652575,-0.7906862545396101
12393.646082674153,1.6578371028482464,1.629720757826136,0.03956692786725931,0.05952796890682831,-0.9190582652719277,1.3436582201604048,1.369123645294085,0.062441564994746276,0.04999184356584103,-0.7724830454987525
12534.874154362087,1.58505871356285,1.592510556832898,0.03565365156227436,0.058157431868618006,-0.8980064216785202,1.3089095146260072,1.3376676980007067,0.04895788370582686,0.04883487180311667,-0.7546840598068322
12677.711548125193,1.5259710502560664,1.55612140963042,0.015640415592995966,0.056817585667892315,-0.8774214941425471,1.2639097525435028,1.3069070120394255,0.03185953749009095,0.04770381430440531,-0.7372803929200877
12822.17660250984,1.518188985407271,1.5205353815063194,0.021950611835132323,0.05550774392425013,-0.8572932136487199,1.2262282637250281,1.2768263721132227,0.04557831751326667,0.046598091428302554,-0.7202633343427335
12968.287865033799,1.4443993730097324,1.4857349250575014,0.04765453144161398,0.05422723559149957,-0.8376115344897439,1.2293856710753113,1.247410892271109,0.05136705936965889,0.045517136490771506,-0.70362436346377
13116.064094567504,1.4571945530385995,1.4517028719685139,0.08630062684988012,0.052975404616294595,-0.8183666294788148,1.2238176271085395,1.2186460088628075,0.05557539465988136,0.04446039547644913,-0.6873551454824166
13265.52426374247,1.3905927943432863,1.4184224249506188,0.0640322613167293,0.05175160960435554,-0.7995488852644974,1.179165427632652,1.1905174736415025,0.021062575659828373,0.04342732675641365,-0.6714475274202031
13416.687561387133,1.365106878433034,1.385877149840887,0.07379092503618885,0.05055522349409342,-0.7811488977455837,1.1928006400724056,1.163011347012167,0.052163328481264135,0.04241740081216708,-0.6558935342179385
13569.573394990457,1.298178505765167,1.3540509678601578,0.051525305961117665,0.04938563323745413,-0.7631574675838644,1.1345892645837112,1.1361139914228244,0.0365058696292153,0.041430099965784346,-0.6406853649155713
13724.201393193622,1.281373386604818,1.3229281480284107,0.02731383643933512,0.048242239487841794,-0.7455655958125722,1.0651911908859562,1.109812064896257,0.058585799099100985,0.04046491811603055,-0.6258153889132523
13880.591408310094,1.235542523957193,1.292493299735791,0.019287003827020827,0.0471244562949314,-0.7283644795385142,1.0473576864881158,1.0840925146994527,0.06252776771268075,0.039521360480354734,-0.6112761423117895
14038.763518874382,1.1740336168416834,1.2627313654673178,0.020517515205806875,0.046031710806316115,-0.7115455077356981,0.999713709795184,1.0589425711482003,0.08376247247230538,0.03859894334257509,-0.5970603243308301
14198.738032219995,1.1769247737184598,1.2336276136791882,0.01610691711811903,0.04496344297566918,-0.695100257128548,0.9993298190476734,1.034349741544049,0.07757900007746564,0.037697193806242604,-0.5831607938029898
14360.535487086474,1.2009962917824952,1.205167631824281,-0.0007674068689115625,0.04391910527747943,-0.6790204881628059,1.0258769160657761,1.0103018042410852,0.08484870024972445,0.036815649553415264,-0.5695705657424526
14524.176656256426,1.1412539787174085,1.1773373195246262,0.031137076846135942,0.04289816242806771,-0.6632981410620133,1.0286261473572844,0.9867868028397281,0.08628838073646648,0.03595385860881311,-0.5562828079862948
14689.682549222463,1.1165311663165378,1.1501228818880176,0.051375193977136815,0.0419000911127812,-0.647925331967951,0.9944871042911545,0.9637930405050116,0.04710428191146619,0.03511137910927661,-0.5432908379070732
14857.074414884562,1.1400490317324048,1.1235108229666322,0.05690412751759773,0.0409243797192927,-0.6328943491630195,0.9627930544341046,0.9413090744066859,0.03821043518983423,0.03428777907823407,-0.5305881191951156
15026.37374427816,1.1341606287685535,1.097487939354629,0.07324503424491453,0.03997052807677265,-0.6181976493729106,0.9276271366781879,0.9193237102784757,0.03626155870741109,0.03348263620531652,-0.518168258709034
15197.602273333327,1.0953280560105425,1.0720413139223037,0.09455877392997543,0.03903804720088758,-0.6038278541477548,0.902645167539722,0.8978259970941223,0.05722427534119888,0.032695537630770814,-0.5060250033930115
15370.7819856654,1.0477968417811108,1.0471583096841108,0.08659972759938668,0.03812645904444614,-0.589777746320109,0.8803531427760782,0.8768052218574467,0.0501283608181393,0.031926079734737434,-0.49415223725945173
15545.935115397406,0.9748687307917944,1.0228265637977774,0.005570060468945998,0.03723529625360804,-0.5760402665380936,0.8525721665158146,0.856250904504217,0.06790533230954175,0.031173867931177244,-0.4825439784356244
15723.084150014634,0.9579209355393828,0.9990339816918894,0.05130708928138546,0.03636410192946557,-0.5626085098720748,0.8311152154489923,0.8361527929131519,0.04402198924488453,0.030438516466417095,-0.47119437627288235
15902.251833251768,0.925778516471491,0.9757687313193821,0.02064309032600072,0.035512429394978895,-0.5494757224933378,0.8119042999143973,0.8165008580238324,0.011507321090303155,0.02971964822216511,-0.46009770851722864
16083.461168012884,0.8826487180708952,0.9530192375341362,0.010464937642201095,0.03467984196707313,-0.5366352984231703,0.7771731711664598,0.7972852890591509,-0.01735749014815681,0.029016894522918918,-0.4492483785398791
16266.735419324708,0.8848755019412152,0.9307741765881785,0.005576130998669344,0.03386591273377907,-0.5240807763509029,0.7474610849037704,0.7784964888499339,-0.014514270288678258,0.028329894947657752,-0.43864091262657107
16452.098117323694,0.8397231152350301,0.9090224707468706,-6.210304039193024e-05,0.03307022433638404,-0.5118058365193848,0.7040852016751502,0.7601250692596044,-0.02305541752746755,0.02765829714573364,-0.4282699573243979
16639.5730602768,0.8814891689446188,0.8877532830196211,0.02331951729605038,0.032292368756383416,-0.499804297676526,0.7154993127727243,0.7421618467066272,0.020863677453466498,0.02700175665688325,-0.418130276844954
16829.184317637024,0.8415509955001838,0.8669560120034832,-0.006482168180418951,0.03153194710718671,-0.48807011409145495,0.6619588169832029,0.724597837782574,0.017408769391554987,0.02635993673522361,-0.4082167505226172
17020.956233133573,0.8172756697791342,0.8466202868373081,-0.03183910202479716,0.030788569430491117,-0.47659737263394286,0.6604196441126129,0.707424254963812,0.004180633166177547,0.02573250817720335,-0.39852437032681715
17214.913427897318,0.7853304691689832,0.8267359622640036,-0.008776446593765568,0.030061854497125912,-0.4653802899157547,0.6084803331522435,0.6906325024146266,-0.022733256749025724,0.025119149153361074,-0.38904823842715297
17411.08080362184,0.8256415869931629,0.8072931137985041,0.022586296016207614,0.02935142961241057,-0.4544132094926387,0.670459687095464,0.6742141718799175,0.023529581491941162,0.02451954504384944,-0.3797835648102845
17609.48354576048,0.8257671067948497,0.7882820329991951,0.03716082683215667,0.028656930425783673,-0.4436905991256731,0.65122772650548,0.6581610386654336,0.004832586544557746,0.023933388277655544,-0.3707256649474833
17810.147126759846,0.8308620870068925,0.7696932228404517,0.07299676198955758,0.027978000744706612,-0.43320704810067995,0.6786179640727033,0.6424650577036619,0.03634378831638373,0.023360378175370723,-0.36186995751182327
18013.097309330173,0.7985847935786644,0.7515173931841707,0.03896007982726431,0.027314292352706545,-0.4229572646045834,0.6776361494821133,0.6271183597035266,0.08531079851940725,0.022800220795483207,-0.3532119621439689
18218.36014975291,0.7452135880977323,0.7337454563480268,0.03445619670531748,0.026665464831476124,-0.412936073157414,0.6977910806250731,0.6121132473820456,0.08515709498566303,0.022252628784120196,-0.3447472972655402
18425.962001226046,0.7217365817500386,0.7163685227683837,0.015906896032772695,0.026031185386946196,-0.40313841209887114,0.6068150584115182,0.5974421917762434,0.06261684168064939,0.021717321228134513,-0.33647167793908617
18635.929517247514,0.7450266789161301,0.6993778967558064,0.05559406526010065,0.025411128679222197,-0.39355933112827235,0.5920144684623005,0.5830978286334767,0.04934635927590712,0.02119402351146492,-0.32838091377369766
18848.28965503719,0.6999242986500626,0.6827650723411044,0.00046012218102483085,0.024804976656325643,-0.38419398889679707,0.5468213409852181,0.5690729548786344,-0.000597975083699534,0.020682467174717858,-0.3204709068753021
19063.06967899784,0.7175967535441256,0.6665217292099544,0.05541821121588704,0.02421241839166423,-0.37503765065088895,0.5145769618213991,0.5553605251564321,-0.05106044827164659,0.020182389777900416,-0.3127376498407257
19280.29716421555,0.7164023059635362,0.6506397287241801,0.021308217899974908,0.023633149925076213,-0.36608568592583934,0.4409601308909445,0.5419536484472599,-0.09622981494594242,0.019693534766195318,-0.30517722379462164
19500.0,0.7189424353163293,0.635111110027806,0.03176159975165767,0.02306687410748249,-0.3573335662884003,0.4255331335987102,0.5288455847550095,-0.034513475944682806,0.019215651338754792,-0.29778579646839043
