frequency_hz,44100_common_measured_db,44100_common_fitted_db,44100_bank_measured_db,44100_half0_theory_db,44100_half1_theory_db,48000_common_measured_db,48000_common_fitted_db,48000_bank_measured_db,48000_half0_theory_db,48000_half1_theory_db,88200_common_measured_db,88200_common_fitted_db,88200_bank_measured_db,88200_half0_theory_db,88200_half1_theory_db,96000_common_measured_db,96000_common_fitted_db,96000_bank_measured_db,96000_half0_theory_db,96000_half1_theory_db,176400_common_measured_db,176400_common_fitted_db,176400_bank_measured_db,176400_half0_theory_db,176400_half1_theory_db,192000_common_measured_db,192000_common_fitted_db,192000_bank_measured_db,192000_half0_theory_db,192000_half1_theory_db,352800_common_measured_db,352800_common_fitted_db,352800_bank_measured_db,352800_half0_theory_db,352800_half1_theory_db,384000_common_measured_db,384000_common_fitted_db,384000_bank_measured_db,384000_half0_theory_db,384000_half1_theory_db
22.0,0.022304073858088018,0.0005785956131902885,-0.02374596701546554,0.015996836641323203,-0.0010303540367915726,0.0023059540691932803,0.0004888080817862808,-0.008763451705214753,0.013503195409335212,-0.0008697244399006903,0.058714405496880284,0.0005903142138084514,0.020552131370896176,0.015996836641323203,-0.0010303540367915726,0.02794441893786639,0.0004890128360043967,0.021969301334379097,0.013503195409335212,-0.0008697244399006903,0.030809808411314706,0.0005794168905905426,-0.01089276890764046,0.015996836641323203,-0.0010303540367915726,0.03406876342834589,0.0004849380565032509,0.03211813409416564,0.013503195409335212,-0.0008697244399006903,0.019397485100961176,0.0005786898205272542,0.02191140069792788,0.015996836641323203,-0.0010303540367915726,-0.026224901036615383,0.00048796564817522376,0.07435615243224558,0.013503195409335212,-0.0008697244399006903
22.250694392627366,0.022304073858088018,0.0005918572017532691,-0.02374596701546554,0.016363445278339852,-0.0010539698329259646,0.0023059540691932803,0.000500011733380085,-0.008763451705214753,0.013812661472271344,-0.0008896586160523042,0.058714405496880284,0.0006038443933718007,0.020552131370896176,0.016363445278339852,-0.0010539698329259646,0.02794441893786639,0.0005002211807040165,0.021969301334379097,0.013812661472271344,-0.0008896586160523042,0.030809808411314706,0.0005926973028734946,-0.01089276890764046,0.016363445278339852,-0.0010539698329259646,0.03406876342834589,0.0004960530068502345,0.03211813409416564,0.013812661472271344,-0.0008896586160523042,0.019397485100961176,0.000591953568325731,0.02191140069792788,0.016363445278339852,-0.0010539698329259646,-0.026224901036615383,0.0004991499911188511,0.07435615243224558,0.013812661472271344,-0.0008896586160523042
22.50424549791359,0.0327448165240976,0.000605422746714138,0.007196340483687294,0.016738454693177036,-0.0010781269006956888,0.006606767499931795,0.0005114721737603262,0.008504891027057648,0.014129219160273486,-0.0009100496826985557,0.06115271833765373,0.0006176846854568834,0.017472974093086235,0.016738454693177036,-0.0010781269006956888,-0.0018371308457192136,0.0005116864215161711,0.018632246814010288,0.014129219160273486,-0.0009100496826985557,-0.003925955557201703,0.0006062821030773155,0.013413377460215314,0.016738454693177036,-0.0010781269006956888,0.037478308850600356,0.0005074227128685599,0.006382931911147693,0.014129219160273486,-0.0009100496826985557,0.015328114011496807,0.0006055213220480312,0.011872863640462944,0.016738454693177036,-0.0010781269006956888,0.0070367304534941395,0.0005105906802685161,0.09347375470935515,0.014129219160273486,-0.0009100496826985557
22.760685868669803,0.018317050832038988,0.0006192992147293122,0.02708585281469962,0.017122057341658725,-0.0011028376460161698,0.019310556982901593,0.0005231952883315552,0.014754849968791173,0.014453030949831186,-0.0009309081116074973,0.07144868054204562,0.0006318421976589858,0.03082917313426259,0.017122057341658725,-0.0011028376460161698,0.0057257645752164755,0.0005234144466909348,0.038797713061945203,0.014453030949831186,-0.0009309081116074973,0.0031615362576061304,0.0006201782674711862,0.034265853785617195,0.017122057341658725,-0.0011028376460161698,0.01959926711373508,0.0005190530134787396,-0.017053834052422445,0.014453030949831186,-0.0009309081116074973,0.025784763564570823,0.0006194000493740696,0.0015740519345438797,0.017122057341658725,-0.0011028376460161698,0.032744410869420995,0.0005222935909041948,0.14182235202362503,0.014453030949831186,-0.0009309081116074973
23.020048428652906,0.018317050832038988,0.0006334937320606986,0.02708585281469962,0.01751445008724495,-0.0011281147589513548,0.019310556982901593,0.0005351870976045206,0.014754849968791173,0.014784263038917536,-0.0009522446144531704,0.07144868054204562,0.0006463242007239424,0.03082917313426259,0.01751445008724495,-0.0011281147589513548,0.0057257645752164755,0.000535411279175679,0.038797713061945203,0.014784263038917536,-0.0009522446144531704,0.0031615362576061304,0.0006343929327607331,0.034265853785617195,0.01751445008724495,-0.0011281147589513548,0.01959926711373508,0.000530949881532013,-0.017053834052422445,0.014784263038917536,-0.0009522446144531704,0.025784763564570823,0.0006335968778900733,0.0015740519345438797,0.01751445008724495,-0.0011281147589513548,0.032744410869420995,0.0005342647332618394,0.14182235202362503,0.014784263038917536,-0.0009522446144531704
23.282366476792625,0.018317050832038988,0.000648013588320864,0.02708585281469962,0.017915834298306555,-0.0011539712202668754,0.019310556982901593,0.0005474537600785003,0.014754849968791173,0.015123085428795957,-0.000974070148766203,0.07144868054204562,0.0006611381318727251,0.03082917313426259,0.017915834298306555,-0.0011539712202668754,0.0057257645752164755,0.0005476830798850381,0.038797713061945203,0.015123085428795957,-0.000974070148766203,0.0031615362576061304,0.0006489333988091402,0.034265853785617195,0.017915834298306555,-0.0011539712202668754,0.01959926711373508,0.0005431194267100804,-0.017053834052422445,0.015123085428795957,-0.000974070148766203,0.025784763564570823,0.0006481190982744784,0.0015740519345438797,0.017915834298306555,-0.0011539712202668754,0.032744410869420995,0.0005465102551167971,0.14182235202362503,0.015123085428795957,-0.000974070148766203
23.547673691466596,0.002278085210818674,0.0006628662403452992,0.016235751465962636,0.018326415960101435,-0.0011804203083309998,0.01109583957231671,0.0005600015754166399,-0.008210871012640841,0.015469672018808599,-0.0009963959227738005,0.05015688972221494,0.0006762915988683164,0.013758220598608317,0.018326415960101435,-0.0011804203083309998,-0.016445543477577627,0.0005602361511963833,0.017228438717416382,0.015469672018808599,-0.0009963959227738005,-0.00964391643765488,0.0006638071328507536,0.0041413486520637255,0.018326415960101435,-0.0011804203083309998,0.05348304336928503,0.0005555678987409881,0.013099682604497787,0.015469672018808599,-0.0009963959227738005,0.002126479333499076,0.000662974168559755,-0.020670189890178742,0.018326415960101435,-0.0011804203083309998,0.02242654764594017,0.0005590364451944404,0.12499698620874722,0.015469672018808599,-0.0009963959227738005
23.816004134824308,-0.01376088041040164,0.000678059315609362,-0.004734796031947638,0.018746405770305043,-0.001207475605950622,0.025606177381810445,0.0005728369874552987,0.0030158109036183545,0.015824200684231394,-0.0010192334018257008,0.08064751454426183,0.0006917923837448927,0.02561225958897617,0.018746405770305043,-0.001207475605950622,-0.01436091868866016,0.0005730769397740254,0.012043027742790499,0.015824200684231394,-0.0010192334018257008,-0.02929722599666256,0.0006790217734036366,-0.03358098240602081,0.018746405770305043,-0.001207475605950622,0.06799678974402393,0.0005683016906264474,0.0380800649808819,0.015824200684231394,-0.0010192334018257008,-0.004752777036257982,0.000678169717506921,-0.02136297641050397,0.018746405770305043,-0.001207475605950622,0.004531325541739146,0.0005718497364090185,0.11298782900146631,0.015824200684231394,-0.0010192334018257008
24.08739225716025,-0.01376088041040164,0.0006936006166227719,-0.004734796031947638,0.01917601924785914,-0.0012351510069127662,0.025606177381810445,0.0005859665880540913,0.0030158109036183545,0.016186853381226156,-0.001042594314010467,0.08064751454426183,0.0007076484470767769,0.02561225958897617,0.01917601924785914,-0.0012351510069127662,-0.01436091868866016,0.0005862120400026905,0.012043027742790499,0.016186853381226156,-0.001042594314010467,-0.02929722599666256,0.000694585134037286,-0.03358098240602081,0.01917601924785914,-0.0012351510069127662,0.06799678974402393,0.0005813273419345815,0.0380800649808819,0.016186853381226156,-0.001042594314010467,-0.004752777036257982,0.0006937135489460354,-0.02136297641050397,0.01917601924785914,-0.0012351510069127662,0.004531325541739146,0.0005849567091100797,0.11298782900146631,0.016186853381226156,-0.001042594314010467
24.361872901336884,0.01107213468968054,0.0007094981246759119,0.013182982743159613,0.01961547685203159,-0.0012634607238692936,0.019245907066320532,0.0005993971198195138,0.010772585959251013,0.016557816227214594,-0.0010664906560548353,0.03274988232132753,0.0007238679316416193,0.014479219589860093,0.01961547685203159,-0.0012634607238692936,-0.005425569859743161,0.0005996481976001975,0.003690177361799626,0.016557816227214594,-0.0010664906560548353,-0.02478294604792957,0.0007105052072384888,-0.010728163550303038,0.01961547685203159,-0.0012634607238692936,0.06864574636817092,0.0005946515419015997,0.044247866500949584,0.016557816227214594,-0.0010664906560548353,-0.002621084770139448,0.0007096136453836482,-0.011698266052046685,0.01961547685203159,-0.0012634607238692936,0.010184703093860843,0.0005983640943943123,0.12630226162626568,0.016557816227214594,-0.0010664906560548353
24.63948130725805,0.01107213468968054,0.0007257600038713291,0.013182982743159613,0.02006500408516508,-0.0012924192948344532,0.019245907066320532,0.0006131354801398133,0.010772585959251013,0.016937279603667265,-0.0010909346998649208,0.03274988232132753,0.0007404591671015975,0.014479219589860093,0.02006500408516508,-0.0012924192948344532,-0.005425569859743161,0.0006133923126552738,0.003690177361799626,0.016937279603667265,-0.0010909346998649208,-0.02478294604792957,0.0007267901687571541,-0.010728163550303038,0.02006500408516508,-0.0012924192948344532,0.06864574636817092,0.000608281133347152,0.044247866500949584,0.016937279603667265,-0.0010909346998649208,-0.002621084770139448,0.0007258781724007135,-0.011698266052046685,0.02006500408516508,-0.0012924192948344532,0.010184703093860843,0.0006120787777315767,0.12630226162626568,0.016937279603667265,-0.0010909346998649208
24.920253116393344,0.010118969846139962,0.0007423946056699106,0.04539114829890363,0.02052483161361441,-0.0013220415911732678,0.03453853474036713,0.0006271887243537813,0.032934367595397585,0.017325438248542997,-0.0011159389985577613,0.0388490813181846,0.0007574306738107622,0.0008001984444282462,0.02052483161361441,-0.0013220415911732678,-0.003763755102945664,0.000627451443438545,-0.014795839146157378,0.017325438248542997,-0.0011159389985577613,-0.021585174657802568,0.0007434483819461236,0.023344287922872353,0.02052483161361441,-0.0013220415911732678,0.07827550059118418,0.0006222231156754017,0.04627248844644072,0.017325438248542997,-0.0011159389985577613,-0.03805510042432536,0.0007425154825623593,-0.027982997752903666,0.02052483161361441,-0.0013220415911732678,-0.0037348454532575674,0.0006261078022455673,0.1123432485652398,0.017325438248542997,-0.0011159389985577613
25.204224376354002,0.010118969846139962,0.0007594104725786346,0.04539114829890363,0.02099519538659297,-0.0013523428252868862,0.03453853474036713,0.0006415640696309973,0.032934367595397585,0.017722491363338474,-0.0011415163929505525,0.0388490813181846,0.0007747911675073105,0.0008001984444282462,0.02099519538659297,-0.0013523428252868862,-0.003763755102945664,0.0006418328102442065,-0.014795839146157378,0.017722491363338474,-0.0011415163929505525,-0.021585174657802568,0.0007604884014971206,0.023344287922872353,0.02099519538659297,-0.0013523428252868862,0.07827550059118418,0.0006364846489385412,0.04627248844644072,0.017722491363338474,-0.0011415163929505525,-0.03805510042432536,0.0007595341200293872,-0.027982997752903666,0.02099519538659297,-0.0013523428252868862,-0.0037348454532575674,0.0006404583727502803,0.1123432485652398,0.017722491363338474,-0.0011415163929505525
25.491431545521003,-0.0018422523307177266,0.0007768163432863672,0.01615035734927102,0.021476336754444863,-0.0013833385576998006,0.00491292641871873,0.0006562688983581932,0.012049669053722734,0.018128642708402875,-0.0011676800179530513,0.04524246045662178,0.0007925495637182474,0.0030420895918273905,0.021476336754444863,-0.0013833385576998006,0.011893877632238616,0.0006565437985623155,0.016822430907533957,0.018128642708402875,-0.0011676800179530513,-0.013471084784482272,0.0007779189783046129,0.03208445415836658,0.021476336754444863,-0.0013833385576998006,0.05357509435178012,0.0006510730571441488,0.011350045807485998,0.018128642708402875,-0.0011676800179530513,-0.009361460640056607,0.0007769428247548897,-0.01784881210664188,0.021476336754444863,-0.0013833385576998006,0.013394941120049093,0.0006551378589068969,0.10916824975350292,0.018128642708402875,-0.0011676800179530513
25.781911497725847,-0.008549691197568605,0.0007946211565535845,-0.019939284134559074,0.02196850258820278,-0.001415044706078792,-0.03336155011843182,0.0006713107623315432,0.017226096874867092,0.018544100711415407,-0.0011944433097861515,0.0390362147693622,0.0008107149822004116,-0.01841168527100001,0.02196850258820278,-0.001415044706078792,0.027233449689773283,0.0006715919632652946,0.041661421312780576,0.018544100711415407,-0.0011944433097861515,-0.018869033132675454,0.0007957490638897103,0.033046086146556575,0.02196850258820278,-0.001415044706078792,0.04115484877520184,0.0006659958322489122,-0.01940366031902485,0.018544100711415407,-0.0011944433097861515,0.010060438174148145,0.000794750536925521,0.013908052674189625,0.02196850258820278,-0.001415044706078792,0.00021804818877920254,0.0006701537994083758,0.08678093885512195,0.018544100711415407,-0.0011944433097861515
26.07570152698471,-0.008549691197568605,0.0008128340559812107,-0.019939284134559074,0.02247194541579859,-0.0014474775525224835,-0.03336155011843182,0.0006866973862969192,0.017226096874867092,0.018969078567274675,-0.0012218200125462277,0.0390362147693622,0.0008292967519038295,-0.01841168527100001,0.02247194541579859,-0.0014474775525224835,0.027233449689773283,0.0006869850323931032,0.041661421312780576,0.018969078567274675,-0.0012218200125462277,-0.018869033132675454,0.0008139878149780612,0.033046086146556575,0.02247194541579859,-0.0014474775525224835,0.04115484877520184,0.0006812606379168753,-0.01940366031902485,0.018969078567274675,-0.0012218200125462277,0.010060438174148145,0.000812966401707188,0.013908052674189625,0.02247194541579859,-0.0014474775525224835,0.00021804818877920254,0.0006855139057453594,0.08678093885512195,0.018969078567274675,-0.0012218200125462277
26.37283935228653,-0.006863072597333271,0.0008314643947791596,-0.033031469631499874,0.022986923540909997,-0.0014806537526042833,-0.013898638130328248,0.0007024366721919153,0.022973528312511315,0.019403794359120097,-0.0012498241852600786,0.05466151666986502,0.0008483044154160052,0.0043081207914971165,0.022986923540909997,-0.0014806537526042833,0.03882457273720077,0.0007027309110809118,0.029240074749320187,0.019403794359120097,-0.0012498241852600786,-0.01606285519024702,0.0008326445978788265,0.007428067181959874,0.022986923540909997,-0.0014806537526042833,0.06657568535358219,0.0006968753132909811,-0.027660628790108888,0.019403794359120097,-0.0012498241852600786,-0.008847890565113148,0.0008315997739017396,-0.0009953545583517298,0.022986923540909997,-0.0014806537526042833,-0.0024327496240544137,0.000701226066220649,0.09939100336170381,0.019403794359120097,-0.0012498241852600786
26.673363122435635,-0.006863072597333271,0.0008505217405943567,-0.033031469631499874,0.023513701188028202,-0.001514590343236726,-0.013898638130328248,0.0007185367027840316,0.022973528312511315,0.019848471155214674,-0.0012784702089801024,0.05466151666986502,0.000867747734057717,0.0043081207914971165,0.023513701188028202,-0.001514590343236726,0.03882457273720077,0.0007188376856504801,0.029240074749320187,0.019848471155214674,-0.0012784702089801024,-0.01606285519024702,0.000851728993970289,0.007428067181959874,0.023513701188028202,-0.001514590343236726,0.06657568535358219,0.0007128478775126599,-0.027660628790108888,0.019848471155214674,-0.0012784702089801024,-0.008847890565113148,0.0008506602226187785,-0.0009953545583517298,0.023513701188028202,-0.001514590343236726,-0.0024327496240544137,0.0007172983497281885,0.09939100336170381,0.019848471155214674,-0.0012784702089801024
26.97731142094965,-0.018772496382442667,0.0008700158803191532,-0.03370133067895213,0.024052548619445682,-0.0015493047522719475,-0.01206026179686496,0.000735005746359664,0.035805951161622995,0.02030333713958475,-0.001307772794779076,0.060777737130068454,0.0008876366930054789,0.012065404437877958,0.024052548619445682,-0.0015493047522719475,0.04085770291473436,0.0007353136277842317,0.024282575083442524,0.02030333713958475,-0.001307772794779076,-0.033809382813566984,0.0008712508039123521,-0.006854928322037268,0.024052548619445682,-0.0015493047522719475,0.08294203716700291,0.0007291865330840913,-0.008850146385256608,0.02030333713958475,-0.001307772794779076,-0.014769170383174157,0.0008701575362807804,0.02174794934444116,0.024052548619445682,-0.0015493047522719475,-0.008346658506246645,0.0007337390102357215,0.13038399245694277,0.02030333713958475,-0.001307772794779076
27.28472327101303,-0.024885848829789566,0.0008899568250440458,-0.0029970211606814984,0.024603742289260478,-0.0015848148067442475,0.004781393598555969,0.000751852260608671,0.013096803989120498,0.020768625715593285,-0.0013377469906230516,0.03069953087078542,0.0009079815061108855,-0.00869391903640937,0.024603742289260478,-0.0015848148067442475,0.016824775745049283,0.000752167198681736,0.021466620438331106,0.020768625715593285,-0.0013377469906230516,-0.02330936555637713,0.0008912200530254282,0.02258587442746085,0.024603742289260478,-0.0015848148067442475,0.07609723026080498,0.000745899670948524,0.006640961730433048,0.020768625715593285,-0.0013377469906230516,0.0044586861448058235,0.0008901017277917956,0.014161934521255054,0.024603742289260478,-0.0015848148067442475,-0.011651332462596902,0.0007505564909297229,0.11765070368599706,0.020768625715593285,-0.0013377469906230516
27.59563814048723,-0.024885848829789566,0.0009103548154844458,-0.0029970211606814984,0.025167564983704684,-0.0016211387418593088,0.004781393598555969,0.0007690848971258089,0.013096803989120498,0.02124457562920849,-0.0013684081894622024,0.03069953087078542,0.0009287926214080545,-0.00869391903640937,0.025167564983704684,-0.0016211387418593088,0.016824775745049283,0.0007694070535341387,0.021466620438331106,0.02124457562920849,-0.0013684081894622024,-0.02330936555637713,0.0009116469966053337,0.02258587442746085,0.025167564983704684,-0.0016211387418593088,0.07609723026080498,0.000762995874064195,0.006640961730433048,0.02124457562920849,-0.0013684081894622024,0.0044586861448058235,0.0009105030394146052,0.014161934521255054,0.025167564983704684,-0.0016211387418593088,-0.011651332462596902,0.0007677594283157284,0.11765070368599706,0.02124457562920849,-0.0013684081894622024
27.910095946977876,-0.03202856009763239,0.0009312203269712496,0.02033354423554752,0.02574430595021084,-0.001658295211478597,0.005842966318940842,0.0007867125056264895,0.01881441299949571,0.021731431093385656,-0.0013997721368450766,0.020069397028146307,0.0009500807265069062,-0.02904315726393014,0.02574430595021084,-0.001658295211478597,0.01441703127315377,0.000787042045842126,0.02637460706457425,0.021731431093385656,-0.0013997721368450766,-0.02746581916493234,0.0009325421248019872,0.03472578430011575,0.02574430595021084,-0.001658295211478597,0.06807572134672493,0.0007804839221755857,0.019367625008495537,0.021731431093385656,-0.0013997721368450766,0.014523786082027867,0.0009313719481836227,0.0077774607013591235,0.02574430595021084,-0.001658295211478597,-0.0005017905761575507,0.0007853566570666569,0.10802659386640667,0.021731431093385656,-0.0013997721368450766
28.228137062959657,-0.024568544694179635,0.0009525640748402201,0.022396285098849347,0.026334261064368644,-0.001696303296398186,0.01658616895200645,0.0008047441388410931,0.012346822823824932,0.022229441912162275,-0.0014318549393573835,0.045747895971222585,0.0009718567536099999,-0.00039773385608532497,0.026334261064368644,-0.001696303296398186,0.027501506417102053,0.0008050812321385953,0.040913281214666385,0.022229441912162275,-0.0014318549393573835,0.006112211024531362,0.0009539161681958241,0.047878528727328784,0.026334261064368644,-0.001696303296398186,0.08592577958978434,0.0007983727962970638,0.04458736911164607,0.022229441912162275,-0.0014318549393573835,0.0003647434779784353,0.0009527191712287027,0.004909750841168764,0.026334261064368644,-0.001696303296398186,-0.005722169389281977,0.000803357214257601,0.10735588882516933,0.022229441912162275,-0.0014318549393573835
28.54980232095968,-0.024568544694179635,0.0009743970201314439,0.022396285098849347,0.026937732974936703,-0.0017351825151288567,0.01658616895200645,0.0008231890568883025,0.012346822823824932,0.022738863609022587,-0.001464673072570765,0.045747895971222585,0.0009941318858788647,-0.00039773385608532497,0.026937732974936703,-0.0017351825151288567,0.027501506417102053,0.0008235338763600553,0.040913281214666385,0.022738863609022587,-0.001464673072570765,0.006112211024531362,0.0009757801034914448,0.047878528727328784,0.026937732974936703,-0.0017351825151288567,0.08592577958978434,0.000816671683203957,0.04458736911164607,0.022738863609022587,-0.001464673072570765,0.0003647434779784353,0.0009745556713029655,0.004909750841168764,0.026937732974936703,-0.0017351825151288567,-0.005722169389281977,0.0008217703440438842,0.10735588882516933,0.022738863609022587,-0.001464673072570765
28.875133018799882,-0.026432193448190318,0.000996730375193877,0.03916126017033801,0.02755503124776828,-0.0017749528330291712,0.04602362578586757,0.0008420567321341162,0.03566654462690877,0.023259957550284,-0.001498243389932883,0.058395103689890926,0.0010169175625791868,0.033656757460485465,0.02755503124776828,-0.0017749528330291712,0.028864848881617024,0.0008424094548849843,0.041282321496256956,0.023259957550284,-0.001498243389932883,0.021992804475884427,0.0009981451586284508,0.06831656737120662,0.02755503124776828,-0.0017749528330291712,0.09162888204771671,0.0008353899803977385,0.03497985301906681,0.023259957550284,-0.001498243389932883,-0.005636835746971713,0.0009968926626245367,0.029827871909202136,0.02755503124776828,-0.0017749528330291712,-0.01993365234634074,0.0008406055023696776,0.11164826299214181,0.023259957550284,-0.001498243389932883
29.204170924899092,-0.0006574808234913257,0.0010195756090734661,0.05440194666058969,0.028186472544304807,-0.0018156346734885746,0.03639140000847626,0.0008613568540505477,0.03420814894628321,0.023792991096468492,-0.0015325831308550832,0.0672181858974184,0.001040225485143481,0.04579466193460513,0.028186472544304807,-0.0018156346734885746,-0.004099041956398407,0.0008617176612305294,0.021970020826837598,0.023792991096468492,-0.0015325831308550832,0.024115221571522412,0.001021022819247537,0.04752246920371073,0.028186472544304807,-0.0018156346734885746,0.07702566556130644,0.0008545373005502167,0.005772299185302643,0.023792991096468492,-0.0015325831308550832,0.017679431297055515,0.0010197416161393173,0.027041028652203286,0.028186472544304807,-0.0018156346734885746,-0.006385965965942025,0.000859872362133349,0.10728082716963283,0.023792991096468492,-0.0015325831308550832
29.536958283635613,-0.0006574808234913257,0.0010429444538939577,0.05440194666058969,0.02883238076294921,-0.001857248927823352,0.03639140000847626,0.0008810993342012766,0.03420814894628321,0.024338237717594288,-0.0015677099299594415,0.0672181858974184,0.001064067623366344,0.04579466193460513,0.02883238076294921,-0.001857248927823352,-0.004099041956398407,0.0008814684110207968,0.021970020826837598,0.024338237717594288,-0.0015677099299594415,0.024115221571522412,0.0010444248340106287,0.04752246920371073,0.02883238076294921,-0.001857248927823352,0.07702566556130644,0.0008741234767284324,0.005772299185302643,0.024338237717594288,-0.0015677099299594415,0.017679431297055515,0.001043114265797654,0.027041028652203286,0.02883238076294921,-0.001857248927823352,-0.006385965965942025,0.000879580817808659,0.10728082716963283,0.024338237717594288,-0.0015677099299594415
29.873537820770885,-0.0005374632955505512,0.0010668489104735644,0.06593522708188655,0.029493087220136924,-0.0018998169657065175,0.015372723354488546,0.0009012943113137367,0.012560031431923302,0.02489597714741839,-0.001603641826076136,0.07163898982792244,0.0010884562210168205,0.06128881894643479,0.029493087220136924,-0.0018998169657065175,-0.06057676650268549,0.000901671847375201,-0.002481328213108683,0.02489597714741839,-0.001603641826076136,0.01636573676502657,0.0010683632207844798,0.014160668734559123,0.029493087220136924,-0.0018998169657065175,0.03807838873854233,0.0008941585674572281,-0.011041722101641227,0.02489597714741839,-0.001603641826076136,0.039126973025252254,0.0010670226145200472,0.012971172263352676,0.029493087220136924,-0.0018998169657065175,-0.0035466026073279026,0.0008997409906306562,0.1169041901148209,0.02489597714741839,-0.001603641826076136
30.213952748934926,-0.013953038968359706,0.0010913012550133351,0.032920860568754165,0.030168930811500773,-0.0019433606472409343,-0.01806027487532439,0.000921952156418344,0.008815075877978695,0.02546649552204793,-0.0016403972713432192,0.10204346524630875,0.0011134038028232892,0.06729895711202383,0.030168930811500773,-0.0019433606472409343,-0.03656771087845188,0.0009223383456118528,0.03282909162089972,0.02546649552204793,-0.0016403972713432192,0.01714164816828962,0.0010928502731091673,0.023167751234276834,0.030168930811500773,-0.0019433606472409343,0.04079161275938328,0.0009146528617139664,-0.006789176922683993,0.02546649552204793,-0.0016403972713432192,0.019046219761482575,0.0010914789402857786,0.039574970920928015,0.030168930811500773,-0.0019433606472409343,0.01317181257405205,0.0009203632336442941,0.11298363158065539,0.02546649552204793,-0.0016403972713432192
30.558246773174304,-0.013953038968359706,0.0011163140447301523,0.032920860568754165,0.03086025818790122,-0.0019879023332014896,-0.01806027487532439,0.0009430834783556814,0.008815075877978695,0.026050085528084247,-0.0016779951409026802,0.10204346524630875,0.0011389231804299449,0.06729895711202383,0.03086025818790122,-0.0019879023332014896,-0.03656771087845188,0.0009434785190131521,0.03282909162089972,0.026050085528084247,-0.0016779951409026802,0.01714164816828962,0.0011178985661916708,0.023167751234276834,0.03086025818790122,-0.0019879023332014896,0.04079161275938328,0.000935616884156225,-0.006789176922683993,0.026050085528084247,-0.0016779951409026802,0.019046219761482575,0.0011164958025604128,0.039574970920928015,0.03086025818790122,-0.0019879023332014896,0.01317181257405205,0.0009414581375298426,0.11298363158065539,0.026050085528084247,-0.0016779951409026802
30.906464096563298,-0.024933751605967287,0.0011419001247947183,0.03553565967969459,0.03156742392896552,-0.002033464896598487,-0.04099003331204535,0.0009646991290075245,0.007466787867943192,0.02664704654458408,-0.0017164547422784922,0.0726971768461922,0.0011650274592494268,0.03299783244108079,0.03156742392896552,-0.002033464896598487,-0.01789274275643835,0.0009651032238832444,0.06630607473769863,0.02664704654458408,-0.0017164547422784922,0.02170177996208828,0.0011435209632633704,0.036546416151123196,0.03156742392896552,-0.002033464896598487,0.010542204440030317,0.0009570614008736437,-0.03620546252381729,0.02664704654458408,-0.0017164547422784922,0.011721339458359181,0.001142086048441201,0.0719107054507159,0.03156742392896552,-0.002033464896598487,-0.0031985249573501066,0.0009630365355061034,0.091785729529968,0.02664704654458408,-0.0017164547422784922
31.258649425879092,-0.004112344869230795,0.0011680726346981552,0.05968467638549353,0.03229079073300191,-0.0020800717350270516,-0.027821512525047533,0.000986810209046207,0.020234408408557836,0.027257684810201424,-0.001755795825724335,0.05704919279852799,0.001191730044630262,0.03172120082356977,0.03229079073300191,-0.0020800717350270516,0.0020468777371034598,0.0009872235657447793,0.04643842138109285,0.027257684810201424,-0.001755795825724335,0.024075326170349527,0.0011697306226061245,0.0454065075988529,0.03229079073300191,-0.0020800717350270516,0.0402800850683587,0.0009789974246263962,0.00617631696119858,0.027257684810201424,-0.001755795825724335,-0.022336582120969894,0.001168262819739116,0.01477630277675282,0.03229079073300191,-0.0020800717350270516,0.005650597665860697,0.0009851095089679622,0.11922127382431325,0.027257684810201424,-0.001755795825724335
31.614847977341487,-0.004112344869230795,0.0011948450151733805,0.05968467638549353,0.03303072959096322,-0.00212774678218025,-0.027821512525047533,0.0010094280734232184,0.020234408408557836,0.027882313568879883,-0.001796038593982393,0.05704919279852799,0.0012190446497785238,0.03172120082356977,0.03303072959096322,-0.00212774678218025,0.0020468777371034598,0.0010098509042856048,0.04643842138109285,0.027882313568879883,-0.001796038593982393,0.024075326170349527,0.00119654100394137,0.0454065075988529,0.03303072959096322,-0.00212774678218025,0.0402800850683587,0.0010014362206656334,0.00617631696119858,0.027882313568879883,-0.001796038593982393,-0.022336582120969894,0.0011950395592059998,0.01477630277675282,0.03303072959096322,-0.00212774678218025,0.005650597665860697,0.0010076883934455562,0.11922127382431325,0.027882313568879883,-0.001796038593982393
31.975105482418133,0.010558243603494603,0.0012222310149384431,0.05245682568207084,0.033787619982951864,-0.002176514519940039,-0.024144592840567393,0.0010325643375477306,0.018045662517702676,0.028521253231370128,-0.001837203712862452,0.027569740680865318,0.001246985301657876,0.028324650563548714,0.033787619982951864,-0.002176514519940039,-0.004203488878041538,0.0010329968596645646,0.023525344123867385,0.028521253231370128,-0.001837203712862452,0.011765059529777418,0.0012239658756034466,0.06678864933496109,0.033787619982951864,-0.002176514519940039,0.06461067595186346,0.0010243893120829425,0.03598502042338936,0.028521253231370128,-0.001837203712862452,-0.04112329758199229,0.0012224300179046225,-0.013128362716748748,0.033787619982951864,-0.002176514519940039,0.011956486966246255,0.0010307847842158761,0.126717787726091,0.028521253231370128,-0.001837203712862452
32.3394681936959,-0.015331539841649984,0.001250244697832588,0.03765449801077321,0.03456185007121825,-0.002226399991812976,-0.01766071692039254,0.0010562308828919083,0.0038683896713526122,0.029174831543615807,-0.001879312321861067,0.05241062206479935,0.0012755663489291693,0.036431353301904834,0.03456185007121825,-0.002226399991812976,0.025718041164785734,0.0010566733183347144,0.030065490870312815,0.029174831543615807,-0.001879312321861067,-0.00405565265541135,0.0012520193211646002,0.040889352604474793,0.03456185007121825,-0.002226399991812976,0.027528193979504706,0.0010478684865728863,0.033290267521714156,0.029174831543615807,-0.001879312321861067,-0.010846347748965202,0.0012504482619706343,-0.01247530552505402,0.03456185007121825,-0.002226399991812976,-0.010167102093932717,0.0010544105423844375,0.10255760794819335,0.029174831543615807,-0.001879312321861067
32.7079828908191,-0.015331539841649984,0.0012789004499882731,0.03765449801077321,0.03535381689914531,-0.0022774288146810958,-0.01766071692039254,0.0010804398632186126,0.0038683896713526122,0.029843383746205248,-0.001922386044624105,0.05241062206479935,0.0013048024691488154,0.036431353301904834,0.03535381689914531,-0.0022774288146810958,0.025718041164785734,0.0010808924392555846,0.030065490870312815,0.029843383746205248,-0.001922386044624105,-0.00405565265541135,0.0012807157474130182,0.040889352604474793,0.03535381689914531,-0.0022774288146810958,0.027528193979504706,0.0010718858015886722,0.033290267521714156,0.029843383746205248,-0.001922386044624105,-0.010846347748965202,0.001279108679738299,-0.01247530552505402,0.03535381689914531,-0.0022774288146810958,-0.010167102093932717,0.0010785778007003362,0.10255760794819335,0.029843383746205248,-0.001922386044624105
33.080696886495474,-0.027190381083410826,0.0013082129872415828,0.025718496128216486,0.03616392658835668,-0.0023296271928845065,-0.012779140708076323,0.0011052037109782864,0.02082852492404441,0.030527252757826754,-0.001966447000814315,0.04581626224882879,0.001334708676244096,0.043010050430667746,0.03616392658835668,-0.0023296271928845065,0.020527678572942267,0.0011056666600085087,0.04363480274034167,0.030527252757826754,-0.001966447000814315,-0.0013799060861764897,0.0013100698909802723,0.01409247240110767,0.03616392658835668,-0.0023296271928845065,0.017093467674682145,0.001096453591142266,0.034428093798638315,0.030527252757826754,-0.001966447000814315,0.015986958659270356,0.0013084259896002095,0.017862613991177417,0.03616392658835668,-0.0023296271928845065,-0.030905988585795446,0.0011032989702270128,0.07824979542712396,0.030527252757826754,-0.001966447000814315
33.457658032570485,-0.027190381083410826,0.001338197362784857,0.025718496128216486,0.036992594552810565,-0.0023830219311643274,-0.012779140708076323,0.0011305351434854622,0.02082852492404441,0.03122678933765043,-0.002011517816784579,0.04581626224882879,0.001365300328076394,0.043010050430667746,0.036992594552810565,-0.0023830219311643274,0.020527678572942267,0.0011310087032546693,0.04363480274034167,0.03122678933765043,-0.002011517816784579,-0.0013799060861764897,0.0013400968264393575,0.01409247240110767,0.036992594552810565,-0.0023830219311643274,0.017093467674682145,0.0011215844718480282,0.034428093798638315,0.03122678933765043,-0.002011517816784579,0.015986958659270356,0.0013384152471122572,0.017862613991177417,0.036992594552810565,-0.0023830219311643274,-0.030905988585795446,0.0011285867462276103,0.07824979542712396,0.03122678933765043,-0.002011517816784579
33.83891472617091,-0.027190381083410826,0.0013688689747066876,0.025718496128216486,0.037840245709674744,-0.002437640448441526,-0.012779140708076323,0.0011564471694109663,0.02082852492404441,0.03194235227495458,-0.0020576216374007523,0.04581626224882879,0.0013965931347132343,0.043010050430667746,0.037840245709674744,-0.002437640448441526,0.020527678572942267,0.0011569315831154439,0.04363480274034167,0.03194235227495458,-0.0020576216374007523,-0.0013799060861764897,0.0013708119736575845,0.01409247240110767,0.037840245709674744,-0.002437640448441526,0.017093467674682145,0.0011472913494363322,0.034428093798638315,0.03194235227495458,-0.0020576216374007523,0.015986958659270356,0.001369091852842161,0.017862613991177417,0.037840245709674744,-0.002437640448441526,-0.030905988585795446,0.001154454115089186,0.07824979542712396,0.03194235227495458,-0.0020576216374007523
34.224515915918495,0.009170212496240553,0.0014002435739495426,0.020005285594890523,0.03870731469347427,-0.00249351079221861,-0.022970601807443737,0.0011829530957421337,0.022288562931275346,0.03267430856419548,-0.002104782137958961,0.05469638849153352,0.0014286031661036023,0.040907533762596926,0.03870731469347427,-0.00249351079221861,-0.01532164399389033,0.0011834486121557488,0.038993000333515014,0.03267430856419548,-0.002104782137958961,0.007617044913507627,0.0014022311060819706,0.009080721388032287,0.03870731469347427,-0.00249351079221861,0.05233968925762336,0.0011735874255558608,0.05985463049211859,0.03267430856419548,-0.002104782137958961,-0.0016337861392538011,0.001400471560492921,0.028978589970645535,0.03870731469347427,-0.00249351079221861,-0.03796926255341963,0.001180914360945501,0.0870434422885833,0.03267430856419548,-0.002104782137958961
34.614511108214266,0.009170212496240553,0.0014323372726560476,0.020005285594890523,0.039594246079616695,-0.002550661652605942,-0.022970601807443737,0.0012100665344184328,0.022288562931275346,0.03342303359630541,-0.0021530235365900406,0.05469638849153352,0.0014613468605834815,0.040907533762596926,0.039594246079616695,-0.002550661652605942,-0.01532164399389033,0.0012105734080003695,0.038993000333515014,0.03342303359630541,-0.0021530235365900406,0.007617044913507627,0.0014343703585995222,0.009080721388032287,0.039594246079616695,-0.002550661652605942,0.05233968925762336,0.0012004862043573823,0.05985463049211859,0.03342303359630541,-0.0021530235365900406,-0.0016337861392538011,0.0014325704845529624,0.028978589970645535,0.039594246079616695,-0.002550661652605942,-0.03796926255341963,0.0012079810720716426,0.0870434422885833,0.03342303359630541,-0.0021530235365900406
35.00895037359459,0.016853864489413,0.0014651665520843404,0.035035291145436645,0.04050149460676159,-0.0026091223770946213,-0.010776552111995056,0.0012378014092383485,0.03843991914240774,0.03418891135458632,-0.0022023706060631566,0.08724837507162203,0.001494841033280169,0.04463256896138057,0.04050149460676159,-0.0026091223770946213,-0.010171472992738882,0.0012383199002485442,0.04878501665513731,0.03418891135458632,-0.0022023706060631566,0.0041469602114630535,0.0014672462359558301,0.03715000275152158,0.04050149460676159,-0.0026091223770946213,0.033033995621133655,0.0012280014993372307,0.042119606693120204,0.03418891135458632,-0.0022023706060631566,0.011304914504802865,0.0014654051092103642,0.04221749679477718,0.04050149460676159,-0.0026091223770946213,-0.023906182414892545,0.0012356681483463383,0.11034810018284458,0.03418891135458632,-0.0022023706060631566
35.40788435315959,0.016853864489413,0.001498748271249466,0.035035291145436645,0.0414295254196998,-0.0026689229861021377,-0.010776552111995056,0.0012661719631223425,0.03843991914240774,0.03497233459892812,-0.0022528486870191204,0.08724837507162203,0.0015291028845098257,0.04463256896138057,0.0414295254196998,-0.0026689229861021377,-0.010171472992738882,0.001266702337916251,0.04878501665513731,0.03497233459892812,-0.0022528486870191204,0.0041469602114630535,0.001500875620914318,0.03715000275152158,0.0414295254196998,-0.0026689229861021377,0.033033995621133655,0.0012561474408049114,0.042119606693120204,0.03497233459892812,-0.0022528486870191204,0.011304914504802865,0.0014989922959317348,0.04221749679477718,0.0414295254196998,-0.0026689229861021377,-0.023906182414892545,0.0012639898082758448,0.11034810018284458,0.03497233459892812,-0.0022528486870191204
35.81136426507482,0.016853864489413,0.0015330996753998695,0.035035291145436645,0.04237881429719183,-0.0027300941878102463,-0.010776552111995056,0.0012951927655872235,0.03843991914240774,0.0357737050842638,-0.002304483700962878,0.08724837507162203,0.0015641500089935275,0.04463256896138057,0.04237881429719183,-0.0027300941878102463,-0.010171472992738882,0.0012957352964535383,0.04878501665513731,0.0357737050842638,-0.002304483700962878,0.0041469602114630535,0.0015352757834268718,0.03715000275152158,0.04237881429719183,-0.0027300941878102463,0.033033995621133655,0.0012849384828949144,0.042119606693120204,0.0357737050842638,-0.002304483700962878,0.011304914504802865,0.0015333492931824677,0.04221749679477718,0.04237881429719183,-0.0027300941878102463,-0.023906182414892545,0.0012929605961154796,0.11034810018284458,0.0357737050842638,-0.002304483700962878
36.219441911147115,-0.009623421292683516,0.001568238405308529,0.014648405565491032,0.04334984789600793,-0.0027926673940112485,-0.021299992016334736,0.001324878719982587,0.039856377192239445,0.03659343374589182,-0.00235730216339049,0.05347407424829381,0.0016000004045323083,0.04779869729013109,0.04334984789600793,-0.0027926673940112485,0.0080248756716115,0.0013254336855343966,0.0717845502644527,0.03659343374589182,-0.00235730216339049,0.0023860673481464548,0.0015704643892249218,0.04334132823800496,0.04334984789600793,-0.0027926673940112485,0.04191392919643458,0.0013143894108940506,0.05352897925498823,0.03659343374589182,-0.00235730216339049,-0.00024365492879019346,0.0015684937442427011,0.04792783745529797,0.04334984789600793,-0.0027926673940112485,-0.014564418125724548,0.0013225953894860126,0.1131357468869798,0.03659343374589182,-0.00235730216339049
36.63216968347517,-0.009623421292683516,0.0016041825058302442,0.014648405565491032,0.04434312400035333,-0.002856674736515282,-0.021299992016334736,0.0013552450710620197,0.039856377192239445,0.0374319409239228,-0.002411331197316923,0.05347407424829381,0.001636672481508319,0.04779869729013109,0.04434312400035333,-0.002856674736515282,0.0080248756716115,0.0013558127562846953,0.0717845502644527,0.0374319409239228,-0.002411331197316923,0.0023860673481464548,0.0016064595087064075,0.04334132823800496,0.04434312400035333,-0.002856674736515282,0.04191392919643458,0.0013445153489267069,0.05352897925498823,0.0374319409239228,-0.002411331197316923,-0.00024365492879019346,0.0016044436970585004,0.04792783745529797,0.04434312400035333,-0.002856674736515282,-0.014564418125724548,0.0013529094070779837,0.1131357468869798,0.0374319409239228,-0.002411331197316923
37.04960057117615,-0.022557808197386904,0.0016409504354026622,0.013701388047539467,0.04535915177841969,-0.002922149083419399,-0.017936529879236142,0.001386307413187922,0.032058167812194394,0.03828965657177122,-0.0024665985475433604,0.07605109310636987,0.001674185072201612,0.058910699684206036,0.04535915177841969,-0.002922149083419399,0.0058153004845236346,0.0013868881096663294,0.07302499490129129,0.03828965657177122,-0.0024665985475433604,0.019581044877705907,0.0016432796265524274,0.05382423526134639,0.04535915177841969,-0.002922149083419399,0.047396121510390216,0.0013753317678784163,0.06506658089111284,0.03828965657177122,-0.0024665985475433604,-0.005103191304800192,0.0016412176130004745,0.05815650507661055,0.04535915177841969,-0.002922149083419399,-0.008258151286570741,0.001383918216226015,0.12208147288699078,0.03828965657177122,-0.0024665985475433604
37.47178816718877,-0.018865581909267078,0.0016785610756001026,0.026291357379246108,0.0463984520365661,-0.002989124055885888,0.003042044134503005,0.0014180816979376914,0.01599693424526094,0.039167020474444626,-0.002523132594654213,0.052517346208306004,0.0017125574405067751,0.06878733972294293,0.0463984520365661,-0.002989124055885888,0.02967886796163113,0.001418675703873194,0.07038378737638147,0.039167020474444626,-0.002523132594654213,0.025309112678604535,0.001680943651059234,0.0627844495684945,0.0463984520365661,-0.002989124055885888,0.045006129825088365,0.001406854493044766,0.06529019339959063,0.039167020474444626,-0.002523132594654213,-0.01145272396265773,0.0016788343768495326,0.05933962718103239,0.0463984520365661,-0.002989124055885888,0.028175640396762087,0.0014156377411167066,0.12665794333203206,0.039167020474444626,-0.002523132594654213
37.89878667515397,-0.035545317923417925,0.0017170337405569458,0.03486839532013815,0.047461557492171666,-0.003057634046111052,0.015702526431372453,0.0014505842426770477,0.025383871653032908,0.04006448247776352,-0.002580962369636213,0.01733250526335578,0.0017518092917581814,0.05543159734238878,0.047461557492171666,-0.003057634046111052,0.045606378160388615,0.0014511918631436118,0.05812467886145619,0.04006448247776352,-0.002580962369636213,0.04928212707547736,0.0017194709240262573,0.08394117877251384,0.047461557492171666,-0.003057634046111052,0.035211247407348295,0.001439099712674186,0.04722094552478495,0.04006448247776352,-0.002580962369636213,-0.010140426158381843,0.0017173133058500279,0.04254470011848391,0.047461557492171666,-0.003057634046111052,0.019755312057748237,0.0014480842709185134,0.11967837729236064,0.04006448247776352,-0.002580962369636213
38.33065091637406,-0.0011406975798277721,0.0017563881872304495,0.04415240966870056,0.048549013034767816,-0.003127714233701608,0.016202748859612447,0.001483831738613707,0.011607377871402202,0.04098250271641835,-0.0026401175683972208,0.023605057913774596,0.0017919607830205284,0.041402824724867116,0.048549013034767816,-0.003127714233701608,0.0409748971966293,0.0014844532855845134,0.059562357926053765,0.04098250271641835,-0.0026401175683972208,0.033047206937061376,0.0017588812301916076,0.08779747305380547,0.048549013034767816,-0.003127714233701608,0.02879605971019042,0.0014720839856941365,0.04113050099719828,0.04098250271641835,-0.0026401175683972208,0.024821520681599707,0.0017566741600709124,0.03086944564147523,0.048549013034767816,-0.003127714233701608,0.02352364440896589,0.0014812744680186816,0.129020303103496,0.04098250271641835,-0.0026401175683972208
38.76743633685098,-0.0011406975798277721,0.0017966446252399104,0.04415240966870056,0.04966137600918443,-0.0031994006048490435,0.016202748859612447,0.0015178412594266549,0.011607377871402202,0.04192155184236605,-0.0027006285679945117,0.023605057913774596,0.0018330325331562054,0.041402824724867116,0.04966137600918443,-0.0031994006048490435,0.0409748971966293,0.0015184770520938018,0.059562357926053765,0.04192155184236605,-0.0027006285679945117,0.033047206937061376,0.0017991948079330894,0.08779747305380547,0.04966137600918443,-0.0031994006048490435,0.02879605971019042,0.001505824250778459,0.04113050099719828,0.04192155184236605,-0.0027006285679945117,0.024821520681599707,0.00179693715248785,0.03086944564147523,0.04966137600918443,-0.0031994006048490435,0.02352364440896589,0.0015152253767895102,0.129020303103496,0.04192155184236605,-0.0027006285679945117
39.20919901440494,-0.023259797388653865,0.0018378237274429285,0.003005718525616999,0.05079921650922026,-0.0032727299705457773,0.009556151010173227,0.0015526302701971521,0.02599217832322409,0.0428821112741502,-0.002762526441328693,0.018322836092890038,0.001875045633702978,0.026825597411528235,0.05079921650922026,-0.0032727299705457773,0.030349188148455244,0.001553280635162137,0.057195350261554055,0.0428821112741502,-0.002762526441328693,0.011581507955553079,0.001840432359445221,0.07495780926912354,0.05079921650922026,-0.0032727299705457773,0.02926291967457753,0.001540337834723383,0.0664985693431035,0.0428821112741502,-0.002762526441328693,0.019388986655618168,0.0018381229593107207,0.04107787912886743,0.05079921650922026,-0.0032727299705457773,0.000146926545868193,0.0015499544322359691,0.1200532770010494,0.0428821112741502,-0.002762526441328693
39.655995665874116,-0.023259797388653865,0.001879946640473541,0.003005718525616999,0.05196311764824661,-0.0033477399850867446,0.009556151010173227,0.0015882166363733786,0.02599217832322409,0.04386467343751141,-0.0028258429733891838,0.018322836092890038,0.0019180216593702522,0.026825597411528235,0.05196311764824661,-0.0033477399850867446,0.030349188148455244,0.0015888819074711832,0.057195350261554055,0.04386467343751141,-0.0028258429733891838,0.011581507955553079,0.001882615061367901,0.07495780926912354,0.05196311764824661,-0.0033477399850867446,0.02926291967457753,0.001575642461443407,0.0664985693431035,0.04386467343751141,-0.0028258429733891838,0.019388986655618168,0.001880252730606589,0.04107787912886743,0.05196311764824661,-0.0033477399850867446,0.000146926545868193,0.0015854794688736542,0.1200532770010494,0.04386467343751141,-0.0028258429733891838
40.10788365439638,0.00316371848723334,0.0019230349955005437,0.03980295608881275,0.05315367587045767,-0.003424469165540605,-0.010149510673016874,0.0016246186326221274,0.015679851682722012,0.04486974201617305,-0.0028906106775948666,0.009591969273075984,0.001961982679648237,0.02415194360084294,0.05315367587045767,-0.003424469165540605,0.0345152741178252,0.001625299151512749,0.05742613219963651,0.04486974201617305,-0.0028906106775948666,0.037555516706019816,0.001925764575604407,0.09963604945281312,0.05315367587045767,-0.003424469165540605,0.008660283745554082,0.0016117562609313724,0.04022709428146243,0.04486974201617305,-0.0028906106775948666,-0.01927253595716627,0.0019233481011081495,0.0146156044907432,0.05315367587045767,-0.003424469165540605,0.010317710936883013,0.0016218187299257376,0.12373526077910424,0.04486974201617305,-0.0028906106775948666
40.56492099677403,0.01320652527563864,0.00196711091951445,0.03687153627799884,0.0543715012499866,-0.003502956911921675,-0.011735909368343936,0.0016618549524911508,0.0525274945098414,0.045897832211035466,-0.0029568628123805485,0.039364036522291423,0.0020069512695881937,0.07375197032963976,0.0543715012499866,-0.003502956911921675,0.029231956341667444,0.0016625510687323939,0.053602858672372876,0.045897832211035466,-0.0029568628123805485,0.012861107470131757,0.0019699030606313847,0.08013340630765364,0.0543715012499866,-0.003502956911921675,0.04323093299570327,0.001648697778876872,0.061675199737344144,0.045897832211035466,-0.0029568628123805485,-0.008029384473192125,0.0019674312014312536,0.02758695307218098,0.0543715012499866,-0.003502956911921675,0.012735829036616148,0.0016589908769140506,0.15051942810041052,0.045897832211035466,-0.0029568628123805485
41.027166370922366,0.021473915751535615,0.0020121970467130005,0.06510801533793693,0.0556172178045731,-0.003583243527039279,-0.016260241960487955,0.0016999447181339142,0.024394314462351185,0.046949471000968,-0.0030246333985724993,0.05585956642358664,0.002052950521568161,0.053505277828948095,0.0556172178045731,-0.003583243527039279,0.028074461673514708,0.001700656789134609,0.06052743544283153,0.046949471000968,-0.0030246333985724993,-0.021718342371579595,0.002015053182589233,0.046454764594643705,0.0556172178045731,-0.003583243527039279,0.04631354851741601,0.0016864859859363611,0.05906544663262281,0.046949471000968,-0.0030246333985724993,-0.02822320732467054,0.002012524669306152,0.03665864604343874,0.0556172178045731,-0.003583243527039279,0.006201737523648016,0.0016970149987688109,0.1375135682535753,0.046949471000968,-0.0030246333985724993
41.49467912340327,-0.003893376029839586,0.0020583165297132786,0.055090525503007484,0.05689146380836064,-0.0036653702371987965,-0.015532425291258459,0.0017389074896454904,0.02522602607883584,0.04802519741503619,-0.0030939572362509663,0.0614129118173366,0.0021000040572959153,0.05822098829215372,0.05689146380836064,-0.0036653702371987965,0.021939906947134904,0.0017396358811431806,0.05013811680455312,0.04802519741503619,-0.0030939572362509663,-0.02413022450250118,0.002061238127061002,0.0630891893916482,0.05689146380836064,-0.0036653702371987965,0.06930608476192116,0.0017251402874474523,0.05134196914928779,0.04802519741503619,-0.0030939572362509663,-0.02978570518124235,0.0020586516613661345,0.0652906573581479,0.05689146380836064,-0.0036653702371987965,0.0028955652579456155,0.0017359106220458454,0.17070143487902567,0.04802519741503619,-0.0030939572362509663
41.9675192770446,0.011827038638056835,0.002105493052111705,0.06278753574868585,0.05819489212116906,-0.003749379213685247,0.030194360181564482,0.0017787632757604167,0.04947939415640945,0.04912556279565738,-0.003164869923504754,0.028464880871884868,0.002148136039781058,0.05487859869980605,0.05819489212116906,-0.003749379213685247,0.009550735881179963,0.0017795083617475318,0.06020949465066657,0.04912556279565738,-0.003164869923504754,-0.0069058599363686565,0.0021084816112157696,0.051233929283143964,0.05819489212116906,-0.003749379213685247,0.06720557936191265,0.001764680533683741,0.03393123912433538,0.04912556279565738,-0.003164869923504754,-0.04734777110040034,0.002105835864774253,0.060110555515450775,0.05819489212116906,-0.003749379213685247,0.028267992466447917,0.0017756977208937272,0.1387001743785572,0.04912556279565738,-0.003164869923504754
42.44574753864624,-0.02657043428387213,0.0021537508399545593,0.04578181854849757,0.05952817051526816,-0.0038353135935632757,0.03373404048639025,0.0018195325434403895,0.05076418575176944,0.05025113110022589,-0.003237407873718135,0.05357494855738448,0.0021973711858796654,0.056367876146813045,0.05952817051526816,-0.0038353135935632757,-0.005691898795395088,0.0018202947065724623,0.06762871991098059,0.05025113110022589,-0.003237407873718135,0.004524845036153309,0.0021568078954737916,0.06060571355994904,0.05952817051526816,-0.0038353135935632757,0.06214404903122708,0.0018051270295394136,0.06200708201088645,0.05025113110022589,-0.003237407873718135,-0.0277552295802318,0.002154101509742776,0.08999049983568277,0.05952817051526816,-0.0038353135935632757,0.03724293667551644,0.0018163967270465211,0.17135814026784257,0.05025113110022589,-0.003237407873718135
42.92942530677422,-0.015880471918940216,0.002203114674718166,0.05823696039825717,0.060891982022584716,-0.003923217502938883,0.023568706250447567,0.0018612362288642828,0.038197166061268883,0.05140247916248822,-0.003311608334970195,0.03295492670862782,0.0022477347787538985,0.04725733718630687,0.060891982022584716,-0.003923217502938883,-0.013417278392705765,0.0018620158605171925,0.05210152546012999,0.05140247916248822,-0.003311608334970195,-0.0018033113551624777,0.0022062417965810315,0.0555626365006473,0.060891982022584716,-0.003923217502938883,0.05503407501947957,0.0018465005455757045,0.04130847743343935,0.05140247916248822,-0.003311608334970195,-0.046402003529474656,0.0022034733816533817,0.051690888921378436,0.060891982022584716,-0.003923217502938883,0.029078676611467198,0.0018580285406596523,0.17399650137937184,0.05140247916248822,-0.003311608334970195
43.41861467964346,0.005756302044233323,0.002253609905631345,0.061217578249891005,0.06228702527625561,-0.004013136079037464,0.06261808278326704,0.0019038957481312467,0.08108949040919355,0.05258019701295967,-0.003387509408765664,0.002648371632675117,0.0022992526810755795,0.04050460120849786,0.06228702527625561,-0.004013136079037464,-0.022052516407929244,0.0019046932485837706,0.058053999446854264,0.05258019701295967,-0.003387509408765664,0.006369377025782726,0.0022568086996846695,0.08820212514700765,0.06228702527625561,-0.004013136079037464,0.047799765721004334,0.0018888223281846286,0.039574645222621996,0.05258019701295967,-0.003387509408765664,-0.04759518027834864,0.0022539768340101092,0.017515808009790496,0.06228702527625561,-0.004013136079037464,0.02477207648879594,0.0019006145408029438,0.13956746718572188,0.05258019701295967,-0.003387509408765664
43.91337846309051,-0.02001667419685988,0.002305262463015631,0.025068163645193778,0.06371401486694507,-0.004105115493187113,0.03812410282425923,0.0019475330078310873,0.07799229862542034,0.053784888161019166,-0.0034651500700162313,0.02244743322457904,0.002351951348235147,0.04762818580890149,0.06371401486694507,-0.004105115493187113,-0.0006115320481230079,0.0019483487866710993,0.059785565813633,0.053784888161019166,-0.0034651500700162313,0.004881119674932606,0.002308534571823577,0.06109069060859562,0.06371401486694507,-0.004105115493187113,0.04193848863239505,0.0019321141106959838,0.028193228426289352,0.053784888161019166,-0.0034651500700162313,-0.0005069511532506121,0.0023056378012011086,0.04932327610412593,0.06371401486694507,-0.004105115493187113,0.026795038710689407,0.0019441765964225565,0.16983279953584796,0.053784888161019166,-0.0034651500700162313
44.413780178636884,-0.0022327586895760157,0.0023580988713531913,0.05431472250752674,0.06517368170759966,-0.004199202974850342,0.026527324168714804,0.0019921704168740415,0.07488689753640088,0.055017169903777384,-0.0035445701864618337,0.03588881790101933,0.0024058578418296797,0.04590006432678828,0.06517368170759966,-0.004199202974850342,0.024260310284595323,0.001993004893150147,0.057407636813358,0.055017169903777384,-0.0035445701864618337,-0.02055023356462165,0.0023614459751869696,0.04354662518251595,0.06517368170759966,-0.004199202974850342,0.016355453356068167,0.0019763981246427465,-0.0050972444898818026,0.055017169903777384,-0.0035445701864618337,0.025332674499741414,0.002358482812040875,0.04147563520684408,0.06517368170759966,-0.004199202974850342,0.006662707340611102,0.001988737077864301,0.168663135935881,0.055017169903777384,-0.0035445701864618337
44.91988407164457,-0.01184521559297353,0.002412146262994372,0.026147246287663364,0.06666677340414472,-0.004295446835816015,0.017743845097822307,0.0020378308977017576,0.07796480227269853,0.05627767365105657,-0.003625810539726872,0.04932849521454724,0.002460999843801996,0.0754530253600384,0.06666677340414472,-0.004295446835816015,0.014158204709402458,0.0020386844997991663,0.042332620391483076,0.05627767365105657,-0.003625810539726872,-0.025716395716260436,0.0024155700807273143,0.0827683408826777,0.06666677340414472,-0.004295446835816015,0.015750020539352177,0.0020216971107914275,0.016828705141641365,0.05627767365105657,-0.003625810539726872,0.0010760173059066735,0.0024125390034141396,0.03668605912574954,0.06666677340414472,-0.004295446835816015,0.008479021960167994,0.0020343188679652078,0.15229957309855036,0.05627767365105657,-0.003625810539726872
45.43175511956424,-0.025986044112254532,0.0024674323920728346,0.021889815126321224,0.06819405463513083,-0.0043938964946898034,0.0009148560984862577,0.0020845378980672,0.08796843370786689,0.05756704523402579,-0.0037089128458053294,0.043334009588031075,0.002517405670127832,0.07688869441715462,0.06819405463513083,-0.0043938964946898034,0.03557297849994525,0.0020854110643317094,0.05952388078549383,0.05756704523402579,-0.0037089128458053294,-0.02986426411291781,0.002470934681892132,0.06580910062879164,0.06819405463513083,-0.0043938964946898034,0.015531997835923433,0.0020680343314509585,0.024949147024639018,0.05756704523402579,-0.0037089128458053294,-0.005877202640741985,0.0024678341339075555,0.04443208957634717,0.06819405463513083,-0.0043938964946898034,0.041221717549427786,0.002080945374005187,0.1864458569514309,0.05756704523402579,-0.0037089128458053294
45.949459040277624,-0.013951884230294538,0.0025239856488826805,0.06360806080694499,0.0697563075389901,-0.004494602502683093,0.026814877777937417,0.002132315402926399,0.0835053760994019,0.05888594524753255,-0.0037939197763217918,0.036466286950898985,0.002575104286164181,0.05561870847101369,0.0697563075389901,-0.004494602502683093,0.03505488924667246,0.002133208581796645,0.07960723975332847,0.05888594524753255,-0.0037939197763217918,0.02198511525307218,0.002527568209176409,0.08229138206082476,0.0697563075389901,-0.004494602502683093,0.009054986879059285,0.0021154335816883233,0.04379408212966496,0.05888594524753255,-0.0037939197763217918,0.01332354143398129,0.0025243965984721646,0.04579497520975942,0.0697563075389901,-0.004494602502683093,0.02571012985395323,0.0021286405398283806,0.17023394328979902,0.05888594524753255,-0.0037939197763217918
46.473062300534835,0.010229587555379553,0.0025818350742739735,0.08521065956652703,0.07135433211828844,-0.0045976165693751,0.01784907860214354,0.0021811879471515315,0.07906007834644313,0.06023504936843352,-0.0038808749814649196,0.04670419709328538,0.0026341253207703493,0.07463794681795599,0.07135433211828844,-0.0045976165693751,-0.003132211793503513,0.0021821015972564983,0.027865219065573897,0.06023504936843352,-0.0038808749814649196,-0.029208108475090526,0.002585499744741598,0.060035003811728216,0.07135433211828844,-0.0045976165693751,0.032722898035993736,0.0021639192020635667,0.059797839125451446,0.06023504936843352,-0.0038808749814649196,0.010366460551919032,0.0025822554424834105,0.05593929631832176,0.07135433211828844,-0.0045976165693751,0.03274132809645432,0.0021774288578622486,0.17612775201965758,0.06023504936843352,-0.0038808749814649196
47.00263212448785,-0.0052430930363802156,0.0026410103744945665,0.07581601998388916,0.07298894663361233,-0.004702991589241677,0.011964811489694046,0.0022311806277849153,0.0687465046052037,0.061615048715690415,-0.003969823111168846,0.08618688723967832,0.002694499081833468,0.1068506896819178,0.07298894663361233,-0.004702991589241677,0.002826159478320124,0.002232115218317134,0.05975326568856595,0.061615048715690415,-0.003969823111168846,0.0027462173970518935,0.0026447590371010766,0.09037435579218334,0.07298894663361233,-0.004702991589241677,0.042620257826554236,0.00221351609102915,0.08133213303531761,0.061615048715690415,-0.003969823111168846,0.008109591158068752,0.0026414403773310402,0.07277331757350716,0.07298894663361233,-0.004702991589241677,-0.014062492144299815,0.0022273353818441375,0.1561950070686866,0.061615048715690415,-0.003969823111168846
47.53823650232132,-0.025162838513466297,0.0027015419367615147,0.06680826505753441,0.07466098803196768,-0.004810781668542173,0.027528238343482135,0.002282319116961818,0.08538687098837527,0.06302665019645262,-0.004060809838418151,0.09288159912170496,0.0027562565718910457,0.08331344905476123,0.07466098803196768,-0.004810781668542173,-0.014798849197188855,0.0022832751278499936,0.05852355266539085,0.06302665019645262,-0.004060809838418151,0.015605642736284793,0.0027053765163732365,0.09646478021900984,0.07466098803196768,-0.004810781668542173,0.0836539197172659,0.002264249717487186,0.0950464809049123,0.06302665019645262,-0.004060809838418151,0.02519660750191599,0.0027019817950071747,0.07536501914525609,0.07466098803196768,-0.004810781668542173,-0.01502628071339122,0.0022783857399004343,0.1560685235518886,0.06302665019645262,-0.004060809838418151
48.07994419898155,-0.01783492326899578,0.0027634608445651237,0.0672412606770288,0.07637131235858118,-0.004921042153632872,-0.000805272829300133,0.002334629675235873,0.06540479176051661,0.06447057685950706,-0.004153881883485349,0.0603009181686765,0.002819429503881277,0.07310663852149568,0.07637131235858118,-0.004921042153632872,-0.008621184319854234,0.002335607597529564,0.042325592908261954,0.06447057685950706,-0.004153881883485349,0.0076887097070382285,0.002767383310304492,0.0735313456238108,0.07637131235858118,-0.004921042153632872,0.060617382101922274,0.002316146134113751,0.08403411506180092,0.06447057685950706,-0.004153881883485349,0.014058264483045035,0.002763910784108294,0.06458084233704789,0.07637131235858118,-0.004921042153632872,-0.02980704858569742,0.0023306061471934526,0.11843283741191013,0.06447057685950706,-0.004153881883485349
48.62782476300526,0.037562110110595896,0.0028267988937967586,0.10118474367631632,0.07812079520562804,-0.005033829658999735,0.00537744624825017,0.002388139165081407,0.07929288492989073,0.06594756827108596,-0.004249087036245454,0.10634794761005889,0.002884050317626353,0.08313924094035963,0.07812079520562804,-0.005033829658999735,-0.021510224810389087,0.002389139500830488,0.08635175646553157,0.06594756827108596,-0.004249087036245454,-0.017386321405373266,0.002830811259887863,0.07381359933115783,0.07812079520562804,-0.005033829658999735,0.01245724087832481,0.0023692319906653964,0.04521053413473197,0.06594756827108596,-0.004249087036245454,-0.01949612929166966,0.002827259145695021,0.08875454946585429,0.07812079520562804,-0.005033829658999735,-0.0465026045915649,0.002384023419765232,0.10651165395046758,0.06594756827108596,-0.004249087036245454
49.18194853544852,0.037562110110595896,0.002891588608942531,0.10118474367631632,0.07991033214122896,-0.005149202096341454,0.00537744624825017,0.0024428750644086743,0.07929288492989073,0.06745838088490237,-0.004346474182491724,0.10634794761005889,0.0029501521961385756,0.08313924094035963,0.07991033214122896,-0.005149202096341454,-0.021510224810389087,0.002443898327302437,0.08635175646553157,0.06745838088490237,-0.004346474182491724,-0.017386321405373266,0.0028956929358051565,0.07381359933115783,0.07991033214122896,-0.005149202096341454,0.01245724087832481,0.002423534547560834,0.04521053413473197,0.06745838088490237,-0.004346474182491724,-0.01949612929166966,0.002892059409451084,0.08875454946585429,0.07991033214122896,-0.005149202096341454,-0.0465026045915649,0.002438664988434737,0.10651165395046758,0.06745838088490237,-0.004346474182491724
49.74238665891783,0.03128089050430232,0.002957863259888344,0.11319751886125158,0.0817408391777914,-0.005267218704127322,0.005166696969247727,0.002498865480924833,0.08965418565763172,0.06900378843380886,-0.004446093327941379,0.051400130283636936,0.003017769083075584,0.05541070736060527,0.0817408391777914,-0.005267218704127322,-0.007683781488947415,0.0024999121964104404,0.05304845054419168,0.06900378843380886,-0.004446093327941379,0.018822645974287795,0.00296206165502933,0.10261047333884343,0.0817408391777914,-0.005267218704127322,0.002193017207252651,0.0024790816899844872,0.016704480899399243,0.06900378843380886,-0.004446093327941379,-0.036465557011214345,0.0029583448508006685,0.09002316199988805,0.0817408391777914,-0.005267218704127322,-0.016402797763566828,0.002494558912268242,0.08378772055397232,0.06900378843380886,-0.004446093327941379
50.30921108670386,0.03128089050430232,0.0030256568788733767,0.11319751886125158,0.08361325322858965,-0.0053879400787912556,0.005166696969247727,0.0025561391664073274,0.08965418565763172,0.07058458231072956,-0.004547995623955749,0.051400130283636936,0.0030869356998502974,0.05541070736060527,0.08361325322858965,-0.0053879400787912556,-0.007683781488947415,0.0025572098719836758,0.05304845054419168,0.07058458231072956,-0.004547995623955749,0.018822645974287795,0.0030299514982057513,0.10261047333884343,0.08361325322858965,-0.0053879400787912556,0.002193017207252651,0.002535901942205194,0.016704480899399243,0.07058458231072956,-0.004547995623955749,-0.036465557011214345,0.0030261495075341073,0.09002316199988805,0.08361325322858965,-0.0053879400787912556,-0.016402797763566828,0.002551733893629962,0.08378772055397232,0.07058458231072956,-0.004547995623955749
50.88249459201947,0.021723988050780733,0.003095004278058418,0.10700595970275668,0.08552853257923639,-0.00551142820448449,-0.002733422302234981,0.0026147255316241514,0.1067419319491546,0.07220157198388673,-0.004652233394474631,0.05969540424307024,0.0031576875636003896,0.08877048092690865,0.08552853257923639,-0.00551142820448449,-0.02689804634545909,0.0026158207771607407,0.08289673801076254,0.07220157198388673,-0.004652233394474631,0.011890800248237028,0.0030993973268886492,0.11505604628218558,0.08552853257923639,-0.00551142820448449,0.002233019274479303,0.0025940244820771767,0.02163826227678456,0.07220157198388673,-0.004652233394474631,0.0015272000033922373,0.0030955081974031852,0.0924863358626741,0.08552853257923639,-0.00551142820448449,0.0154301948276598,0.00261021929258966,0.12842626236867827,0.07220157198388673,-0.004652233394474631
51.46231077734273,0.021723988050780733,0.003165941067500626,0.10700595970275668,0.08748765738371608,-0.005637746486096301,-0.002733422302234981,0.002674654661397626,0.1067419319491546,0.07385558539965974,-0.004758860161957713,0.05969540424307024,0.003230061005394358,0.08877048092690865,0.08748765738371608,-0.005637746486096301,-0.02689804634545909,0.0026757750092567117,0.08289673801076254,0.07385558539965974,-0.004758860161957713,0.011890800248237028,0.0031704348016563526,0.11505604628218558,0.08748765738371608,-0.005637746486096301,0.002233019274479303,0.002653479156245646,0.02163826227678456,0.07385558539965974,-0.004758860161957713,0.0015272000033922373,0.0031664565362867353,0.0924863358626741,0.08748765738371608,-0.005637746486096301,0.0154301948276598,0.00267004514209271,0.12842626236867827,0.07385558539965974,-0.004758860161957713
52.04873408386668,-0.02821840791520431,0.0032385036730563843,0.07437370360692282,0.08949163015366988,-0.00576695978131612,0.011563872247016679,0.002735957329786491,0.07411952342263717,0.07554746940191612,-0.004867930675437384,0.07357742399907391,0.0033040931888127876,0.11668281853922602,0.08949163015366988,-0.00576695978131612,0.004652273357993254,0.0027371033553828476,0.08894381923153723,0.07554746940191612,-0.004867930675437384,-0.005433321484824276,0.0032431004000543447,0.08298723645689543,0.08949163015366988,-0.00576695978131612,0.040071337809996194,0.002714296495331941,0.07079053305992389,0.07554746940191612,-0.004867930675437384,0.037001254734169264,0.003239030956004774,0.1099382972563138,0.08949163015366988,-0.00576695978131612,0.043441276852044644,0.0027312421632156966,0.16591681965774652,0.07554746940191612,-0.004867930675437384
52.641839801056605,-0.00934938171980066,0.0033127293556599437,0.09473904651368355,0.09154147626397031,-0.005899134433596065,0.010579999207628607,0.0027986650164022464,0.09509610168344806,0.07727809017214861,-0.0049795009384941994,0.052330540616368604,0.003379822129132097,0.12557468002113603,0.09154147626397031,-0.005899134433596065,0.01349345851881181,0.002799837308176735,0.08896875285544233,0.07727809017214861,-0.0049795009384941994,0.011032677703424483,0.0033174314358620435,0.08028325946075421,0.09154147626397031,-0.005899134433596065,0.03618900298681818,0.002776507729497178,0.08292957464872686,0.07727809017214861,-0.0049795009384941994,0.0022482856081585956,0.003313268723427452,0.07655396265955652,0.09154147626397031,-0.005899134433596065,0.02013838663057906,0.002793841781259362,0.15907370112737707,0.07727809017214861,-0.0049795009384941994
53.241704076316296,-0.00934938171980066,0.003388656229733493,0.09473904651368355,0.09363824448276027,-0.006034338306593637,0.010579999207628607,0.0028628099219700884,0.09509610168344806,0.07904833365331308,-0.00509362823791095,0.052330540616368604,0.0034572867128174877,0.12557468002113603,0.09363824448276027,-0.006034338306593637,0.01349345851881181,0.002864009081876028,0.08896875285544233,0.07904833365331308,-0.00509362823791095,0.011032677703424483,0.003393466077616307,0.08028325946075421,0.09363824448276027,-0.006034338306593637,0.03618900298681818,0.002840144804740936,0.08292957464872686,0.07904833365331308,-0.00509362823791095,0.0022482856081585956,0.0033892079594152655,0.07655396265955652,0.09363824448276027,-0.006034338306593637,0.02013838663057906,0.0028578761414659827,0.15907370112737707,0.07904833365331308,-0.00509362823791095
53.8484039247644,0.00881028022735491,0.0034663232834063395,0.09394018839534664,0.0957830074871292,-0.006172640819309796,-0.013938613917186796,0.0029284249853245557,0.07239431117206407,0.08085910601378235,-0.005210371173299178,0.06588113497412845,0.003536526717311369,0.13031606949796648,0.0957830074871292,-0.006172640819309796,0.008010481184114428,0.002929651629123141,0.09604149888575982,0.08085910601378235,-0.005210371173299178,0.003912867102842839,0.0034712433688958402,0.09739908946222664,0.0957830074871292,-0.006172640819309796,0.05644334841180945,0.002905240399080696,0.10736097671219724,0.08085910601378235,-0.005210371173299178,0.04585402145992512,0.0034668876582342636,0.1366614332403703,0.0957830074871292,-0.006172640819309796,0.007647711249356443,0.002923378126003724,0.15403592632525798,0.08085910601378235,-0.005210371173299178
54.46201723912222,0.02068179015671872,0.0035457703980906427,0.12033034913349579,0.09797686241923438,-0.006314112980663856,0.0036846768956913713,0.002995543900067822,0.07976605653262936,0.08271133409582884,-0.005329789686881421,0.06729699338146983,0.0036175828317956244,0.1159790556320045,0.09797686241923438,-0.006314112980663856,0.007127121877842614,0.0029967986577198753,0.08427524625726242,0.08271133409582884,-0.005329789686881421,0.013081342419289328,0.0035508032476478804,0.11063560668372696,0.09797686241923438,-0.006314112980663856,0.07148842207060649,0.002971827939535397,0.11286157072557401,0.08271133409582884,-0.005329789686881421,0.02366627145279432,0.003546347707922181,0.10636166335364941,0.09797686241923438,-0.006314112980663856,0.010802721898455398,0.0029903813703360278,0.169285731375447,0.08271133409582884,-0.005329789686881421
55.08262279971415,0.03001587860681481,0.003627038369306643,0.11125616431538117,0.10022093143189027,-0.006458827427008901,-0.003718094487485427,0.003064201132010665,0.09582928014390546,0.0846059658929983,-0.0054519450942354195,0.05855607269602242,0.003700496677641567,0.10958896169748777,0.10022093143189027,-0.006458827427008901,-0.012359804891169699,0.003065484647734767,0.09630221192866535,0.0846059658929983,-0.0054519450942354195,0.013751684968889961,0.0036321865671403277,0.124212456599062,0.10022093143189027,-0.006458827427008901,0.06840499887862886,0.003039941618877587,0.12130757524958113,0.0846059658929983,-0.0054519450942354195,0.023095368310653952,0.003627628910587313,0.10940655354773945,0.10022093143189027,-0.006458827427008901,0.019536759588996328,0.0030589202807843564,0.1655059115183175,0.0846059658929983,-0.0054519450942354195
55.71030028458219,0.026330861451555436,0.0037101689272900215,0.13388518760851947,0.10251636226470467,-0.006606858458769118,0.007891964928450864,0.003134431936713391,0.08449409748797165,0.08654397102410104,-0.0055769001160346655,0.08177708615029428,0.0037853108302515403,0.13138419463774065,0.10251636226470467,-0.006606858458769118,-0.04020299421497684,0.003135744869624262,0.07806385731280847,0.08654397102410104,-0.0055769001160346655,0.0023704688304760427,0.0037154351170140543,0.1251103093298992,0.10251636226470467,-0.006606858458769118,0.08406640245528688,0.0031096164136906004,0.11180908606054629,0.08654397102410104,-0.0055769001160346655,-0.015213441595494204,0.0037107730031854837,0.08524194356646256,0.10251636226470467,-0.006606858458769118,0.007449389156062931,0.003129030052424186,0.15967022281022492,0.08654397102410104,-0.0055769001160346655
56.34513027971545,0.026330861451555436,0.003795204758487701,0.13388518760851947,0.10486432881518128,-0.006758282078733971,0.007891964928450864,0.003206272377631672,0.08449409748797165,0.08852634123453913,-0.005704718910114341,0.08177708615029428,0.0038720688404295747,0.13138419463774065,0.10486432881518128,-0.006758282078733971,-0.04020299421497684,0.0032076154020063636,0.07806385731280847,0.08852634123453913,-0.005704718910114341,0.0023704688304760427,0.0038005916442076784,0.1251103093298992,0.10486432881518128,-0.006758282078733971,0.08406640245528688,0.0031808881020377964,0.11180908606054629,0.08852634123453913,-0.005704718910114341,-0.015213441595494204,0.0037958226792510043,0.08524194356646256,0.10486432881518128,-0.006758282078733971,0.007449389156062931,0.0032007466862961115,0.15967022281022492,0.08852634123453913,-0.005704718910114341
56.987194289396506,0.028106134918722873,0.003882189527708532,0.1344558800401388,0.10726603173258976,-0.006913176031056718,0.0024806374546742695,0.003279759344870921,0.07826518052455966,0.09055409088402899,-0.005835467104200968,0.06325887049872275,0.0039608152570949065,0.09794920855600375,0.10726603173258976,-0.006913176031056718,-0.030036503054881234,0.003281133150314672,0.086108838218613,0.09055409088402899,-0.005835467104200968,-0.011786996492764316,0.003887699875456777,0.10770665420374337,0.10726603173258976,-0.006913176031056718,0.07567564744533153,0.003253793281888873,0.11865645034481886,0.09055409088402899,-0.005835467104200968,-0.03926499627251678,0.003882821610536431,0.05541942779368761,0.10726603173258976,-0.006913176031056718,0.016075993840972653,0.0032741070090917864,0.16700737923348652,0.09055409088402899,-0.005835467104200968
57.63657474666552,-0.003666792558959471,0.003971167900182489,0.10796670163800866,0.10972269903823034,-0.007071619841069193,0.00048179706501379725,0.003354930573677574,0.080363086757269,0.09262825747581754,-0.0059692118299066845,0.05962731211396882,0.00405159564993843,0.11408192064670553,0.10972269903823034,-0.007071619841069193,-0.015886669525703365,0.003356335865509371,0.0781177178843206,0.09262825747581754,-0.0059692118299066845,0.006456732401434025,0.0039768045394644735,0.11353260241662022,0.10972269903823034,-0.007071619841069193,0.05829058637072573,0.003328369389790215,0.10430939847128684,0.09262825747581754,-0.0059692118299066845,-0.033001543060793836,0.003971814469719463,0.06835684095772657,0.10972269903823034,-0.007071619841069193,0.01358352791051028,0.0033491486910536884,0.16873037689475123,0.09262825747581754,-0.0059692118299066845
58.293355023903544,0.009465692037281585,0.0040621855647368175,0.09954461143744749,0.11223558672539394,-0.007233694856154114,0.024565153913585012,0.003431824664107234,0.08665702789827179,0.09474990216681141,-0.0061060217567710535,0.04376158459662488,0.0041444566329876,0.13898589353677815,0.11223558672539394,-0.007233694856154114,-0.036686377167190344,0.003433262164094218,0.08667230234560015,0.09474990216681141,-0.0061060217567710535,-0.015135179752560006,0.0040679513898322995,0.08594220872584779,0.11223558672539394,-0.007233694856154114,0.06563969576911968,0.0034046547203381516,0.11725990430988986,0.09474990216681141,-0.0061060217567710535,-0.01914951086286243,0.004062846952967921,0.09062116771550102,0.11223558672539394,-0.007233694856154114,0.009186399147159203,0.003425910265620515,0.17333491151382785,0.09474990216681141,-0.0061060217567710535
58.957619443536686,-0.0017005706596326456,0.0041552892572232015,0.11472777521354456,0.11480597940825502,-0.007399484287494564,0.04471798677657909,0.003510481100849536,0.10055711631248598,0.09692011032033201,-0.006245967128003181,0.05351300079488436,0.004239445888312179,0.16431346516654466,0.11480597940825502,-0.007399484287494564,0.004046079438480478,0.003511951547075686,0.11413887973926058,0.09692011032033201,-0.006245967128003181,-0.018141795881939586,0.00416118722881077,0.08361111003567012,0.11480597940825502,-0.007399484287494564,0.029415004535104955,0.003482688445629737,0.1115496268078644,0.09692011032033201,-0.006245967128003181,0.021076341009508837,0.004155965803760132,0.13622168806674786,0.11480597940825502,-0.007399484287494564,0.01386671033420735,0.0035044311495435747,0.17597217521401487,0.09692011032033201,-0.006245967128003181
59.629453288861825,-0.013792443406010775,0.004250526784259246,0.12077439852496792,0.11743519096170259,-0.007569073252777937,-0.008437775603113021,0.0035909402733560482,0.08964292520881656,0.09913999203877535,-0.006389119795993009,0.0638043475570505,0.004336612190705191,0.14005033246384835,0.11743519096170259,-0.007569073252777937,0.008423172242298296,0.0035924444209024056,0.11395033104023873,0.09913999203877535,-0.006389119795993009,-0.019444102681701096,0.004256559930839878,0.10971747964417256,0.11743519096170259,-0.007569073252777937,0.06629917661243392,0.003562510635344387,0.13208143876455836,0.09913999203877535,-0.006389119795993009,0.04578687094714462,0.004251218836447078,0.1516285053465726,0.11743519096170259,-0.007569073252777937,0.00027440380301309644,0.003584751662540843,0.19437533136873708,0.09913999203877535,-0.006389119795993009
60.308942814996065,0.016351130784009897,0.004347947048095487,0.13224251258177527,0.120124565191971,-0.007742548819511887,0.01598253248343092,0.003673243496581319,0.08949188630044602,0.1014106827403863,-0.006535553259675085,0.05488546358724872,0.004436005432532928,0.14136893321237431,0.120124565191971,-0.007742548819511887,-0.02251631395764606,0.0036747821177626917,0.08533368014990735,0.1014106827403863,-0.006535553259675085,-0.006697316055626672,0.0043541184675409085,0.10355177121942327,0.120124565191971,-0.007742548819511887,0.06298256686540607,0.00364416227747925,0.1069298880797902,0.1014106827403863,-0.006535553259675085,0.05437219308076402,0.004348654961375724,0.15444894703963322,0.120124565191971,-0.007742548819511887,0.005890279252928916,0.003666913048585971,0.170476558226633,0.1014106827403863,-0.006535553259675085
60.9961752599508,-0.0022281490951809382,0.004447600071628253,0.1153835741850558,0.12287547650369836,-0.007920000050218803,0.034750665478466024,0.003757433032367654,0.09730829762233284,0.10373334371862536,-0.006685342701788558,0.06301059019481553,0.004537676649499606,0.1348348875110167,0.12287547650369836,-0.007920000050218803,-0.013896303304453437,0.003759006917312367,0.08131221614775348,0.10373334371862536,-0.006685342701788558,-0.009994661074704751,0.0044539129327383995,0.11066848994563949,0.12287547650369836,-0.007920000050218803,0.03370325781892272,0.0037276852993351024,0.07573265437439858,0.10373334371862536,-0.006685342701788558,0.05665617783092125,0.0044483242094391804,0.15947998564755075,0.12287547650369836,-0.007920000050218803,0.02311470192333483,0.0037509574965455135,0.18987699691239723,0.10373334371862536,-0.006685342701788558
61.69123885583198,0.010980403554161015,0.0045495370238259674,0.1222302899670525,0.1256893306019298,-0.008101518047697463,0.020209327536491704,0.003843552110821728,0.0984371345084537,0.10610916274316852,-0.006838565027490537,0.05887880188945399,0.00464167804686944,0.14215189690384145,0.1256893306019298,-0.008101518047697463,-0.01026136361788674,0.0038451620677235196,0.09190893258352069,0.10610916274316852,-0.006838565027490537,-0.012171059124591536,0.004555994568061302,0.12187811084886968,0.1256893306019298,-0.008101518047697463,0.05579943806719537,0.0038131225888681946,0.11518500327138526,0.10610916274316852,-0.006838565027490537,0.034959944437006896,0.004550277758048469,0.15620495345716315,0.1256893306019298,-0.008101518047697463,0.014586088211783827,0.003836928162124745,0.2013437647082459,0.10610916274316852,-0.006838565027490537
62.39422284016802,-0.006125212503629469,0.0046538102461872455,0.13627552635028845,0.12856756519486945,-0.00828719600192446,-0.0036030217558290865,0.003931644953026435,0.09152508633913115,0.10853935464648631,-0.0069952989045389945,0.07437821264199013,0.0047480630259027976,0.15003544044513484,0.12856756519486945,-0.00828719600192446,-0.006699875538086685,0.003933291808403948,0.09237512692912637,0.10853935464648631,-0.0069952989045389945,-0.020995797215137273,0.004660415789344584,0.12424109706620479,0.12856756519486945,-0.00828719600192446,0.05698933035945511,0.003900518016828011,0.11584168019043872,0.10853935464648631,-0.0069952989045389945,0.03161119601550888,0.00465456795707587,0.1492371196778958,0.12856756519486945,-0.00828719600192446,-0.0023882496191432283,0.003924869190007452,0.20922763077671758,0.10853935464648631,-0.0069952989045389945
63.10521746736678,0.021808830730336397,0.00476047327981205,0.13406845534954864,0.13151165072041945,-0.008477129238140278,0.01803195277189936,0.004021756792864904,0.111870607916006,0.111025161952864,-0.0071556248023333015,0.054129714613283364,0.00485688621162403,0.16768396501408256,0.13151165072041945,-0.008477129238140278,-0.003870141842154039,0.004023441392518907,0.09233466178215984,0.111025161952864,-0.0071556248023333015,-0.033395715477629366,0.004767230213532074,0.1217858752745874,0.13151165072041945,-0.008477129238140278,0.02352738764471421,0.003989916459470501,0.11537874391476777,0.111025161952864,-0.0071556248023333015,0.03161392999901602,0.004761248356475385,0.15119348350342002,0.13151165072041945,-0.008477129238140278,-0.01313352981306996,0.004014825736359064,0.20460625522778497,0.111025161952864,-0.0071556248023333015
63.82431402030309,-0.008008308883564026,0.004869580892370296,0.12099677733137722,0.1345230910884959,-0.008671415264739132,0.0040438860453343075,0.004113933901287591,0.12191064524835837,0.11356785549102176,-0.007319625034344492,0.0709317458658148,0.00496820348094126,0.1433549858921891,0.1345230910884959,-0.008671415264739132,0.005794311888549532,0.004115657110163081,0.10207842471890323,0.11356785549102176,-0.007319625034344492,-0.04907683613570917,0.0048764926862362,0.0970597414808031,0.1345230910884959,-0.008671415264739132,0.052473812406416825,0.004081363821327892,0.13279091432832146,0.11356785549102176,-0.007319625034344492,0.013532787117982337,0.004870373732829114,0.13009506668002438,0.1345230910884959,-0.008671415264739132,-0.02407127272002389,0.004106843992388732,0.19429486612602287,0.11356785549102176,-0.007319625034344492
64.55160482203847,0.002691452722203551,0.004981189106690756,0.12120519024569572,0.13760342442982593,-0.008870153824717019,0.011724499926852946,0.004208223609262922,0.11467344161795168,0.11616873503874714,-0.007487383800081791,0.046922165634535384,0.00508207199074948,0.1440029788678222,0.13760342442982593,-0.008870153824717019,0.004743321676417468,0.004209986312190155,0.11725672828487084,0.11616873503874714,-0.007487383800081791,-0.032684129822937606,0.004988259309518557,0.11853585504193143,0.13760342442982593,-0.008870153824717019,0.036693510299260296,0.004174907058609249,0.11517829728820317,0.11616873503874714,-0.007487383800081791,0.028297531540684928,0.004982000117938019,0.16240003346502654,0.13760342442982593,-0.008870153824717019,-0.011586828691884581,0.004200971207462485,0.17395408937969958,0.11616873503874714,-0.007487383800081791
65.28718324767407,-0.01677944500368484,0.005095355229109595,0.11923363891585066,0.14075422388043826,-0.009073446945653417,0.004374722188348631,0.004304674332395347,0.11801171214837936,0.11882912998887968,-0.007658987227508411,0.04367473059461485,0.005198550207895843,0.13684923302053187,0.14075422388043826,-0.009073446945653417,-0.0015570691035095884,0.00430647743445673,0.10984967837457922,0.11882912998887968,-0.007658987227508411,-0.014125686448169077,0.005102587471213102,0.11436404392829169,0.14075422388043826,-0.009073446945653417,0.02309499202505985,0.004270594203805884,0.12117466336834326,0.11882912998887968,-0.007658987227508411,0.03520086588970395,0.005096184827584806,0.160660860566637,0.14075422388043826,-0.009073446945653417,0.010317009248522264,0.004297255713691051,0.1898721542945847,0.11882912998887968,-0.007658987227508411
66.03114373633895,-0.02740451428612873,0.005212137879255047,0.11077347998938276,0.143977098360743,-0.00928139899240395,0.009458299701652425,0.004403335595758805,0.1331752776594709,0.12155040000587523,-0.007834523418479001,0.054997174580270036,0.00531769793876482,0.12307567727458613,0.143977098360743,-0.00928139899240395,0.006257202190705714,0.004405180022856119,0.12992658981574487,0.12155040000587523,-0.007834523418479001,-0.012888618147742718,0.005219535874079768,0.1098064654862062,0.143977098360743,-0.00928139899240395,0.028515658079443923,0.004368474389953276,0.11769877776402637,0.12155040000587523,-0.007834523418479001,0.005501323275980297,0.005212986491000462,0.15361970432304908,0.143977098360743,-0.00928139899240395,0.00529295784683877,0.004395746950927816,0.17996503097876837,0.12155040000587523,-0.007834523418479001
66.78358180331495,-0.03695949148899986,0.005331597019910651,0.11936385326118366,0.14727369339579066,-0.009494116720916974,0.003366988815383184,0.004504258059228616,0.12547734391114573,0.12433393571773016,-0.008014082492985127,0.057747117919612345,0.005439576360416023,0.12194192369780887,0.14727369339579066,-0.009494116720916974,-0.0006812165100784405,0.004506144758414896,0.14096978186466821,0.12433393571773016,-0.008014082492985127,0.004193941752211501,0.005339164565942586,0.13905699431921315,0.14727369339579066,-0.009494116720916974,0.03881748655685338,0.004468597875996857,0.11814529850049738,0.12433393571773016,-0.008014082492985127,0.002300575289920004,0.00533246508050382,0.16668312930026055,0.14727369339579066,-0.009494116720916974,0.005996100668342403,0.00449649549168114,0.215192370202691,0.12433393571773016,-0.008014082492985127
67.54459405229956,-0.027502448381308837,0.005453793987606124,0.13421922355935872,0.15064569193099192,-0.009711709332590829,0.015003595559928659,0.004607493543565845,0.13506785092693974,0.1271811594204988,-0.008197756635590981,0.05498213923805789,0.005564248051167313,0.1482416202991329,0.15064569193099192,-0.009711709332590829,-0.00588629722367615,0.004609423483579503,0.1085957575095255,0.1271811594204988,-0.008197756635590981,0.02712194187237877,0.005461534970536094,0.1299156138234151,0.15064569193099192,-0.009711709332590829,0.049288339415221954,0.004571016072422702,0.13423702316886477,0.1271811594204988,-0.008197756635590981,0.014948104907526072,0.005454681942905744,0.17877868202728245,0.15064569193099192,-0.009711709332590829,0.011862599097776278,0.004599553067486639,0.1993569522466221,0.1271811594204988,-0.008197756635590981
68.31427818780881,-0.0255008748878855,0.005578791524690785,0.12698863738730576,0.15409481519234283,-0.009934288530386028,0.015039250650996724,0.0047130950570474445,0.1404952397385476,0.13009352579041497,-0.00838564014294401,0.066296943446909,0.005691777023748963,0.134530925867414,0.15409481519234283,-0.009934288530386028,0.02015229524833997,0.004715069228825004,0.14244314191832694,0.13009352579041497,-0.00838564014294401,0.015873241174779125,0.005586709919024742,0.1530420931572406,0.15409481519234283,-0.009934288530386028,0.04793892743322739,0.004675781567908369,0.1325908466781094,0.13009352579041497,-0.00838564014294401,0.009781562657513176,0.005579699830562814,0.17454050923097278,0.15409481519234283,-0.009934288530386028,0.02054300222875734,0.004704972595231565,0.23450929670423304,0.13009352579041497,-0.00838564014294401
69.09273302772108,-0.000518939951358717,0.005706653810753318,0.16600107887721843,0.15762282352676843,-0.010161968575847795,0.01575097784872178,0.004821116822389227,0.12124020369883481,0.13307252260912192,-0.00857782947183092,0.06876015638586847,0.005822228757267742,0.17371776402664574,0.15762282352676843,-0.010161968575847795,-0.007402934363857282,0.004823136239626064,0.13662865481317873,0.13307252260912192,-0.00857782947183092,0.026959777107100465,0.005714753682221663,0.1411131372444826,0.15762282352676843,-0.010161968575847795,0.06854865667279422,0.004782948156139482,0.12151217166482198,0.13307252260912192,-0.00857782947183092,0.003586432033139686,0.005707582933585321,0.18382819747368764,0.15762282352676843,-0.010161968575847795,0.019350462558792098,0.004812808204230825,0.20900794244925547,0.13307252260912192,-0.00857782947183092
69.88005851596424,-0.000518939951358717,0.0058374464961858654,0.16600107887721843,0.16123151731124485,-0.010394866348462008,0.01575097784872178,0.004931614304946218,0.12124020369883481,0.13611967152874238,-0.008774423289040198,0.06876015638586847,0.005955670231280034,0.17371776402664574,0.16123151731124485,-0.010394866348462008,-0.007402934363857282,0.0049336800045722915,0.13662865481317873,0.13611967152874238,-0.008774423289040198,0.026959777107100465,0.005845732003600593,0.1411131372444826,0.16123151731124485,-0.010394866348462008,0.06854865667279422,0.0048925708633757,0.12151217166482198,0.13611967152874238,-0.008774423289040198,0.003586432033139686,0.00583839691302348,0.18382819747368764,0.16123151731124485,-0.010394866348462008,0.019350462558792098,0.004923115264320179,0.20900794244925547,0.13611967152874238,-0.008774423289040198
70.67635573534719,-0.005020759546887361,0.005971236735494048,0.16494771224441546,0.16492273783475367,-0.010633101404921613,0.02522439001614537,0.005044644240979351,0.14698110477438575,0.1392365288241842,-0.00897552252147856,0.06614549807930953,0.006092169959914817,0.1718747753071822,0.16492273783475367,-0.010633101404921613,-0.004788670486203882,0.00504675728364052,0.13076673601446395,0.1392365288241842,-0.00897552252147856,0.0039778214525355085,0.005979712132899832,0.17441798540792897,0.16492273783475367,-0.010633101404921613,0.03320251528798404,0.0050047059767887115,0.09660734820389649,0.1392365288241842,-0.00897552252147856,0.0023286254929762995,0.005972208934279494,0.16260276155014033,0.16492273783475367,-0.010633101404921613,0.02965133384870607,0.005035950413913673,0.2488046346622934,0.1392365288241842,-0.00897552252147856
71.48172692053758,0.01157652236126721,0.006108093221888363,0.19070072291488965,0.1686983682323705,-0.010876796040198802,0.026241783336832546,0.005160264666816884,0.14992801206330852,0.14242468617885268,-0.009181230408264988,0.08693919979417469,0.006231798027298511,0.18572013134961318,0.1686983682323705,-0.010876796040198802,0.014856051219843482,0.005162426137456239,0.1528838656132114,0.14242468617885268,-0.009181230408264988,0.02210794118745902,0.0061167628609766645,0.17455906809165123,0.1686983682323705,-0.010876796040198802,0.08959751956385456,0.005119411073301892,0.14674461111991732,0.14242468617885268,-0.009181230408264988,-0.027485588031711417,0.00610908770184145,0.1354204204424189,0.1686983682323705,-0.010876796040198802,0.014571721381491282,0.005151371589420362,0.23367279024884735,0.14242468617885268,-0.009181230408264988
72.29627547118757,0.009751939235240585,0.006248086222633863,0.18670022538538272,0.1725603344252984,-0.01112607535111677,-0.0026682880976628773,0.005278534948493648,0.14355114524666035,0.14568577148977932,-0.009391652553637001,0.04760746265955046,0.006374626123149634,0.16462147447564257,0.1725603344252984,-0.01112607535111677,-0.0027375166706606656,0.00528074595692876,0.14133359759305272,0.14568577148977932,-0.009391652553637001,-0.001438344752161029,0.006256954554631752,0.16126181485208357,0.1725603344252984,-0.01112607535111677,0.08205917080696604,0.005236745049199043,0.1583264186874871,0.14568577148977932,-0.009391652553637001,-0.01648208766304171,0.00624910349432259,0.14879062396529755,0.1725603344252984,-0.01112607535111677,0.008712213981643752,0.005269438054525949,0.22116061569326573,0.14568577148977932,-0.009391652553637001
73.12010596520895,0.01408014641432969,0.006391287614822015,0.18656602525991,0.17651060608638525,-0.01138106729949599,0.01361357930968062,0.0053995158124708715,0.16944972458796925,0.14902144967841055,-0.009606896980939215,0.06854336919714538,0.006520727580018728,0.1788067161069703,0.17651060608638525,-0.01138106729949599,0.02452674793908385,0.0054017774939496225,0.17256021072694858,0.14902144967841055,-0.009606896980939215,0.019973027967952035,0.006400359193046737,0.193248929875954,0.17651060608638525,-0.01138106729949599,0.07011340941961389,0.0053567681502240845,0.13182789413427543,0.14902144967841055,-0.009606896980939215,-0.016901457351599647,0.006392328200506709,0.14318162189577457,0.17651060608638525,-0.01138106729949599,0.006880283740665145,0.0053902104311718615,0.24739294620522156,0.14902144967841055,-0.009606896980939215
73.95332417219971,0.010121687206624146,0.006537770922377246,0.17717386726937728,0.18055119762001848,-0.011641902778496362,0.011967084628153732,0.005523269376655382,0.1657360749472926,0.1524334235310414,-0.009827074188119837,0.06370967642084363,0.006670177410480576,0.18138852488240909,0.18055119762001848,-0.011641902778496362,0.015635591127767714,0.00552558289239226,0.16662159182187516,0.1524334235310414,-0.009827074188119837,0.0327530961575831,0.006547050404569906,0.19577243877643136,0.18055119762001848,-0.011641902778496362,0.05562827206446566,0.005479542002491132,0.1286430533414773,0.1524334235310414,-0.009827074188119837,-0.013773363120146542,0.006538835356422027,0.15412155159110377,0.18055119762001848,-0.011641902778496362,0.00029858798650802057,0.005513750730134051,0.22607493797494027,0.1524334235310414,-0.009827074188119837
74.79603706702352,0.014008335460136849,0.006687611354062157,0.17327451946557854,0.18468416918238256,-0.011908715679710313,0.018410002842454608,0.005649859182124268,0.16704241962797084,0.15592343455337723,-0.010052297204445452,0.057758249790496985,0.0068230523457791644,0.16453819034131933,0.18468416918238256,-0.011908715679710313,0.012004662678044144,0.005652225720046508,0.17044866748428952,0.15592343455337723,-0.010052297204445452,0.02297811746203699,0.006697103504348257,0.19381799194163685,0.18468416918238256,-0.011908715679710313,0.05667985860505634,0.0056051296444433185,0.13986301991049999,0.15592343455337723,-0.010052297204445452,-0.00396934359725043,0.006688700182951177,0.17248982778648916,0.18468416918238256,-0.011908715679710313,-0.006450657762267203,0.005640122383051326,0.24600605575575085,0.15592343455337723,-0.010052297204445452
75.64835284354406,0.022830407300809256,0.006840885841601729,0.17093108353722936,0.18891162769534395,-0.012181642960755544,0.012608202916322217,0.005779350226078639,0.165779603688608,0.15949326384165605,-0.01028268164837719,0.05528148826112439,0.006979430875167044,0.18034091664724394,0.18891162769534395,-0.012181642960755544,0.003732613601726188,0.0057817710012078045,0.16594241319665579,0.15949326384165605,-0.01028268164837719,0.002553010360747905,0.006850595533552792,0.16742874917923467,0.18891162769534395,-0.012181642960755544,0.03097925815441907,0.005733595558543319,0.14561180553998554,0.15949326384165605,-0.01028268164837719,-0.007683959985686273,0.0068419996243041,0.18991653207270112,0.18891162769534395,-0.012181642960755544,0.0005268631996401991,0.005769390275037114,0.2452841101987755,0.15949326384165605,-0.01028268164837719
76.51038092851556,0.022424317742544546,0.0069976730793286125,0.18770921393561874,0.19323572790788363,-0.012460824716763585,0.014458038676540571,0.005911808994836568,0.16273481381724408,0.16314473297801357,-0.010518345786907747,0.05856304743772395,0.007139393286439172,0.19658109365161403,0.19323572790788363,-0.012460824716763585,-0.032170409798010426,0.0059142852501999025,0.15983423112948622,0.16314473297801357,-0.010518345786907747,0.011656059658604008,0.007007605298126329,0.18261139094112744,0.19323572790788363,-0.012460824716763585,0.05709950581671744,0.005865005705123473,0.14920758151740898,0.16314473297801357,-0.010518345786907747,-0.004828618763073167,0.006998812387667025,0.2029813219958644,0.19323572790788363,-0.012460824716763585,0.016903417583177666,0.005901620778082168,0.2333674382172053,0.16314473297801357,-0.010518345786907747
77.38223199563203,0.016893957722249824,0.007158053564691302,0.20851583505573085,0.19765867347642477,-0.012746404251892237,0.0070819436683323325,0.006047303498196398,0.15522069126827887,0.16687970494485305,-0.01075941059602541,0.06194291530069901,0.007303021706486639,0.19042353307018212,0.19765867347642477,-0.012746404251892237,-0.04230568677660871,0.006049836505153875,0.1577157711024588,0.16687970494485305,-0.01075941059602541,0.020914595190740855,0.0071682134096776595,0.2144705676659745,0.19765867347642477,-0.012746404251892237,-0.0039290473423019,0.005999427555576954,0.15659699490621648,0.16687970494485305,-0.01075941059602541,0.02548311589025809,0.00715921898367773,0.194369883802349,0.19765867347642477,-0.012746404251892237,0.019845800798181396,0.006036881784671245,0.24728797808723013,0.16687970494485305,-0.01075941059602541
78.26401797973635,-0.002682880314210663,0.007322109639377539,0.18624994194221794,0.20218271805247678,-0.013038528152030436,-0.004494027379429536,0.006185903304205959,0.17076086934120738,0.1707000850576579,-0.011005999822897322,0.0667583011651885,0.007470400144137383,0.19738950889166185,0.20218271805247678,-0.013038528152030436,-0.018864593551847417,0.006188494363276226,0.16905040219267328,0.1707000850576579,-0.011005999822897322,-0.0010505437639324808,0.007332502326667097,0.1940282862664352,0.20218271805247678,-0.013038528152030436,0.006422994610145977,0.006136930127414141,0.15725101235380734,0.1707000850576579,-0.011005999822897322,0.013231381359241623,0.007323301767296319,0.18948937436562155,0.20218271805247678,-0.013038528152030436,0.009991906720896632,0.006175242743012296,0.26999044244882,0.1707000850576579,-0.011005999822897322
79.15585209119124,-0.01845337597349301,0.007489925531572201,0.1955430360651314,0.2068101664153202,-0.013337346360481627,0.0026957452768812864,0.00632767957483807,0.16705794845568434,0.17460782191202262,-0.011258240049364033,0.06671517245858422,0.0076416145328854915,0.2090878910620878,0.2068101664153202,-0.013337346360481627,0.01573807075983338,0.0063303300164064885,0.1769319629007304,0.17460782191202262,-0.011258240049364033,-0.007573264601324396,0.007500556396965381,0.1727692939076787,0.2068101664153202,-0.013337346360481627,0.025690885056329577,0.006277584019389066,0.17435818666396585,0.17460782191202262,-0.011258240049364033,0.01624224235836047,0.007491144980535081,0.20106914254644118,0.2068101664153202,-0.013337346360481627,-0.004766106063014679,0.0063167746925070585,0.259175128192646,0.17460782191202262,-0.011258240049364033
80.0578488304141,0.014269583425090375,0.007661587399267582,0.2135735673225228,0.21154337562255512,-0.0136430122551054,0.006046579943433347,0.006472705102673651,0.16662622942812433,0.17860490837152684,-0.0115162607567546,0.08255112998839348,0.007816752774829933,0.20594628859827802,0.21154337562255512,-0.0136430122551054,0.006438947774429794,0.006475416287599794,0.16851024499851783,0.17860490837152684,-0.0115162607567546,-0.009001352799037292,0.007672461900659418,0.17201288330408226,0.21154337562255512,-0.0136430122551054,0.09324817185335912,0.006421461447971044,0.2161768132534725,0.17860490837152684,-0.0115162607567546,0.002107615497139448,0.007662834795288747,0.1945555629435848,0.21154337562255512,-0.0136430122551054,-0.004236484131388257,0.006461550300285213,0.2666232414590912,0.17860490837152684,-0.0115162607567546
80.97012400257749,-0.01021845712868314,0.007837183374305048,0.1737559356127279,0.21638475617465677,-0.01395568272632113,0.007923682922356864,0.006621054348086677,0.1812029880970688,0.18269338255305825,-0.01178019439219861,0.067320269949883,0.007995904786139381,0.20792748729405142,0.21638475617465677,-0.01395568272632113,0.031195790756959798,0.00662382766828256,0.2006294285841532,0.18269338255305825,-0.01178019439219861,-0.008420573002408886,0.00784830709463762,0.19077945164603116,0.21638475617465677,-0.01395568272632113,0.09814274468793197,0.006568636284116084,0.1989004780594037,0.18269338255305825,-0.01178019439219861,0.006081558206792237,0.007838459357801832,0.19282179304639904,0.21638475617465677,-0.01395568272632113,-0.0033705517503490982,0.006609643898423542,0.2797751007597118,0.18269338255305825,-0.01178019439219861
81.89279473247699,-0.02574929028746071,0.00801680360764592,0.18436767140958504,0.2213367732269197,-0.01427551825752372,0.013186324215379205,0.006772803477354101,0.18905866923372983,0.1868753288549993,-0.012050176436217721,0.06177099754480647,0.008179162542799032,0.21170820876359053,0.2213367732269197,-0.01427551825752372,0.021441613729346744,0.0067756403566993275,0.19840427502483757,0.1868753288549993,-0.012050176436217721,0.008757357718453491,0.008028182258009327,0.19871245510656388,0.2213367732269197,-0.01427551825752372,0.10275588551563611,0.006719184091428039,0.21430634008680371,0.1868753288549993,-0.012050176436217721,-0.021280829308006788,0.00801810883384873,0.20741076053996146,0.2213367732269197,-0.01427551825752372,-0.022900775152399338,0.006761131522028455,0.26324637316485533,0.1868753288549993,-0.012050176436217721
82.82597947956863,-0.007806396673781975,0.008200540315870272,0.2005093118350481,0.2264019478060486,-0.014602683007967692,0.002960516636306995,0.006928030401955784,0.18306143863305635,0.19115287899388905,-0.012326345473159096,0.05887030127726117,0.008366620128231578,0.20683352828808077,0.2264019478060486,-0.014602683007967692,0.030096845561693033,0.006930932296973318,0.24201004252773736,0.19115287899388905,-0.012326345473159096,0.0068939519779276995,0.00821217973782333,0.24024624222476854,0.2264019478060486,-0.014602683007967692,0.06157126386497505,0.0068731821646871565,0.22118307129849413,0.19115287899388905,-0.012326345473159096,-0.02935367686185819,0.008201875454723615,0.20016403520231343,0.2264019478060486,-0.014602683007967692,-0.010566047312236908,0.006916090948439192,0.30716244038254215,0.19115287899388905,-0.012326345473159096
83.76979805317761,-0.0009082481190067562,0.008388487827865674,0.20982119831680573,0.23158285807051787,-0.014937344896057797,-0.010856600859902624,0.0070868148183889455,0.19057675337236446,0.19552821306611887,-0.012608843261141311,0.05887030127726117,0.00855837378095084,0.23114442872174246,0.23158285807051787,-0.014937344896057797,0.021981182627778952,0.007089783219057304,0.22421659930136337,0.19552821306611887,-0.012608843261141311,-0.008268301445132735,0.008400393996995622,0.24346829288581995,0.23158285807051787,-0.014937344896057797,0.07622115853417635,0.007030709569695218,0.19745619393924585,0.19552821306611887,-0.012608843261141311,-0.023025813869944955,0.008389853564798006,0.2210321198756308,0.23158285807051787,-0.014937344896057797,-0.012475202207467267,0.007074601736610333,0.27895361984120837,0.19552821306611887,-0.012608843261141311
84.72437162788027,-0.021428570374226026,0.008580742633760451,0.21694111037702452,0.23688214059082613,-0.015279675685943371,-0.007248746175555635,0.007249238249313253,0.19488733364279198,0.20000356064655456,-0.012897814805120547,0.051556311131045585,0.008754521944391136,0.24631839111093734,0.23688214059082613,-0.015279675685943371,0.027237740528078393,0.007252274679541054,0.2324713238211684,0.20000356064655456,-0.012897814805120547,-0.013508909929223094,0.00859292166258744,0.23977848160225912,0.23688214059082613,-0.015279675685943371,0.06515790853987904,0.007191847183873515,0.19349083117633725,0.20000356064655456,-0.012897814805120547,-0.02736259577199951,0.008582139669999015,0.2323986285035108,0.23688214059082613,-0.015279675685943371,-0.009990185912288656,0.007236745268965864,0.27867019079288124,0.20000356064655456,-0.012897814805120547
85.68982275906146,-0.015430093702004384,0.008777403434255945,0.23684958757563318,0.24230249165730294,-0.015629851075174298,0.004033773940538129,0.007415384084717009,0.20169792256426333,0.20458120188947906,-0.01319340843149585,0.07495135761360455,0.008955165317359768,0.2500126881183048,0.24230249165730294,-0.015629851075174298,0.018896178587108483,0.007418490103506971,0.2626005645169575,0.20458120188947906,-0.01319340843149585,0.007276646055493004,0.008789861575289581,0.25566182887244915,0.24230249165730294,-0.015629851075174298,0.051187326269635874,0.00735667773735252,0.2193016244515249,0.20458120188947906,-0.01319340843149585,-0.06265563810817787,0.008778832487033497,0.23768778024152973,0.24230249165730294,-0.015629851075174298,-0.007249768127016314,0.007402604791805956,0.3007238320261518,0.20458120188947906,-0.01319340843149585
86.66627539864918,-0.017397309315540795,0.008978571191069219,0.25487367154723667,0.2478466686170677,-0.015988050785053977,0.0431051603168627,0.007585337625610465,0.21781417395916136,0.20926346867269377,-0.013495775863621322,0.031545282393606267,0.00916040690542704,0.21209251646865235,0.2478466686170677,-0.015988050785053977,0.02564440314888741,0.007588514827525345,0.2459288658953502,0.20926346867269377,-0.013495775863621322,-0.017052410263305333,0.008991314839959292,0.259299788707961,0.2478466686170677,-0.015988050785053977,0.040839812060278674,0.007525285856010947,0.22404344943481647,0.20926346867269377,-0.013495775863621322,-0.039656907078493675,0.00898003299394804,0.23986242847778208,0.2478466686170677,-0.015988050785053977,-0.0076461422543323936,0.007572265459031091,0.29065719160035397,0.20926346867269377,-0.013495775863621322
87.6538549110283,0.007209871346749268,0.009184349178931597,0.25037634085260346,0.253517491246121,-0.016354458652140857,0.02960593016655729,0.007759186127001854,0.21668175248874177,0.21405274575466493,-0.013805072299894763,0.0971155178688306,0.00937035207384558,0.2573965188499491,0.253517491246121,-0.016354458652140857,0.023246138918245254,0.007762436143321711,0.25107712507728314,0.21405274575466493,-0.013805072299894763,-0.017409594544582845,0.009197384878040369,0.2643093844840484,0.253517491246121,-0.016354458652140857,0.07233489706348631,0.007697758104266211,0.22458540692419504,0.21405274575466493,-0.013805072299894763,-0.026750231188361284,0.009185844482385427,0.24741238516644196,0.253517491246121,-0.016354458652140857,-0.030664303381682505,0.007745814375530526,0.29319002025393925,0.21405274575466493,-0.013805072299894763
88.65268808913594,0.01866427965077149,0.009394843038470829,0.2890459263460266,0.2593178431438136,-0.01672926272322248,0.03310948377071562,0.007937018843018569,0.2179175933496279,0.21895147197082468,-0.014121456492956586,0.10283411982529739,0.009585108601765967,0.26622771380241994,0.2593178431438136,-0.01672926272322248,-0.008824225534891792,0.007940343342253905,0.2388066929751522,0.21895147197082468,-0.014121456492956586,-0.004395584105969234,0.009408177479820631,0.2765645980927557,0.2593178431438136,-0.01672926272322248,0.06725729855413401,0.007874183029983483,0.22145591429407574,0.21895147197082468,-0.014121456492956586,-0.027351124240296287,0.00939637261015052,0.26219975880227187,0.2593178431438136,-0.01672926272322248,-0.022839109855509226,0.007923340641550147,0.31664424598339136,0.21895147197082468,-0.014121456492956586
89.66290317073997,0.01866427965077149,0.009610160830266078,0.27175449072248564,0.26525067316872325,-0.01711265535060827,0.03759420574364477,0.00811892707270763,0.22072702028442037,0.22396214143636667,-0.014445090831733766,0.06835276340964352,0.009804786737338412,0.26056061462787505,0.26525067316872325,-0.01711265535060827,0.009105762911178619,0.00812232776169973,0.2562182108924906,0.22396214143636667,-0.014445090831733766,-0.014001210210663188,0.009623800859362937,0.2553562225398286,0.26525067316872325,-0.01711265535060827,0.04475216109648808,0.008054651209673296,0.21625241019663832,0.22396214143636667,-0.014445090831733766,-0.018986754628601887,0.00961172545542683,0.2766573745320361,0.26525067316872325,-0.01711265535060827,-0.022953082710982547,0.00810493539890171,0.278817832374757,0.22396214143636667,-0.014445090831733766
90.68462985490338,0.03365614230326513,0.009830413090466911,0.2892399924587388,0.27131899688382316,-0.017504833291875195,0.03392019144256516,0.00830500420663367,0.22861870359851622,0.22908730479187106,-0.014776141423816806,0.0897744661103857,0.010029499254110869,0.29614683881595505,0.27131899688382316,-0.017504833291875195,-0.017773695519413633,0.008308482831184221,0.23562309234683718,0.22908730479187106,-0.014776141423816806,-0.017587802907067455,0.00984436570962257,0.23849265387512142,0.27131899688382316,-0.017504833291875195,0.0767904841729479,0.008239255294880246,0.21869917759440938,0.22908730479187106,-0.014776141423816806,-0.004990043573026015,0.009832013572385553,0.27289944739285266,0.27131899688382316,-0.017504833291875195,-0.013222607218706533,0.008290691877370377,0.3105761863921981,0.22908730479187106,-0.014776141423816806
91.71799931863579,0.053623903841842506,0.010055712887456091,0.3121245085191185,0.2775258980642931,-0.017905997809267504,0.04858206196925615,0.008495345775057282,0.2398174910598695,0.23432957047831313,-0.015114778180630138,0.10932479118475552,0.010259361509168532,0.305924044097439,0.2775258980642931,-0.017905997809267504,0.02482476547698467,0.008498904121120069,0.25011858790702396,0.23432957047831313,-0.015114778180630138,-0.011711982351401744,0.01006998525911116,0.25675344845966686,0.2775258980642931,-0.017905997809267504,0.06142007528091578,0.008428090059705512,0.22823691483598907,0.23432957047831313,-0.015114778180630138,-0.013892477925433355,0.010057350047616886,0.2730865685958793,0.2775258980642931,-0.017905997809267504,-0.013222607218706533,0.008480705442475402,0.3203449735201087,0.23432957047831313,-0.015114778180630138
92.763144233735,0.05044239154026924,0.010286175879378887,0.313970416131155,0.28387453021615466,-0.018316354773945345,0.05840361830068027,0.008690049496699943,0.2543604270732541,0.23969160602045583,-0.01546117490531865,0.08486550430313283,0.0104944915020628,0.2775223616992525,0.28387453021615466,-0.018316354773945345,0.021007442828266523,0.008693689391090212,0.2552726558539388,0.23969160602045583,-0.01546117490531865,0.011749942939778109,0.010300775330492305,0.28084939543890053,0.28387453021615466,-0.018316354773945345,0.06876819760544531,0.008621252449775815,0.22967066883514775,0.23969160602045583,-0.01546117490531865,-0.04064999127889968,0.010287850558321713,0.25985776811046113,0.28387453021615466,-0.018316354773945345,0.011710059615688901,0.008675073644672989,0.32856757644535617,0.23969160602045583,-0.01546117490531865
93.82019878382052,-0.00019209432483763972,0.010521920374272535,0.2680593148554878,0.2903681181290001,-0.018736114770567892,0.06526134421892145,0.008889215329015073,0.24936005913127246,0.2451761393568367,-0.015815509380900348,0.036582318738462016,0.010735009935321312,0.28225396178064466,0.2903681181290001,-0.018736114770567892,0.0552200086737882,0.008892938640314822,0.29742098408989553,0.2451761393568367,-0.015815509380900348,-0.007010185461234712,0.010536854399284389,0.2646584239393638,0.2903681181290001,-0.018736114770567892,0.031598986916913346,0.008818841631333677,0.26500635942222317,0.2451761393568367,-0.015815509380900348,-0.03267637104328236,0.010523633431625807,0.26698232270288746,0.2903681181290001,-0.018736114770567892,-0.017755570513253976,0.008873896269225323,0.31512016743462934,0.2451761393568367,-0.015815509380900348
94.88929868156093,-0.012074821273415366,0.01076306738984227,0.28654722956912276,0.2970099594757206,-0.01916549320559492,0.03499276087937638,0.00909294551934317,0.2549980454981434,0.25078596020209476,-0.016177963461843067,0.0545819814052258,0.010981040276413351,0.2796145016605228,0.2970099594757206,-0.01916549320559492,0.005030956725810244,0.00909675415903312,0.2988529046385428,0.25078596020209476,-0.016177963461843067,-0.013988448780826772,0.010778343655033985,0.26099614930726867,0.2970099594757206,-0.01916549320559492,-0.00020997747789228138,0.009020959042788445,0.23839192492282635,0.25078596020209476,-0.016177963461843067,-0.05898579414388172,0.010764819705008607,0.24120297978018748,0.2970099594757206,-0.01916549320559492,-0.004309059983073998,0.009077275387408514,0.3066085881463867,0.25078596020209476,-0.016177963461843067
95.97058118609779,-0.018805464320955152,0.01100974071627991,0.27948945515661744,0.30380342643772384,-0.019604710417420082,0.028588992312766313,0.00930134465736754,0.2692123531391414,0.25652392141199365,-0.016548723166662078,0.0613677434020104,0.011232708821016107,0.3037786958465153,0.30380342643772384,-0.019604710417420082,0.04164437052021965,0.009305240580715649,0.301692549573036,0.25652392141199365,-0.016548723166662078,-0.02094689163106416,0.01102536706347617,0.29545579674900446,0.30380342643772384,-0.019604710417420082,0.02208275146319319,0.009227708445928809,0.26316383856592296,0.25652392141199365,-0.016548723166662078,-0.043965566124948396,0.0110115331887361,0.2395735791578492,0.30380342643772384,-0.019604710417420082,-0.012209840445381464,0.00928531540870143,0.2991122349290134,0.25652392141199365,-0.016548723166662078
97.064185120668,-0.010054056588277134,0.011262066979011384,0.2836617051446944,0.31075196736608685,-0.02005399178928186,0.017991181256622545,0.009514519728799471,0.27853899023402817,0.2623929404157459,-0.016927978773926357,0.0595875420459549,0.01149014475780654,0.3282237707379684,0.31075196736608685,-0.02005399178928186,0.000967703466524329,0.009518504935808454,0.26728117762387077,0.2623929404157459,-0.016927978773926357,0.00527118474567196,0.011278051429681224,0.31597251982460983,0.31075196736608685,-0.02005399178928186,0.04983015772210389,0.009439195980153373,0.26503355688884866,0.2623929404157459,-0.016927978773926357,-0.03630314854460315,0.011263900528929678,0.26780308405048137,0.31075196736608685,-0.02005399178928186,-0.0011441821666962441,0.009498123134454594,0.3131610715095061,0.2623929404157459,-0.016927978773926357
98.17025089042693,-0.022765290852799054,0.011520175704081105,0.2849639586923723,0.31785910848243415,-0.020513567864202116,0.00798358831706388,0.009732580170169723,0.2706065981803566,0.2683960006507935,-0.01731592491926195,0.06107729204145468,0.011753480234404496,0.345455341157899,0.31785910848243415,-0.020513567864202116,0.015698133293976315,0.0097366567066818,0.30707285713125904,0.2683960006507935,-0.01731592491926195,-0.000696262476262248,0.011536526463506646,0.2982043122216401,0.31785910848243415,-0.020513567864202116,0.031074304186988783,0.009655530215908481,0.2744595679326238,0.2683960006507935,-0.01731592491926195,-0.02210888021245927,0.011522051272647667,0.3079159105235124,0.31785910848243415,-0.020513567864202116,-0.010025036808775572,0.009715807812731016,0.3223228039001189,0.2683960006507935,-0.01731592491926195
99.2889205004747,-0.023793717012882083,0.011784199384565819,0.2888074459355601,0.3251284556159781,-0.020983674463650268,0.002434144067162766,0.009955637925048064,0.2727052180071955,0.27453615303984424,-0.01771276069484604,0.05459678626474013,0.01202285042556409,0.3431144030730783,0.3251284556159781,-0.020983674463650268,0.02003921799500843,0.009959807883902843,0.3039431897020028,0.27453615303984424,-0.01771276069484604,0.015568481649589856,0.011800924845824295,0.3259061974933045,0.3251284556159781,-0.020983674463650268,0.03973276058708389,0.009876822210816743,0.2676166385224654,0.27453615303984424,-0.01771276069484604,-0.022319335397855355,0.01178611793459538,0.29798520763214886,0.3251284556159781,-0.020983674463650268,-0.014214980491543277,0.009938481194342109,0.31926888476383053,0.27453615303984424,-0.01771276069484604
100.420337574088,-0.027859785881638018,0.012054273548138589,0.3122484723380368,0.3325636959739706,-0.021464552807735827,0.03241232624386833,0.010183807501369095,0.2799300726232862,0.28081651750237274,-0.01811868975211499,0.07039938767182502,0.012298393602185207,0.33922032558134185,0.3325636959739706,-0.021464552807735827,0.031174117773026058,0.010188073023077098,0.2907148475862397,0.28081651750237274,-0.01811868975211499,0.01564790284449053,0.012071382296768017,0.32018134704757395,0.3325636959739706,-0.021464552807735827,0.035346194844004614,0.010103185566883603,0.268220091155964,0.28081651750237274,-0.01811868975211499,-0.012024630706248929,0.01205623606450373,0.3145679840352077,0.3325636959739706,-0.021464552807735827,-0.0032298414374046062,0.010166257589880236,0.35645099924258017,0.28081651750237274,-0.01811868975211499
101.56464737115942,0.010620653568200127,0.012330536826970261,0.3499081517516161,0.34016859995490434,-0.021956449638889902,0.03491735373382817,0.01041720602998946,0.2842575112353235,0.28724028449961125,-0.018533920405154388,0.05557573108329944,0.01258025120213591,0.3390456988025873,0.34016859995490434,-0.021956449638889902,0.019526841237460093,0.010421569304356428,0.3061612606864221,0.28724028449961125,-0.018533920405154388,0.02979812766249374,0.012348037644849028,0.3331900359091525,0.34016859995490434,-0.021956449638889902,0.08268260953940934,0.010334736488069107,0.2743488241838037,0.28724028449961125,-0.018533920405154388,0.0019420598562381874,0.012332544316883876,0.33660477680168943,0.34016859995490434,-0.021956449638889902,0.008124438561485998,0.010399253928531867,0.3722019521550213,0.28724028449961125,-0.018533920405154388
102.72199680684696,-0.041669645812287555,0.012613131028226194,0.3293134031795753,0.34794702300888736,-0.022459617347932614,0.04308975860844918,0.01065595332514657,0.29455427249387867,0.29381071659883,-0.018958665737952077,0.04771477540193697,0.012868567902892265,0.3382640972626637,0.34794702300888736,-0.022459617347932614,0.03951199560667631,0.010660416591993384,0.30473179949258883,0.29381071659883,-0.018958665737952077,0.029873445399106587,0.01263103289871178,0.3490638520988453,0.34794702300888736,-0.022459617347932614,0.043502824265287315,0.01057159384047091,0.2815883467035789,0.29381071659883,-0.018958665737952077,-0.0037285340920855115,0.012615184522338112,0.32362738239006494,0.34794702300888736,-0.022459617347932614,0.0029387660720716254,0.010637589818152812,0.386244490448733,0.29381071659883,-0.018958665737952077
103.89253447043619,-0.02148247878556448,0.012902201207539423,0.3271596852552386,0.3559029075181818,-0.022974314103788994,0.03726737718714553,0.010900171945439203,0.3020056102005303,0.30053115009794695,-0.019393143713007772,0.0425575306565818,0.013163491695639781,0.3388885090990973,0.3559029075181818,-0.022974314103788994,0.032828076074248556,0.010904737495904548,0.2982011101621173,0.30053115009794695,-0.019393143713007772,0.017119945256370457,0.012920513319458602,0.33929540468622343,0.3559029075181818,-0.022974314103788994,0.07794890709779348,0.01081387921308006,0.27996106470632753,0.30053115009794695,-0.019393143713007772,0.00948384901623578,0.012904301759659363,0.33853563008277054,0.3559029075181818,-0.022974314103788994,0.009913842692638137,0.010881387606198795,0.3923376451899909,0.30053115009794695,-0.019393143713007772
105.07641064441728,0.012146420228522019,0.01319789574237354,0.357567716816589,0.3640402847377691,-0.02350080398447297,0.018284665692800038,0.01114998725695927,0.3099307679737774,0.3074049966663393,-0.019837577283784588,0.059641523167969945,0.013465173961081474,0.37137788379508174,0.3640402847377691,-0.02350080398447297,0.02748943774713111,0.011154657434733872,0.32318953865829675,0.3074049966663393,-0.019837577283784588,0.013599079062024018,0.013216627495298176,0.3644068657148599,0.3640402847377691,-0.02350080398447297,0.022876999475508725,0.011061716979902797,0.29729148474628175,0.3074049966663393,-0.019837577283784588,0.026242484956534695,0.013200044430886328,0.374270389706329,0.3640402847377691,-0.02350080398447297,0.010400428753152464,0.011130772442890208,0.4063707954253719,0.3074049966663393,-0.019837577283784588
106.27377732377938,0.024243932526303795,0.013500366409052287,0.3790601012631492,0.3723632767754308,-0.02403935711371928,0.004837673056595623,0.011405527497420291,0.30242710850542565,0.31443574502059235,-0.020292194507602376,0.09203207894448934,0.013773769547126079,0.4186731802765221,0.3723632767754308,-0.02403935711371928,0.011446773212997943,0.011410304699827942,0.3201076915948197,0.31443574502059235,-0.020292194507602376,0.019316804906124148,0.013519527417539898,0.38291298076034275,0.3723632767754308,-0.02403935711371928,0.06556642257756631,0.01131523436404314,0.31033767007617286,0.31443574502059235,-0.020292194507602376,0.028566273273673004,0.013502564336757205,0.37888146917447363,0.3723632767754308,-0.02403935711371928,0.015696162296785682,0.011385872345013526,0.4559925199926138,0.31443574502059235,-0.020292194507602376
107.4847882355249,-0.01178455794387618,0.013809768459760428,0.3750603789494343,0.3808760986039701,-0.024590249797674497,0.004692858059545632,0.011666923841988858,0.3062527117255013,0.3216269626490672,-0.020757228663840506,0.07213912370267078,0.0140894368480271,0.4143462569890536,0.3808760986039701,-0.024590249797674497,0.019913572312115792,0.011671810521187709,0.3571192527965676,0.3216269626490672,-0.020757228663840506,0.02361161609076696,0.013829368558758513,0.3853376511941965,0.3808760986039701,-0.024590249797674497,0.037204478052254714,0.011574561502701523,0.30675760136743335,0.3216269626490672,-0.020757228663840506,0.011454734873010408,0.013812016754807678,0.37324783913888415,0.3808760986039701,-0.024590249797674497,0.020322170964165404,0.011646818261689873,0.4298989419441821,0.3216269626490672,-0.020757228663840506
108.7095988584061,0.012296304612047053,0.014126260702539426,0.3932717208259569,0.3895830601234499,-0.025153764667166414,-0.007268942889147848,0.011934310470342536,0.32356013169480746,0.3289822975645068,-0.021232918371787875,0.0624601705725652,0.014412337885652268,0.42441701682619504,0.3895830601234499,-0.025153764667166414,0.01257262545044482,0.011939309134810323,0.3490632974685956,0.3289822975645068,-0.021232918371787875,0.03722497199821923,0.01414630995223551,0.4162081253296689,0.3895830601234499,-0.025153764667166414,0.04158244894767729,0.011839831514015322,0.3128036022623846,0.3289822975645068,-0.021232918371787875,0.03044909176891275,0.014128560518869095,0.3907697675173839,0.3895830601234499,-0.025153764667166414,0.038356993914971674,0.011913744141761148,0.3988086515791107,0.3289822975645068,-0.021232918371787875
109.9483664428867,0.01576112887744712,0.014450005582394393,0.3884436599145851,0.39848856828043705,-0.02573019082180969,0.0032820011202084522,0.01220782463567753,0.32667531178148834,0.33650548010436937,-0.02171950771401312,0.08156235623935398,0.01474263839268673,0.4108439230278952,0.39848856828043705,-0.02573019082180969,0.021750763697208544,0.01221293785130458,0.3541368414368397,0.33650548010436937,-0.02171950771401312,0.047256679364041716,0.014470514273362772,0.4300754910110255,0.39848856828043705,-0.02573019082180969,0.035704367517416485,0.012111180565096979,0.3652413682367772,0.33650548010436937,-0.02171950771401312,0.009546919859741876,0.014452358100506012,0.3852557811183107,0.39848856828043705,-0.02573019082180969,0.030440185992238706,0.012186787001856896,0.4121048359506976,0.33650548010436937,-0.02171950771401312
111.20125003133083,0.021938961253511295,0.014781169264904255,0.4083256618179221,0.4075971292029891,-0.026319823978688463,0.0069228172786247235,0.012487606734913809,0.3293967814266442,0.344200324752266,-0.022217246360630466,0.07237759813815853,0.01508050789719566,0.42528648871317765,0.4075971292029891,-0.026319823978688463,0.012802307447311836,0.012492837126347156,0.3597889636573041,0.344200324752266,-0.022217246360630466,0.05333046657413682,0.014802147923277612,0.4375701118776417,0.4075971292029891,-0.026319823978688463,0.04067524962338534,0.012388747942220286,0.34870286972466147,0.344200324752266,-0.022217246360630466,-0.01889864087659865,0.014783575692288671,0.3687729852564242,0.4075971292029891,-0.026319823978688463,0.025400943124418613,0.012466086997211277,0.4260776971213869,0.344200324752266,-0.022217246360630466
112.46841047842213,0.013649908882332355,0.015119921720890437,0.4143300044255363,0.4169133504183673,-0.026922966622069593,0.00963160392365133,0.012773800380838135,0.34159110441060647,0.35207073202268396,-0.022726389697175407,0.05339876614075717,0.015426119809827988,0.40575801423178015,0.4169133504183673,-0.026922966622069593,0.012538359526597122,0.012779150632806961,0.3675152881056922,0.35207073202268396,-0.022726389697175407,0.03776071072128879,0.015141381114066306,0.4362667926018998,0.4169133504183673,-0.026922966622069593,0.039023378686247084,0.012672676121743772,0.343586384931875,0.35207073202268396,-0.022726389697175407,-0.02324186246658988,0.015122383292505318,0.38008890374689874,0.4169133504183673,-0.026922966622069593,0.026136787340268437,0.012751787493075727,0.4335908210242334,0.35207073202268396,-0.022726389697175407
113.75001047181549,0.0073573211035411964,0.015466436813805105,0.42409194383215204,0.4264419430974112,-0.02753992815955732,0.03838255202768089,0.013066552475380452,0.3874634076352298,0.3601206903739116,-0.02324719895551078,0.057199772479643196,0.015779651512308666,0.4137182213122207,0.4264419430974112,-0.02753992815955732,0.01202958749936214,0.01307202533403945,0.351526225216026,0.3601206903739116,-0.02324719895551078,0.040534742677232956,0.015488387955545111,0.43819570571417665,0.4264419430974112,-0.02753992815955732,0.04534290272219191,0.012963110843401276,0.36617610091373365,0.3601206903739116,-0.02324719895551078,-0.03505860997607846,0.015468954793133045,0.3929043743582671,0.4264419430974112,-0.02753992815955732,0.010899919577587364,0.013044035138519053,0.4555695496905987,0.3601206903739116,-0.02324719895551078
115.04621455302407,0.018534325153663204,0.015820892388732726,0.4280132890156481,0.43618772434278585,-0.028171025079540488,0.02973623074959527,0.013366013285031415,0.3793847521691792,0.3683542781549493,-0.02377994134723039,0.05891182008260071,0.016141284448569986,0.43780157911120676,0.43618772434278585,-0.028171025079540488,0.02204250267293786,0.013371611559689783,0.3590472146594292,0.3683542781549493,-0.02377994134723039,0.04968165554148591,0.015843346545217712,0.4494808520787371,0.43618772434278585,-0.028171025079540488,0.05271798296969446,0.013260201184954823,0.3826115920094004,0.3683542781549493,-0.02377994134723039,-0.044604945479401636,0.01582346806804536,0.38775907460915027,0.43618772434278585,-0.028171025079540488,0.020762103818535233,0.013342979941325028,0.4787200064562154,0.3683542781549493,-0.02377994134723039
116.35718913854446,0.03221782767428421,0.016183470363496797,0.44489899581935727,0.4461556195417018,-0.02881658111303876,0.026937673391909632,0.013672336518214402,0.4029538716308839,0.3767756656130638,-0.02432489020033113,0.04735637467337167,0.0165112042175733,0.4368606793891251,0.4461556195417018,-0.02881658111303876,0.018504622060798528,0.013678063082268007,0.37121941516084694,0.3767756656130638,-0.02432489020033113,0.04256277268787862,0.016206439058699063,0.46027866387802996,0.4461556195417018,-0.02881658111303876,0.07457000124544957,0.013564099638604967,0.3996621056789351,0.3767756656130638,-0.02432489020033113,-0.030355392193160413,0.016186105064691824,0.4167455984458893,0.4461556195417018,-0.02881658111303876,-0.0025264353760213014,0.013648775344931537,0.45277801275990126,0.3767756656130638,-0.02432489020033113
117.68310254122242,0.028690316354929295,0.01655435682156421,0.4497104731928581,0.45635066477118597,-0.029476927399502,0.005764928853924619,0.013985679403450977,0.38637868396067787,0.3853891169355581,-0.024882325099292925,0.07143528108744729,0.016889600668462578,0.44880925723154286,0.45635066477118597,-0.029476927399502,0.008047103421577464,0.013991537196177628,0.3894782371549565,0.3853891169355581,-0.024882325099292925,0.03384366560678693,0.016577851843661534,0.4506118176267483,0.45635066477118597,-0.029476927399502,0.06065697831998487,0.013874962189083653,0.39275817097817267,0.3853891169355581,-0.024882325099292925,-0.0039410551591197995,0.016557051896891814,0.4563939084980294,0.45635066477118597,-0.029476927399502,-0.023845712129512624,0.013961578307343845,0.4303505968285972,0.3853891169355581,-0.024882325099292925
119.02412499186212,0.009075985457546225,0.01693374210804506,0.44843183685709614,0.4667780092345999,-0.030152402655732068,-0.0006083474096029527,0.014306202770351408,0.3942532182654358,0.3941989923255298,-0.025452532028097,0.08556705755424471,0.017276667997763052,0.4607997782043588,0.4667780092345999,-0.030152402655732068,0.016699173250375867,0.014312194798361686,0.40090027480718055,0.3941989923255298,-0.025452532028097,0.03324639447205719,0.016957775514852832,0.46505848615310563,0.4667780092345999,-0.030152402655732068,0.0743952013203231,0.014192948393587543,0.41085968344762236,0.3941989923255298,-0.025452532028097,0.006336567982598296,0.016936498940596657,0.4607344115173223,0.4667780092345999,-0.030152402655732068,-0.019917532742086668,0.014281549381107386,0.4654314463030762,0.3941989923255298,-0.025452532028097
120.38042866108208,0.015433358341528973,0.017321820926487465,0.4476479915721108,0.4774429177712268,-0.03084335334893057,-0.0003565405451588042,0.014634071131833532,0.38773645683195823,0.4032097501476522,-0.026035803515685317,0.0721052120184083,0.017672604848647862,0.47580993144828676,0.4774429177712268,-0.03084335334893057,-0.008878178811131374,0.014640200470620054,0.4007108052799024,0.4032097501476522,-0.026035803515685317,0.01932293723650453,0.017346405051993447,0.4796273356860551,0.4774429177712268,-0.03084335334893057,0.08895558528360861,0.014518221463607477,0.4149925319493022,0.4032097501476522,-0.026035803515685317,0.011411284491765428,0.01732464093107819,0.49600124472593554,0.4774429177712268,-0.03084335334893057,0.005688483385314764,0.01460885279589378,0.4473493848521859,0.4032097501476522,-0.026035803515685317
121.75218768141902,0.009126296341957656,0.017718792438815845,0.45827866028481107,0.4883507734139142,-0.03155013387443988,0.014013715638118004,0.014969452768482357,0.4271927966581782,0.41242594909637226,-0.02663243878714729,0.08740600567390683,0.01807761441299404,0.4769883401449716,0.4883507734139142,-0.03155013387443988,0.029580612244646278,0.01497572256391332,0.4428231878683197,0.41242594909637226,-0.02663243878714729,0.017495168485949293,0.017743939899629337,0.5169383120977512,0.4883507734139142,-0.03155013387443988,0.10688899118387421,0.014850948348409106,0.42237073125938807,0.41242594909637226,-0.02663243878714729,0.011295468179161161,0.017721677062673476,0.5099275444065586,0.4883507734139142,-0.03155013387443988,0.016432393975046106,0.014943656542365239,0.5119689989068956,0.41242594909637226,-0.02663243878714729
123.13957816968478,0.03279298234543076,0.01812486036755144,0.521004819787254,0.4995070800032148,-0.032273106735900454,-0.023585859917002162,0.015312519814680018,0.40659129774806047,0.42185225042849384,-0.027242743915161946,0.08339147680236675,0.018491904535312766,0.48885317753770374,0.4995070800032148,-0.032273106735900454,-0.008354304441920288,0.015318933284822058,0.4169528225898799,0.42185225042849384,-0.027242743915161946,0.005425461098680202,0.018150584068933592,0.49953615304695853,0.4995070800032148,-0.032273106735900454,0.06828632555821382,0.015191299820753424,0.42179531841061646,0.42185225042849384,-0.027242743915161946,0.011298756051205117,0.018127811091052503,0.5070602078479215,0.4995070800032148,-0.032273106735900454,0.03179350953495126,0.015286132458643433,0.5081068212707198,0.42185225042849384,-0.027242743915161946
124.54277824957748,0.0026909874945498166,0.01854023309986215,0.49626108087738113,0.5109174648459983,-0.033012642731275084,0.0019898978031421457,0.01566344834696355,0.43885716998876034,0.4314934202249271,-0.027867031977421974,0.08510248788696156,0.018915687818872425,0.507022445797355,0.5109174648459983,-0.033012642731275084,0.016663391617846048,0.015670008783332717,0.45555223296084696,0.4314934202249271,-0.027867031977421974,-0.0013173867480433185,0.018566546242616923,0.5157266408482796,0.5109174648459983,-0.033012642731275084,0.08642727303257838,0.015539450564255633,0.43832728859988634,0.4314934202249271,-0.027867031977421974,0.0026144444334951222,0.0185432514372111,0.493087591888106,0.5109174648459983,-0.033012642731275084,0.02570929662614115,0.015636456317995637,0.5185131921354167,0.4314934202249271,-0.027867031977421974
125.96196807455036,0.04374029807621254,0.018965123794260456,0.5506821076075704,0.5225876814597465,-0.03376912114144873,0.01699418145474859,0.016022418474212728,0.4472419200071077,0.4413543317286477,-0.028505623216105877,0.07466939061930017,0.019349181735213952,0.5217567013352257,0.5225876814597465,-0.03376912114144873,0.033549624105655894,0.01602912924381472,0.4759646356210174,0.4413543317286477,-0.028505623216105877,-0.0006967557648579967,0.018992039881592683,0.5317165374893248,0.5225876814597465,-0.03376912114144873,0.0898449155855108,0.015895579263001388,0.46470388147130137,0.4413543317286477,-0.028505623216105877,-0.007354083864206218,0.018968211294402557,0.5043269125309496,0.5225876814597465,-0.03376912114144873,0.03828742961006677,0.01599480791908113,0.54425359751727,0.4413543317286477,-0.028505623216105877
127.39732985094115,0.004461053921858409,0.019399750490026912,0.5124484506526551,0.5345236123426542,-0.03454292992475053,-4.42672888104987e-05,0.016389614429516645,0.45106833994001405,0.4514399677066639,-0.029158845202374828,0.07333782559983032,0.019792608734722304,0.5255680739561844,0.5345236123426542,-0.03454292992475053,0.0358553061761411,0.016396478976549878,0.4851625105672949,0.4514399677066639,-0.029158845202374828,-0.012434676251936665,0.019427283334022587,0.5271235316529447,0.5345236123426542,-0.03454292992475053,0.09404464407768923,0.016259868692822328,0.47258296526323207,0.4514399677066639,-0.029158845202374828,0.010277178898954076,0.019402908737303975,0.5303281848222138,0.5345236123426542,-0.03454292992475053,0.0039005862224443417,0.01636137117788626,0.5468858811319859,0.4514399677066639,-0.029158845202374828
128.84904786136525,0.04172153347976631,0.019844336218487545,0.554713361869957,0.5467312718256,-0.03533446591478662,0.0036336899084297904,0.0167652246650535,0.4750781346251455,0.4617554228832167,-0.029827033002983554,0.044652108554573966,0.02024619636115799,0.5565862020221614,0.5467312718256,-0.03533446591478662,0.02100284708781344,0.01677224651255216,0.48712782570618435,0.4617554228832167,-0.029827033002983554,0.022679184983735397,0.019872499947843916,0.570783973777169,0.5467312718256,-0.03533446591478662,0.06190397074810686,0.01663250581512288,0.4835169383574538,0.4617554228832167,-0.029827033002983554,0.01668869254043892,0.019847566833609966,0.5487285547989774,0.5467312718256,-0.03533446591478662,0.029531211584886658,0.016736334222007068,0.5039457024879834,0.4617554228832167,-0.029827033002983554
130.31730848837526,0.013406677386477654,0.02029910911739593,0.542347537210698,0.5592168089836703,-0.03614413502262008,0.020322800563612096,0.017149441948405144,0.47687096950522345,0.47230590640326475,-0.030510529352130843,0.08987982422422786,0.020710177367769516,0.566738709524086,0.5592168089836703,-0.03614413502262008,0.02773953171585133,0.017156624699978116,0.5000036208654803,0.47230590640326475,-0.030510529352130843,0.008925670116829494,0.02032791818404734,0.5488816207750252,0.5592168089836703,-0.03614413502262008,0.0905135343664352,0.017013681872746274,0.49535241055218293,0.47230590640326475,-0.030510529352130843,0.03210908823550562,0.020302413758105552,0.5635981548932388,0.5592168089836703,-0.03614413502262008,0.009308824133009447,0.017119889487223778,0.5854387209451961,0.47230590640326475,-0.030510529352130843
131.8023002383901,0.034614921207932796,0.020764302547707295,0.5636164744196565,0.5719865106002044,-0.036972352444971546,0.00899481707167745,0.017542463461299663,0.47029564120924305,0.4830967443864878,-0.03120968482616658,0.08291108344437742,0.021184789836444576,0.585158529575858,0.5719865106002044,-0.036972352444971546,0.027221234739712077,0.017549810803059455,0.4927462568411575,0.4830967443864878,-0.03120968482616658,0.011817021916778643,0.020793771734565064,0.5607534756125302,0.5719865106002044,-0.036972352444971546,0.07421349173510985,0.017403592487704785,0.5010648075733215,0.4830967443864878,-0.03120968482616658,0.026758464938287374,0.020767682909783397,0.5625242777270504,0.5719865106002044,-0.036972352444971546,-0.005906297564349832,0.017512233815508538,0.5645153242157666,0.4830967443864878,-0.03120968482616658
133.30421376589695,0.04165136143531383,0.021240155213028564,0.5892866342780353,0.5850468042079988,-0.037819542875536925,0.016684179425205135,0.01794449090030998,0.47100972922908013,0.4941333824856964,-0.03192485802305221,0.06592925781380782,0.02167027729969467,0.6023552007883856,0.5850468042079988,-0.037819542875536925,0.036412357994769294,0.01795200660291842,0.5118232284148112,0.4941333824856964,-0.03192485802305221,0.003286987192679121,0.021270299641271796,0.5709732281679377,0.5850468042079988,-0.037819542875536925,0.047289377351232204,0.017802437761310914,0.49455874962134416,0.4941333824856964,-0.03192485802305221,0.02671704897912386,0.021243613030940273,0.5885401170490677,0.5850468042079988,-0.037819542875536925,0.0254973060934149,0.01791356855653732,0.5819265097449187,0.4941333824856964,-0.03192485802305221
134.82324189792925,0.035291079739380664,0.021726911281698753,0.5936888621485567,0.5984042611855046,-0.038686140721932605,0.008361749651040714,0.01835573058083403,0.48536367491221355,0.5054213885530113,-0.032656415745677264,0.05831529789862838,0.022166888865415603,0.6026306647964373,0.5984042611855046,-0.038686140721932605,0.03887160586260221,0.018363418501164144,0.5257999369551767,0.5054213885530113,-0.032656415745677264,0.010148550560425136,0.02175774641885465,0.5836422167835534,0.5984042611855046,-0.038686140721932605,0.07208397001748959,0.0182104223768764,0.49289248920809214,0.5054213885530113,-0.032656415745677264,0.026062121737749577,0.021730448329646636,0.5890316186107366,0.5984042611855046,-0.038686140721932605,0.018179417525439685,0.01832409967008742,0.5956149792613357,0.5054213885530113,-0.032656415745677264
136.3595796588226,0.035545080396172594,0.02222482051172886,0.6384595998391583,0.61206559992817,-0.03957259032721143,0.0017152388136310783,0.01877639354207658,0.49157693537312397,0.5169664553204943,-0.03340473318879985,0.06128084547641205,0.022674879343894675,0.6133402823318347,0.61206559992817,-0.03957259032721143,0.05320477353097088,0.018784257625341277,0.5512838017320787,0.5169664553204943,-0.03340473318879985,0.04075198511972495,0.02225636217944909,0.6007278296219928,0.61206559992817,-0.03957259032721143,0.07656842315917525,0.018627755704573954,0.5126726693561245,0.5169664553204943,-0.03340473318879985,0.03182017136656279,0.022228438604725315,0.6084748764913254,0.61206559992817,-0.03957259032721143,0.029352845198795403,0.018744037832135713,0.641171499770331,0.5169664553204943,-0.03340473318879985
137.91342429525406,0.029712337367794377,0.022734138378918335,0.6483662251769958,0.6260376890830587,-0.0404793461968651,-0.008425751087049274,0.019206695655133277,0.5031233760145203,0.5287744031730084,-0.03417019413091231,0.07060375368641797,0.023194509378718316,0.6158363673137698,0.6260376890830587,-0.0404793461968651,0.049688261075867345,0.01921473993708614,0.5684518324192842,0.5287744031730084,-0.03417019413091231,0.03990570919304865,0.02276640276075679,0.6228782336263107,0.6260376890830587,-0.0404793461968651,0.08515890348084734,0.01905465190823546,0.5186885484884378,0.5287744031730084,-0.03417019413091231,0.009739308474597919,0.02273783937323153,0.5849498048118814,0.6260376890830587,-0.0404793461968651,0.041805749028247255,0.019173598542392808,0.648820423100742,0.5287744031730084,-0.03417019413091231
139.48497530156587,0.04118215627543647,0.02325512620712981,0.6607447122897975,0.6403275508512944,-0.041406873231237276,0.0052559466782540944,0.019646857734194455,0.5446739395958201,0.5408511829525832,-0.034953191130755845,0.08262167778657098,0.023726045579839924,0.6348552590290145,0.6403275508512944,-0.041406873231237276,0.06046215049506556,0.019655086342640387,0.5696715126648177,0.5408511829525832,-0.034953191130755845,0.049335240359061956,0.02328812985751564,0.651040273058315,0.6403275508512944,-0.041406873231237276,0.06453095016628477,0.019491330055484278,0.5249615034796697,0.5408511829525832,-0.034953191130755845,0.003452368617126722,0.0232589120017013,0.5916245496370113,0.6403275508512944,-0.041406873231237276,0.027565252436841898,0.01961300223450728,0.6465702902695594,0.5408511829525832,-0.034953191130755845
141.07443444537813,0.021241258911342258,0.023788051302431005,0.6529036044966604,0.654942364376242,-0.042355646961465966,0.007446950127114679,0.020097105648730546,0.5407804677815936,0.5532028788417989,-0.03575412572675345,0.08154294509164256,0.02426976066020091,0.6346144714741454,0.654942364376242,-0.042355646961465966,0.04366632560511532,0.02010552280627638,0.575556387052127,0.5532028788417989,-0.03575412572675345,0.023151524643898753,0.02382181115441633,0.671057215331531,0.654942364376242,-0.042355646961465966,0.07506506706476127,0.019938014229602466,0.5430099075843273,0.5532028788417989,-0.03575412572675345,0.019388521540454007,0.02379192383969327,0.6423686983770697,0.654942364376242,-0.042355646961465966,0.01020227103495382,0.0200624743893267,0.6699119547835946,0.5532028788417989,-0.03575412572675345
142.6820057934933,0.04224367535629297,0.024333187089401586,0.6785640388884099,0.6698894691885018,-0.043326153793248626,0.027171816416093085,0.020557670439787915,0.5633655535694783,0.5658357113091008,-0.03657340864326907,0.08545137027923172,0.024825933574981435,0.6627681657549876,0.6698894691885018,-0.043326153793248626,0.04136849737239869,0.02056628046543885,0.5841745383243611,0.5658357113091008,-0.03657340864326907,0.011445414507980374,0.02436772046380693,0.6810993492462257,0.6698894691885018,-0.043326153793248626,0.07632403348830688,0.02039493364418152,0.5641719290643472,0.5658357113091008,-0.03657340864326907,0.020268333876616196,0.02433714835628227,0.6508528916650714,0.6698894691885018,-0.043326153793248626,0.010424741177848158,0.020522245649993092,0.6728261141378671,0.5658357113091008,-0.03657340864326907
144.3078957380958,0.019463602572976683,0.024890813251657103,0.6694230781424148,0.6851763687273327,-0.04431889125433041,0.030555973156193593,0.021028788437661722,0.6026390115029184,0.5787560401036922,-0.037411459999050455,0.07215231747378109,0.0253948496643186,0.6826889254104221,0.6851763687273327,-0.04431889125433041,0.018184415440049253,0.021037595749549557,0.6075105645547039,0.5787560401036922,-0.037411459999050455,0.008373743358239878,0.02492613786564217,0.6989618489141035,0.6851763687273327,-0.04431889125433041,0.0915303735543507,0.02086232276078308,0.5787753631254837,0.5787560401036922,-0.037411459999050455,-0.010439137002839716,0.02489486528019478,0.6521265113456532,0.6851763687273327,-0.04431889125433041,0.0111775855440663,0.020992551940165326,0.6979567777056215,0.5787560401036922,-0.037411459999050455
145.95231302325013,0.04291103498023246,0.02546121587409248,0.6949768424951225,0.7008107339536089,-0.04533436824786995,0.012308121714699713,0.021510701383540477,0.593390412240704,0.5919703673279119,-0.03826870952284487,0.07655454012030699,0.02597680079962146,0.6928779425394799,0.7008107339536089,-0.04533436824786995,0.02431799447107166,0.021519710500774534,0.6269361213454969,0.5919703673279119,-0.03826870952284487,0.022278085781609676,0.025497349850424764,0.711727736648386,0.7008107339536089,-0.04533436824786995,0.0886312776507037,0.021340421408621316,0.6013057285740473,0.5919703673279119,-0.03826870952284487,-0.0006320708503461114,0.0254653607433062,0.6789541775633768,0.7008107339536089,-0.04533436824786995,0.02991231726049089,0.02147363458468218,0.7056601673260137,0.5919703673279119,-0.03826870952284487
147.6154687717012,0.03846867592906405,0.0260446875899306,0.7240326625626489,0.7168004070227657,-0.04637310531326481,0.02879531857483294,0.022003656552521175,0.6050637644685065,0.6054853405786931,-0.03914559677203218,0.07430056102084631,0.02657208553246153,0.7026267531994156,0.7168004070227657,-0.04637310531326481,0.019555297887012404,0.022012872097778045,0.6224535610148783,0.6054853405786931,-0.03914559677203218,0.02334684336151433,0.026081649466206697,0.712820537296801,0.7168004070227657,-0.04637310531326481,0.08742115977115897,0.021829474907533793,0.606086037691508,0.6054853405786931,-0.03914559677203218,0.003570547764043197,0.02604892742617767,0.7049137892085721,0.7168004070227657,-0.04637310531326481,0.024211933790487545,0.021965740433139883,0.6889589364132587,0.6054853405786931,-0.03914559677203218
149.29757651197966,0.03639463093248834,0.02664152772984285,0.7500398315250715,0.7331534050494092,-0.04743563489001923,0.016406708541723068,0.02250790688078295,0.6019456429252042,0.6193077561446875,-0.04004257135720009,0.073757219880418,0.027181009247284442,0.7411646137358557,0.7331534050494092,-0.04743563489001923,0.024640122046114345,0.02251733358253623,0.6596332462598289,0.6193077561446875,-0.04004257135720009,0.02986900596307713,0.026679336467950066,0.7584382878837145,0.7331534050494092,-0.04743563489001923,0.06792302305967549,0.02232973419336145,0.6131452379037441,0.6193077561446875,-0.04004257135720009,0.006376951320992474,0.02664586470837628,0.7071139285714064,0.7331534050494092,-0.04743563489001923,0.04322215725079,0.022469121986110865,0.7132961624471126,0.6193077561446875,-0.04004257135720009
150.99885220581643,0.039076556773356245,0.027252042475679354,0.766362130105754,0.7498779239474619,-0.04852250158975107,0.018203202479529855,0.023023711094438664,0.6182980729744852,0.6334445622774403,-0.0409600931717234,0.07728104215469639,0.02780388431777581,0.7319520008205677,0.7498779239474619,-0.04852250158975107,0.025271569515491723,0.02303335378936723,0.6455928600235934,0.6334445622774403,-0.0409600931717234,0.03149876564163485,0.02729071747129678,0.7615076463231828,0.7498779239474619,-0.04852250158975107,0.07381899546998308,0.022841455946455043,0.6374461281328365,0.6334445622774403,-0.0409600931717234,0.001326590320105736,0.02725647882118393,0.7047254947680489,0.7498779239474619,-0.04852250158975107,0.03862863802463119,0.02298403752467458,0.7212829522582969,0.6334445622774403,-0.0409600931717234
152.71951427586947,0.04489093911240998,0.027876545016155798,0.8160110969385416,0.7669823423544586,-0.049634262474094124,0.028410731183601788,0.02355133384252982,0.6376950416615966,0.6479028625444606,-0.04189863262589992,0.08488426876251293,0.028441030266458153,0.774169069588248,0.7669823423544586,-0.049634262474094124,0.046501939082882714,0.023561197478067862,0.6750515532939749,0.6479028625444606,-0.04189863262589992,0.02872818715451892,0.02791610610901102,0.7767023811273907,0.7669823423544586,-0.049634262474094124,0.05092281811659485,0.02336490272317436,0.6655045026983792,0.6479028625444606,-0.04189863262589992,0.02687721935124665,0.027881083004514178,0.7411990395600124,0.7669823423544586,-0.049634262474094124,0.024209456941386615,0.023510751242049516,0.7162839398676877,0.6479028625444606,-0.04189863262589992
154.45978363376656,0.013956793277220485,0.0285153557078269,0.8151901027372185,0.7844752256437497,-0.05077148733785224,0.03914457470621365,0.024091045831920274,0.6596107807544936,0.6626899192313376,-0.04285867088746914,0.08093394238115931,0.029092773928035394,0.7601698346898308,0.7844752256437497,-0.05077148733785224,0.028018079676072307,0.024101135468710302,0.6738890408127949,0.6626899192313376,-0.04285867088746914,0.04315770505050615,0.02855582319164021,0.8060594083381835,0.7844752256437497,-0.05077148733785224,0.058897201880101974,0.02390034308978653,0.6739841306805445,0.6626899192313376,-0.04285867088746914,0.04553548898961901,0.028519997666816073,0.8030888497495784,0.7844752256437497,-0.05077148733785224,0.026580919094692585,0.024049533379246604,0.71990139551225,0.6626899192313376,-0.04285867088746914
156.21988370846756,0.03166973339311623,0.029168802238328767,0.8219793299598551,0.8023653300264776,-0.05193475899970823,0.03825425760695119,0.02464312396602763,0.676865415970627,0.6778131568471913,-0.04384070012676375,0.10750017833575992,0.029759449616510062,0.7851298288029701,0.8023653300264776,-0.05193475899970823,0.0416818071915648,0.024653444780620638,0.6916901760976186,0.6778131568471913,-0.04384070012676375,0.044980777472572626,0.029210196871149608,0.8023271970841511,0.8023653300264776,-0.05193475899970823,0.08072017466574447,0.02444805176022735,0.6855335341181288,0.6778131568471913,-0.04384070012676375,0.03990606906205352,0.029173550549029117,0.8184080081083497,0.8023653300264776,-0.05193475899970823,0.00902656174528867,0.024600660363032007,0.764033525006256,0.6778131568471913,-0.04384070012676375
158.00004047494997,0.028655853039094396,0.029837219794051573,0.8393919261226864,0.8206616067298049,-0.05312467359911282,0.053829108542778746,0.025207851486399167,0.7010024316634248,0.6932801656763206,-0.044845223768128564,0.12009668464519901,0.03044139929587297,0.8314048324113136,0.8206616067298049,-0.05312467359911282,0.03325451052171415,0.025218408773770764,0.7130226650893148,0.6932801656763206,-0.044845223768128564,0.04618430688404935,0.0298795628090243,0.8110603237064508,0.8206616067298049,-0.05312467359911282,0.06557027935830287,0.02500830973667675,0.7224240529763755,0.6932801656763206,-0.044845223768128564,0.02314030375135212,0.02984207689206085,0.8235371782519468,0.8206616067298049,-0.05312467359911282,0.015214843809329987,0.025164414947698964,0.8242273595278864,0.6932801656763206,-0.044845223768128564
159.80048248322106,0.026975981726135516,0.030520951231440104,0.8431599982611567,0.8393732062816317,-0.054341840899668516,0.03575427637245817,0.02578551811770035,0.7240195017440624,0.7090987054333995,-0.04587275674577626,0.12471401487173633,0.031138972755280762,0.8425573856421357,0.8393732062816317,-0.054341840899668516,0.01943304331433551,0.0257963172940482,0.7272939804555945,0.7090987054333995,-0.04587275674577626,0.028892080102613633,0.03056426434765596,0.8367947905818388,0.8393732062816317,-0.054341840899668516,0.05966524087532757,0.02558140445310334,0.7095770361804377,0.7090987054333995,-0.04587275674577626,0.005942878507100402,0.030525919608257495,0.8354587322892438,0.8393732062816317,-0.054341840899668516,0.007950080988651204,0.02574108635891282,0.8708790356895062,0.7090987054333995,-0.04587275674577626
161.62144088766158,0.02619595110797617,0.031220347252395624,0.863526604998451,0.8585094828826513,-0.05558688459974182,0.040707434000769004,0.026376420215704636,0.7351283235009721,0.7252767089764811,-0.04692382576702106,0.10409628218486727,0.031852527787464134,0.8739648807398707,0.8585094828826513,-0.05558688459974182,0.04436950143503806,0.026387466821240234,0.7457896530772308,0.7252767089764811,-0.04692382576702106,0.04789203178490304,0.03126465268584308,0.839565622654335,0.8585094828826513,-0.05558688459974182,0.0900032955536805,0.026167629922174595,0.7262726290213131,0.7252767089764811,-0.04692382576702106,0.014257171938994673,0.031225429456360712,0.8535388203766313,0.8585094828826513,-0.05558688459974182,0.010804493199559412,0.026330970442816022,0.8497921961975845,0.7252767089764811,-0.04692382576702106
163.46314947670214,0.03037654419395635,0.03193576658328667,0.9010228431272574,0.8780799988663318,-0.05686044264985934,0.03116135801721861,0.02698086091928196,0.7621667903985551,0.7418222861123431,-0.047998969580843424,0.09962831524250287,0.03258243037158029,0.8923022352373818,0.8780799988663318,-0.05686044264985934,0.036040145338861705,0.026992160620757048,0.7870953614276948,0.7418222861123431,-0.047998969580843424,0.04301999191998213,0.03198108705819688,0.8619484701768533,0.8780799988663318,-0.05686044264985934,0.07544395625392933,0.02676728688605729,0.7438641717750336,0.7418222861123431,-0.047998969580843424,0.026687035875771925,0.031940965221055315,0.8815767699270974,0.8780799988663318,-0.05686044264985934,0.009583728506532291,0.02693436981616577,0.8739619190858978,0.7418222861123431,-0.047998969580843424
165.32584470283936,0.053100934260364156,0.03266757615821717,0.9048038081532178,0.8980945292681943,-0.05816316757739103,0.030134349052509966,0.027599150304577373,0.7492195153349311,0.7587437274835308,-0.04909873925165868,0.08051660190672433,0.033329054860361404,0.9068140280622193,0.8980945292681943,-0.05816316757739103,0.01373527504013963,0.02761070889880216,0.7416816902179084,0.7587437274835308,-0.04909873925165868,0.032622033450932904,0.03271393491892419,0.8787253033692947,0.8980945292681943,-0.05816316757739103,0.08121338295695149,0.027380682969730463,0.7498039908819045,0.7587437274835308,-0.04909873925165868,0.037960527324423565,0.03267289389610526,0.9000048157083324,0.8980945292681943,-0.05816316757739103,0.0356041153780617,0.02755159402170686,0.8668516749541564,0.7587437274835308,-0.04909873925165868
167.20976571299323,0.03147651787515953,0.03341615130679169,0.923054752878865,0.9185630664890466,-0.059495726819074446,0.0374963608305486,0.028231605544504528,0.7808704125948002,0.7760495085418645,-0.05022369844108191,0.08707031299160445,0.03409278417142321,0.9405434681277013,0.9185630664890466,-0.059495726819074446,0.039197049406158,0.028243428960778895,0.784598193447521,0.7760495085418645,-0.05022369844108191,0.04202587027055522,0.033463572129141445,0.9324232450451161,0.9185630664890466,-0.059495726819074446,0.07469304806677893,0.02800813283861882,0.7802529518348322,0.7760495085418645,-0.05022369844108191,0.046825462440798105,0.03342159087207508,0.9251028370781075,0.9185630664890466,-0.059495726819074446,0.021009694111194317,0.028182959686647333,0.8680497172521495,0.7760495085418645,-0.05022369844108191
169.11515437921068,0.034155016401829656,0.03418187594545606,0.954293858625959,0.9394958250579619,-0.06085880305981333,0.021945034310704235,0.028878551070386418,0.8074093732281814,0.79374829359119,-0.0513744236946009,0.09102477729046538,0.034874009982297643,0.9469571613579338,0.9394958250579619,-0.06085880305981333,0.021509302972496005,0.028890645373599352,0.771050345371882,0.79374829359119,-0.0513744236946009,0.030932360031007917,0.03423038314955548,0.9411310616090359,0.9394958250579619,-0.06085880305981333,0.10212881179569602,0.028649958359421284,0.783321891451358,0.79374829359119,-0.0513744236946009,0.051479090493797286,0.034187440127818665,0.9438037087796584,0.9394958250579619,-0.06085880305981333,0.017570053541143788,0.028828790683859597,0.879478336959566,0.79374829359119,-0.0513744236946009
171.04225532971887,0.0284864834986645,0.03496514277383698,0.9720467835794858,0.9609032465015287,-0.062253094580284114,0.049857722381798274,0.029540318737720745,0.818005465804016,0.8118489399465507,-0.052551504735419224,0.062333675153057266,0.03567313293132425,0.9618726342229896,0.9609032465015287,-0.062253094580284114,0.010868606938017524,0.029552690131779157,0.7805500906736773,0.8118489399465507,-0.052551504735419224,0.05002396198390919,0.035014761236079946,0.9753829542465565,0.9609032465015287,-0.062253094580284114,0.10101731607987399,0.029306488764324082,0.8044756601248366,0.8118489399465507,-0.052551504735419224,0.03520604908480374,0.034970834426866826,0.9513105087453869,0.9609032465015287,-0.062253094580284114,0.02084293267234268,0.02948941829795528,0.9086176907752919,0.8118489399465507,-0.052551504735419224
172.99131598033247,0.0013422221197852344,0.035766353475333135,0.9987758817445419,0.9827960043219743,-0.0636793156126544,0.03815905871631394,0.03021724799630205,0.853969496083013,0.8303605021581624,-0.053755544764434414,0.07266831417440894,0.03649056282149699,0.9853560047667939,0.9827960043219743,-0.0636793156126544,0.012986147790683435,0.030229902826906338,0.8223591967216235,0.8303605021581624,-0.053755544764434414,0.03916850039250825,0.03581710864109868,0.986434778461612,0.9827960043219743,-0.0636793156126544,0.1271700540512999,0.029978060819805672,0.858795269635479,0.8303605021581624,-0.053755544764434414,0.045980988649941934,0.03577217551782241,0.9790567416499559,0.9827960043219743,-0.0636793156126544,0.016820091323550296,0.030165181394422484,0.9022065694057713,0.8303605021581624,-0.053755544764434414
174.9625865662188,-0.004817351168625535,0.03658591892218227,1.009331271062755,1.0051850090740924,-0.06513819670270234,0.029975680880408438,0.03090968606318868,0.8529585875216935,0.8492922363450888,-0.0549871607683408,0.10721544800030497,0.037326718830230775,1.0273603446347201,1.0051850090740924,-0.06513819670270234,0.036806483445093206,0.030922630821248444,0.8727037406091709,0.8492922363450888,-0.0549871607683408,0.05813353017158313,0.036637836819032224,1.0287186841880298,1.0051850090740924,-0.06513819670270234,0.08351696864294847,0.030665018998496718,0.8558088554217953,0.8492922363450888,-0.0549871607683408,0.04223588348137264,0.036591874339640285,1.006204392372823,1.0051850090740924,-0.06513819670270234,0.010074377959478038,0.030856426593089455,0.924100821686449,0.8492922363450888,-0.0549871607683408
176.9563201740246,0.04776461573508,0.03742425938514428,1.0568158442492355,1.0280814135736631,-0.06663048508166873,0.021001144080255406,0.031617988100375416,0.8648156349505233,0.8686536046052744,-0.056246983832501665,0.11477569922306824,0.03818202972304861,1.0393317712003465,1.0280814135736631,-0.06663048508166873,0.04703262093613871,0.03163122942539212,0.8922410207809852,0.8686536046052744,-0.056246983832501665,0.03907797193190838,0.0374773666359193,1.0263616412955634,1.0280814135736631,-0.06663048508166873,0.10689049146981414,0.031367715655199004,0.8767242159888795,0.8686536046052744,-0.056246983832501665,0.06332609219896079,0.037430351231561375,1.0515956418973151,1.0280814135736631,-0.06663048508166873,0.015910029654799113,0.03156350844482302,0.9206190947839137,0.8686536046052744,-0.056246983832501665
178.97277277437013,0.038951549852516636,0.038281804748315586,1.060398758845252,1.0514966181905891,-0.06815694504628991,0.01948243485578168,0.032342517396298134,0.9047850875010067,0.8884542795493275,-0.057535659463182204,0.08820496261596983,0.039056934072608615,1.0603872086622252,1.0514966181905891,-0.06815694504628991,0.04432114364559949,0.032356062079624076,0.9309685906035616,0.8884542795493275,-0.057535659463182204,0.005428358125554596,0.03833612858481362,1.021190572192031,1.0514966181905891,-0.06815694504628991,0.10742080732018702,0.03208651120705681,0.8815922815605113,0.8884542795493275,-0.057535659463182204,0.03479523173833721,0.03828803614733871,1.0302094604701009,1.0514966181905891,-0.06815694504628991,0.01876651707679296,0.03228678961305436,0.982622756309149,0.8884542795493275,-0.057535659463182204
181.01220325471135,0.05001492235347298,0.03915899472814281,1.108085646448351,1.0754422762857145,-0.06971835834669696,0.044356329013762595,0.033083645551556885,0.9145357897378926,0.9087041489000118,-0.05885384791564343,0.10133501710598619,0.03995188048240981,1.0990343791784958,1.0754422762857145,-0.06971835834669696,0.029320990503079816,0.03309750053998166,0.9167772699848618,0.9087041489000118,-0.05885384791564343,0.017452251432688755,0.03921456300516657,1.063855104819074,1.0754422762857145,-0.06971835834669696,0.09465920240920947,0.032821774317585324,0.9126641179644963,0.9087041489000118,-0.05885384791564343,0.03501380749719851,0.03916536887494725,1.0702313472112128,1.0754422762857145,-0.06971835834669696,0.04365560780761309,0.03302664105905398,0.9725060056397237,0.9087041489000118,-0.05885384791564343
183.07487345257871,0.03908799268636925,0.04005627909851743,1.1271428285571432,1.099930299750829,-0.07131552458371443,0.039678656604873984,0.03384175266844745,0.9455337047540152,0.9294133202165132,-0.0602022245299291,0.09612065193686231,0.04086732781599743,1.1002047567217814,1.099930299750829,-0.07131552458371443,0.030229642644292756,0.033855925067623416,0.9291650025633009,0.9294133202165132,-0.0602022245299291,0.0290027479335982,0.04011312030763248,1.0984728310956036,1.099930299750829,-0.07131552458371443,0.08889018110692784,0.03357388208528381,0.9215257154600636,0.9294133202165132,-0.0602022245299291,0.03881068725100911,0.040062799261337476,1.0878312501157592,1.099930299750829,-0.07131552458371443,0.028743405605323697,0.03378344223118778,0.9795665977839481,0.9294133202165132,-0.0602022245299291
185.16104818919356,0.024544862008024908,0.040974117919536104,1.125905837338116,1.1249728646667105,-0.072949261615169,0.027035091858294967,0.034617227545386896,0.984526859732198,0.9505921257067323,-0.06158148007493895,0.09607821108924025,0.04180374543095808,1.1148031895368304,1.1249728646667105,-0.072949261615169,0.048746825118526814,0.03463172462365039,0.937605398576884,0.9505921257067323,-0.06158148007493895,0.030685064471603525,0.04103226120423274,1.115006042679775,1.1249728646667105,-0.072949261615169,0.07788369843771117,0.034343220235783005,0.9588540090855666,0.9505921257067323,-0.06158148007493895,0.015927331829585056,0.04098078744144195,1.0904285268374392,1.1249728646667105,-0.072949261615169,0.026279360878918207,0.03455758125904988,1.0213270379833983,0.9505921257067323,-0.06158148007493895
187.27099530346797,0.024544862008024908,0.041912981772930596,1.1276853672397487,1.1505824171052574,-0.07462040597052848,0.027450684426241954,0.035410467875371235,0.9854120532368807,0.9722511271650214,-0.06299232109939082,0.04300363939064905,0.04276161341814,1.1492908480621948,1.1505824171052574,-0.07462040597052848,0.026982572052740596,0.035425297067194536,0.9663330199581841,0.9722511271650214,-0.06299232109939082,0.03339464734081538,0.041972456942967876,1.1559442998882736,1.1505824171052574,-0.07462040597052848,0.0860574641531944,0.0351301833194166,0.9758090242812969,0.9722511271650214,-0.06299232109939082,0.005751996412354798,0.04191980407323885,1.1150238601794666,1.1505824171052574,-0.07462040597052848,0.03398527370095801,0.035349455151560086,1.0274592382528749,0.9722511271650214,-0.06299232109939082
189.40498568639188,0.04722558329371323,0.042873352001718136,1.1685927927487925,1.1767716790269673,-0.07632981327643293,0.034305390264059175,0.0362218804492202,1.0015126492366653,0.9944011209863235,-0.06443547029110387,0.08221062326594858,0.04374142284710583,1.1832877121097112,1.1767716790269673,-0.07632981327643293,0.019241316515223008,0.03623704935920996,0.976326516372132,0.9944011209863235,-0.06443547029110387,0.03784041221082141,0.04293418954856772,1.1829468665259397,1.1767716790269673,-0.07632981327643293,0.08367472875929319,0.03593517491244555,0.9914130583383276,0.9944011209863235,-0.06443547029110387,0.017360968904541862,0.04288033057812608,1.1407398731929317,1.1767716790269673,-0.07632981327643293,0.03860541609015096,0.036159469999645026,1.048905914799222,0.9944011209863235,-0.06443547029110387
191.56329331581213,0.03577186384625391,0.043855720955776875,1.1852147457182867,1.2035536543423961,-0.07807835869030232,0.01868261930543732,0.03705188136298902,1.0166142904084436,1.0170531433250378,-0.06591166684449089,0.06110896462830834,0.04474367601590584,1.2245702965836123,1.2035536543423961,-0.07807835869030232,0.0329491726282525,0.037067397769762284,1.0191598589001094,1.0170531433250378,-0.06591166684449089,0.04406573087246663,0.04391795206828883,1.2049087909735667,1.2035536543423961,-0.07807835869030232,0.0526352039252789,0.03675860782305249,1.0151794074006482,1.0170531433250378,-0.06591166684449089,0.02683790241003814,0.04386285938597427,1.1776551900884908,1.2035536543423961,-0.07807835869030232,0.0339904613008188,0.036988041183896876,1.0753960896350716,1.0170531433250378,-0.06591166684449089
193.74619529160788,0.03896752756491422,0.04486059224338961,1.215833294565072,1.2309416350679472,-0.07986693734435411,0.01529056256875457,0.037900896230858336,1.0417296063827832,1.0402184753306818,-0.06742166683628065,0.055844551399884035,0.04576888670792763,1.2280446735692307,1.2309416350679472,-0.07986693734435411,0.0496484405505049,0.037916768090820556,1.0664577199360314,1.0402184753306818,-0.06742166683628065,0.040061173088000786,0.04492424882334187,1.2449308385214208,1.2309416350679472,-0.07986693734435411,0.06578632163155088,0.03760090430239388,1.0666344922123656,1.0402184753306818,-0.06742166683628065,0.03153248560275068,0.0448678941866663,1.209381655613115,1.2309416350679472,-0.07986693734435411,0.03916473577069164,0.0378355935862623,1.1105591947102138,1.0402184753306818,-0.06742166683628065
195.95397187126665,0.0347827779407413,0.045888480987303124,1.2357555802364673,1.2589492076541529,-0.08169646479991483,0.029675486404791306,0.038769360402000255,1.0635818861841946,1.0639086485365206,-0.06896624360987524,0.06187901372124355,0.046817580453477045,1.2585438075824604,1.2589492076541529,-0.08169646479991483,0.06391337148870505,0.038785595853625995,1.1233787200713783,1.0639086485365206,-0.06896624360987524,0.03052660562956639,0.04595359566611199,1.2649800443745156,1.2589492076541529,-0.08169646479991483,0.08294890991219186,0.038462496259943905,1.0941935432956207,1.0639086485365206,-0.06896624360987524,0.0295185317386929,0.045895950186769716,1.2349933321514084,1.2589492076541529,-0.08169646479991483,0.037712079132924806,0.038702561807123476,1.1154637521071475,1.0639086485365206,-0.06896624360987524
198.1869065058661,0.03791816804637831,0.04693991408820205,1.2749522832243223,1.2875902594169097,-0.08356787751182183,0.026594730312837177,0.03965771918302856,1.0978567679675129,1.0881354503344844,-0.0705461881679746,0.08040256279087071,0.04789029479750281,1.2773240670683719,1.2875902594169097,-0.08356787751182183,0.05454130735730713,0.03967432655097583,1.1275863068296124,1.0881354503344844,-0.0705461881679746,0.0225022957225341,0.047006520243060346,1.2676109007374783,1.2875902594169097,-0.08356787751182183,0.0979487461791653,0.039343825483974325,1.085114554869108,1.0881354503344844,-0.0705461881679746,0.02975736849381272,0.04694755437252603,1.2445928373696238,1.2875902594169097,-0.08356787751182183,0.06044002413924483,0.03958939038749669,1.143177886297104,1.0881354503344844,-0.0705461881679746
200.44528587646545,0.03877703423997075,0.048015430492527184,1.3225933073090588,1.3168789851323686,-0.08548213330252387,0.03823524488356974,0.04056642806512553,1.1230589510474998,1.1129109295787443,-0.0721623095743637,0.06412868211390116,0.048987579574200885,1.3016807111992796,1.3168789851323686,-0.08548213330252387,0.05964181908992485,0.040583415864384895,1.1426776994426886,1.1129109295787443,-0.0721623095743637,0.03789846519584678,0.0480835622640103,1.302357470900167,1.3168789851323686,-0.08548213330252387,0.07047102021918586,0.04024534386726567,1.0980442068703091,1.1129109295787443,-0.0721623095743637,0.05256861922639311,0.04802324577798214,1.293577809744694,1.3168789851323686,-0.08548213330252387,0.05036083932022502,0.04049653403494831,1.1618772684896908,1.1129109295787443,-0.0721623095743637
202.7293999309118,0.05412865262007598,0.04911558146792404,1.3720010685216828,1.3468298937588363,-0.08744021184821033,0.04889837091849011,0.04149595295665723,1.1275083549325577,1.1382474023205587,-0.07381543536526752,0.08414366293806236,0.05010999718667967,1.3362149518831408,1.3468298937588363,-0.08744021184821033,0.0691593377266804,0.041513329896900285,1.1629115153023184,1.1382474023205587,-0.07381543536526752,0.03746231118945282,0.04918527377675903,1.3281565532501367,1.3468298937588363,-0.08744021184821033,0.0970604511229585,0.04116751363737589,1.1528209225061694,1.1382474023205587,-0.07381543536526752,0.06818816742285116,0.04912357576018006,1.3368186123458732,1.3468298937588363,-0.08744021184821033,0.05166985479349302,0.04142445785674694,1.2119510660227182,1.1382474023205587,-0.07381543536526752
205.03954192106593,0.05115233799588053,0.05024093088365432,1.3868883377309615,1.3774578153090449,-0.08944311517469364,0.0500800479858193,0.04244677042073747,1.1651645159804636,1.164157457664518,-0.0755064119685425,0.11341619740343983,0.051258122893819945,1.3759826716716375,1.3774578153090449,-0.08944311517469364,0.06241268563256155,0.04246454541082349,1.1948308953804228,1.164157457664518,-0.0755064119685425,0.04661436814839554,0.05031221944902734,1.379810938896005,1.3774578153090449,-0.08944311517469364,0.1060552081044879,0.04211080759269577,1.1999833858950275,1.164157457664518,-0.0755064119685425,0.09739509657308554,0.050249108280003604,1.3758106298904242,1.3774578153090449,-0.08944311517469364,0.052200693981225135,0.04237363759657324,1.2744469328672576,1.164157457664518,-0.0755064119685425
207.37600844045213,0.06378226106580015,0.051392055498121494,1.414993116438157,1.4087779078743838,-0.0914918681654609,0.060191818084110414,0.043419367918218876,1.1918763558081222,1.190653963742239,-0.07723610513434148,0.12660811814030876,0.052432545103129766,1.4111232697206133,1.4087779078743838,-0.0914918681654609,0.06990028959762198,0.043437550070945435,1.2149885600877743,1.190653963742239,-0.07723610513434148,0.06331983277627834,0.05146497685556409,1.4137640555582869,1.4087779078743838,-0.0914918681654609,0.09553874622885952,0.043075709343748235,1.200852157610754,1.190653963742239,-0.07723610513434148,0.07795659665743793,0.051400420189571,1.3712206366739577,1.4087779078743838,-0.0914918681654609,0.041617483362967625,0.043344559877095235,1.300935132489234,1.190653963742239,-0.07723610513434148
209.739099462337,0.05695562919301649,0.052569545252712846,1.4593742449022848,1.4408056647805108,-0.09358751908017246,0.0543889221919401,0.04441424405680787,1.205012231195158,1.2177500738271334,-0.0790054003734891,0.13324395781207482,0.0536338656706909,1.4358332409367889,1.4408056647805108,-0.09358751908017246,0.06124777241863468,0.044432842693016034,1.2540744244110362,1.2177500738271334,-0.0790054003734891,0.07720353203693114,0.052644136772829184,1.450572618408342,1.4408056647805108,-0.09358751908017246,0.09463928716747641,0.04406271355965223,1.2184334232419225,1.2177500738271334,-0.0790054003734891,0.09250280714474479,0.052578101525838146,1.4172702333307616,1.4408056647805108,-0.09358751908017246,0.035323260080106514,0.04433772244864201,1.3120943657969424,1.2177500738271334,-0.0790054003734891
212.12911837824254,0.02175970002446475,0.05377400357210516,1.4696139707675357,1.4735569219227274,-0.09573114008563212,0.028242954507550953,0.045431908844780336,1.2340733713346834,1.2454592325819427,-0.08081520340769807,0.12545596074584037,0.054862700207431184,1.4720790620542359,1.4735569219227274,-0.09573114008563212,0.055821606899352914,0.045450933498635125,1.3082527677982112,1.2454592325819427,-0.08081520340769807,0.0597239286929841,0.05385030347969971,1.484118647191488,1.4735569219227274,-0.09573114008563212,0.11871030645851913,0.04507232622040094,1.271771161752472,1.2454592325819427,-0.08081520340769807,0.07916734503975442,0.053782755811656514,1.482274566648663,1.4735569219227274,-0.09573114008563212,0.04401891090798467,0.0453536344425827,1.333996165608615,1.2454592325819427,-0.08081520340769807
214.54637203689745,0.023316137836080046,0.05500604767181006,1.498330558047097,1.5070478652196793,-0.09792382779789109,0.025102359046748367,0.0464728839513425,1.2656828467715995,1.2737951824332259,-0.08266644062756126,0.12367104252968414,0.05611967839299818,1.5053547100363587,1.5070478652196793,-0.09792382779789109,0.04188295784086462,0.04649234437499711,1.3134849306759717,1.2737951824332259,-0.08266644062756126,0.054434618843606515,0.05508409506512982,1.5032188361118002,1.5070478652196793,-0.09792382779789109,0.10342129333788999,0.04610506487517814,1.2652531634780075,1.2737951824332259,-0.08266644062756126,0.06659954646383903,0.05501500036274329,1.5098639290172788,1.5070478652196793,-0.09792382779789109,0.052241177576865375,0.046392816631501674,1.3267673480312834,1.2737951824332259,-0.08266644062756126
216.99117078363363,0.0536450889527063,0.056266308872341145,1.5604337464833116,1.5412950382542199,-0.10016670383794113,0.04895956403278497,0.04753770297266053,1.3017547082219059,1.3027719700989575,-0.08456005956377655,0.10643640664317783,0.057405444295747954,1.532744137585167,1.5412950382542199,-0.10016670383794113,0.06051023909862165,0.04755760914108855,1.332550450185649,1.3027719700989575,-0.08456005956377655,0.06131695409446742,0.05634614374314384,1.5478837823798108,1.5412950382542199,-0.10016670383794113,0.07531989850310875,0.04716145890592331,1.3117690989056996,1.3027719700989575,-0.08456005956377655,0.05203866704716498,0.05627546660204378,1.5307665935476114,1.5412950382542199,-0.10016670383794113,0.031213452910501,0.04745580169393876,1.2778217548968034,1.3027719700989575,-0.08456005956377655
219.4638285002293,0.03483372074530804,0.05755543292053171,1.5492899872769457,1.5763153500501579,-0.10246091539801622,0.0513544324549536,0.04862691170368999,1.3278485071788024,1.3324039532353553,-0.08649702936616128,0.05582817540825996,0.05872065670101714,1.5528538721586513,1.5763153500501579,-0.10246091539801622,0.044394705603635586,0.048647273819985855,1.3505517340693194,1.3324039532353553,-0.08649702936616128,0.07896741094335474,0.057637096174492544,1.5859196034328646,1.5763153500501579,-0.10246091539801622,0.08828239146637709,0.04824204979738443,1.3292546953783102,1.3324039532353553,-0.08649702936616128,0.035825186015629895,0.05756480038126493,1.5521558992762974,1.5763153500501579,-0.10246091539801622,0.011758937139246323,0.04854313448662901,1.3312865009200128,1.3324039532353553,-0.08649702936616128
221.9646626452085,0.05698604838745452,0.058874080318385924,1.603065833139641,1.6121260830143918,-0.10480763582213662,0.06665510589841624,0.049741068416131524,1.3566681558995972,1.3627058072494103,-0.08847834129583622,0.10216043623537768,0.06006598944609047,1.5857636309666225,1.6121260830143918,-0.10480763582213662,0.06402804918324903,0.04976189691669698,1.3794169169900021,1.3627058072494103,-0.08847834129583622,0.07525049523900612,0.058957613795626126,1.6300888114527665,1.6121260830143918,-0.10480763582213662,0.11566481130810227,0.04934739141295885,1.3744172038953728,1.3627058072494103,-0.08847834129583622,0.028585645321443365,0.05888366230958722,1.5684390206118413,1.6121260830143918,-0.10480763582213662,0.03609602043045053,0.04965537232194548,1.4483180911513653,1.3627058072494103,-0.08847834129583622
224.49399429459848,0.06195583233229512,0.06022292665904087,1.6430250082968911,1.6487449010375055,-0.10720806519922028,0.06351800340159393,0.05088074414370731,1.3979862834717123,1.3936925322422868,-0.09050500922609776,0.09653858833111212,0.061442131763308136,1.6339394577165343,1.6487449010375055,-0.10720806519922028,0.05327093692115439,0.05090204970328666,1.3994903189295504,1.3936925322422868,-0.09050500922609776,0.06157107960980419,0.06030837315571608,1.6592923956893961,1.6487449010375055,-0.10720806519922028,0.11473892078667983,0.05047805027703488,1.3851911742738565,1.3936925322422868,-0.09050500922609776,0.03475488946617611,0.06023272808968044,1.616420092044223,1.6487449010375055,-0.10720806519922028,0.019219758797196913,0.050793085251754036,1.5046085772462316,1.3936925322422868,-0.09050500922609776
227.05214818315196,0.060811068507590264,0.06160266297034439,1.6884405033792327,1.686189857747328,-0.10966343096865092,0.07222543321073623,0.052046522972032744,1.4430838508540011,1.425379460104976,-0.09257807015737793,0.09994576816131723,0.0628497886304376,1.665040613728452,1.686189857747328,-0.10966343096865092,0.056517267943770676,0.052068316509677415,1.4403251150129774,1.425379460104976,-0.09257807015737793,0.07953516054423765,0.06169006626042606,1.6897682221528014,1.686189857747328,-0.10966343096865092,0.11002926467758026,0.05163460586376126,1.410197630720237,1.425379460104976,-0.09257807015737793,0.03133108861215328,0.061612688861742884,1.6620276703520251,1.686189857747328,-0.10966343096865092,0.00994200551066778,0.051956856358057434,1.4988977315299803,1.425379460104976,-0.09257807015737793
229.63945274603898,0.04909093414196191,0.06301399606687608,1.730199761357759,1.724479404937824,-0.1121749885412323,0.05618381927073209,0.053239002337101576,1.451184643396398,1.4577822617643745,-0.09469858474114441,0.10043064524762496,0.06428968112919142,1.6888191113381423,1.724479404937824,-0.1121749885412323,0.05811753507293018,0.05326129502115304,1.4638627333224674,1.4577822617643745,-0.09469858474114441,0.07243885949040979,0.06310340092402716,1.7443252141274725,1.724479404937824,-0.1121749885412323,0.10667449154983014,0.05281765089201233,1.4324481566660836,1.4577822617643745,-0.09469858474114441,0.024291735865231145,0.06302425155498104,1.6936777880180007,1.724479404937824,-0.1121749885412323,0.014439943625853952,0.05314728204988704,1.527744813721655,1.4577822617643745,-0.09469858474114441
232.25624016101398,0.03530141530156455,0.06445764890878097,1.7691920764872677,1.7636324011247981,-0.11474402193219971,0.05781698611751914,0.05445879332888909,1.4812422670073522,1.4909169545836756,-0.09686763781712267,0.10107489816938436,0.06576254681216678,1.725473695597047,1.7636324011247981,-0.11474402193219971,0.05913503752749973,0.05448159658303274,1.509770247851299,1.4909169545836756,-0.09686763781712267,0.0772338064592673,0.06454910112973422,1.8033000344168193,1.7636324011247981,-0.11474402193219971,0.09244137310666825,0.05402779162741114,1.4778424298916022,1.4909169545836756,-0.09686763781712267,0.03421519643224025,0.06446813924680195,1.7255530039613771,1.7636324011247981,-0.11474402193219971,0.04793217316609395,0.05436497236705806,1.5827178261519823,1.4909169545836756,-0.09686763781712267
234.90284639106292,0.02529315331809228,0.0659343609698543,1.7835292027075724,1.8036681203001717,-0.1173718444101031,0.048325895229112424,0.05570652100282998,1.5043314696580934,1.5247999099134546,-0.09908633896254501,0.06477631394590727,0.06726914007752943,1.7835844326083694,1.8036681203001717,-0.1173718444101031,0.04067233343628642,0.055729846511897614,1.528736338600015,1.5247999099134546,-0.09908633896254501,0.07894878791216292,0.06602790739712741,1.8404977327140322,1.8036681203001717,-0.1173718444101031,0.09232890959597564,0.055265648190971545,1.5007451001767862,1.5247999099134546,-0.09908633896254501,0.05507037698116102,0.06594509153104125,1.782172781809479,1.8036681203001717,-0.1173718444101031,0.0525391623898039,0.05561055129107152,1.598252920315873,1.5247999099134546,-0.09908633896254501
237.5796112275378,0.03561766184784459,0.06744488861311865,1.8326939920741012,1.8446062608038654,-0.12005979915838273,0.05359176147603869,0.0569828246981319,1.5514234261809952,1.5594478607999653,-0.10135582305296986,0.0770314704704354,0.06881023255238766,1.819211139466725,1.8446062608038654,-0.12005979915838273,0.04907870039671549,0.057006684413753526,1.5772783234698116,1.5594478607999653,-0.10135582305296986,0.08238171524275223,0.06754057715910598,1.8823665322854466,1.8446062608038654,-0.12005979915838273,0.0869526724930996,0.05653185487510845,1.5470411501912835,1.5594478607999653,-0.10135582305296986,0.05416858651757772,0.06745586489346092,1.8165231027686919,1.8446062608038654,-0.12005979915838273,0.06022823842313736,0.0568846570624182,1.6613179317630415,1.5594478607999653,-0.10135582305296986
240.2868783337803,0.03243309664462073,0.06899000547540216,1.8813464658959724,1.8864669543693133,-0.12280925995366415,0.06087180942872913,0.05828835836292832,1.6076172805807323,1.5948779098507737,-0.10367725083578236,0.07483598589641499,0.0703866134850052,1.8851843902175864,1.8864669543693133,-0.12280925995366415,0.05934712131644473,0.058312764510018926,1.608539262565535,1.5948779098507737,-0.10367725083578236,0.07149204792719949,0.06908788514672239,1.8961146195532357,1.8864669543693133,-0.12280925995366415,0.09004306775165286,0.05782706046629018,1.5947840332763654,1.5948779098507737,-0.10367725083578236,0.052901245956460285,0.06900123309643505,1.8724320315699932,1.8864669543693133,-0.12280925995366415,0.05851693002149512,0.05818794250564488,1.6628302459526598,1.5948779098507737,-0.10367725083578236
243.02499528924454,0.049353302397318104,0.0705705028604932,1.9608265580488073,1.9292707753026326,-0.12562163185800673,0.07223254870347524,0.059623790887349606,1.6376640757727392,1.6311075372550576,-0.10605180951802723,0.059878284812627636,0.0719990901458207,1.902216133463566,1.9292707753026326,-0.12562163185800673,0.0656650523670548,0.059648755969973134,1.667202255706136,1.6311075372550576,-0.10605180951802723,0.06196263248691231,0.07067062378275735,1.9172992557459998,1.9292707753026326,-0.12562163185800673,0.07165317799939255,0.059151928575143134,1.637182947076397,1.6311075372550576,-0.10605180951802723,0.07473824524442685,0.07058198757200271,1.9353028175959897,1.9292707753026326,-0.12562163185800673,0.05582101423165904,0.05952107536162167,1.6651788123817621,1.6311075372550576,-0.10605180951802723
245.79431363412212,0.060227877886891705,0.07218719014078956,1.9731602629167881,1.9730387498188138,-0.12849835192668077,0.049804424022870185,0.060989806443622036,1.6445200905891104,1.6681546089725217,-0.10848071336571302,0.06064482285116807,0.07364848823733126,1.944238712944768,1.9730387498188138,-0.12849835192668077,0.07783840649265542,0.06101534325169903,1.6932597756574053,1.6681546089725217,-0.10848071336571302,0.057514637548150845,0.07228960358425172,1.9585370652286342,1.9730387498188138,-0.12849835192668077,0.0970327112878753,0.0605071379743401,1.6695376496067915,1.6681546089725217,-0.10848071336571302,0.08460182147293105,0.07219893782392951,1.9626158555201418,1.9730387498188138,-0.12849835192668077,0.049803023778030656,0.06088473862734683,1.6648704924529032,1.6681546089725217,-0.10848071336571302
248.5951889144752,0.07080438165574449,0.07384089516888988,2.003446050484633,2.0177923655046857,-0.13144088993278455,0.06901297738366104,0.06238710483446426,1.6705957491631507,1.7060373850641626,-0.11096520431656945,0.0927298301500819,0.07533565231324238,1.9991457023251207,2.0177923655046857,-0.13144088993278455,0.059388710644102914,0.06241322644990019,1.7009831482364524,1.7060373850641626,-0.11096520431656945,0.056214407476654245,0.07394565357416252,2.0044929381500416,2.0177923655046857,-0.13144088993278455,0.06862878761375593,0.06189338294383567,1.703864297098562,1.7060373850641626,-0.11096520431656945,0.05817479509377799,0.07385291183902722,2.002195767068248,2.0177923655046857,-0.13144088993278455,0.04724148188540207,0.06227963090327518,1.7673763529443296,1.7060373850641626,-0.11096520431656945
251.4279807278843,0.07422335854895962,0.07553246469729989,2.071577793281491,2.0635535809042085,-0.134450749106496,0.06611297559130598,0.06381640184855672,1.7283251308314034,1.7447745282087535,-0.1135065526084823,0.08724539779070778,0.0770614462074092,2.0578331488162767,2.0635535809042085,-0.134450749106496,0.07050608858634802,0.06384312165228165,1.7636392622913162,1.7447745282087535,-0.1135065526084823,0.07101851226779693,0.0756396217024447,2.0654412149358534,2.0635535809042085,-0.134450749106496,0.10242216026229836,0.06331137362423721,1.7347554285893239,1.7447745282087535,-0.1135065526084823,0.05933644169971097,0.0755447565072037,2.0612225328023652,2.0635535809042085,-0.134450749106496,0.04326433563498862,0.0637064667486049,1.787926943246892,1.7447745282087535,-0.1135065526084823
254.29305276961625,0.0945662604175051,0.07726276480886708,2.1164657610183464,2.11034483523215,-0.13752946689253998,0.038133375577452076,0.06527842962486122,1.764024146340069,1.7843851123376029,-0.11610605741987262,0.0805214708272764,0.07882675347211915,2.091432400241865,2.11034483523215,-0.13752946689253998,0.08613211569555104,0.06530576130332176,1.8020204965829043,1.7843851123376029,-0.11610605741987262,0.07746427674422512,0.07737237527623385,2.1236129607307865,2.11034483523215,-0.13752946689253998,0.11238749549149854,0.06476183637742153,1.7736262494832928,1.7843851123376029,-0.11610605741987262,0.07146689287726582,0.07727533805162444,2.1155905347945567,2.11034483523215,-0.13752946689253998,0.05089851803913499,0.0651659770449017,1.868765816767046,1.7843851123376029,-0.11610605741987262
257.190772879318,0.08216867686673296,0.07903268135585967,2.149707798364314,2.158189058184738,-0.14067861572311402,0.050382676203145925,0.0667739370248706,1.8137196838725727,1.824888631469011,-0.11876504752544786,0.11441768023508697,0.08063247782661187,2.14430577025716,2.158189058184738,-0.14067861572311402,0.0866881234039232,0.06680189457706036,1.8603910316880095,1.824888631469011,-0.11876504752544786,0.08554351041718028,0.0791448014000863,2.1541256563434543,2.158189058184738,-0.14067861572311402,0.0643283694339534,0.06624551415650123,1.8248693084472194,1.824888631469011,-0.11876504752544786,0.06083887504030849,0.07904554246846965,2.14800498406175,2.158189058184738,-0.14067861572311402,0.06438797121874425,0.06665890936729624,1.915052779411938,1.824888631469011,-0.11876504752544786
260.12151308824275,0.08364548842952174,0.080843120409727,2.1983619729312376,2.207109679833738,-0.1438998038090786,0.07792710919891384,0.06830369001290724,1.8771035059610872,1.8663050086629651,-0.1214848819664538,0.12510959847267383,0.08247954361517278,2.2043147621059673,2.207109679833738,-0.1438998038090786,0.07584317057631565,0.06833228775770969,1.8877473282102413,1.8663050086629651,-0.1214848819664538,0.08554351041718028,0.08095780742614492,2.2058631332937977,2.207109679833738,-0.1438998038090786,0.07603874900546795,0.06776316688280143,1.8522158509530726,1.8663050086629651,-0.1214848819664538,0.08139618981848551,0.08085627597586924,2.2017705803291965,2.207109679833738,-0.1438998038090786,0.05892371066400921,0.06818602836491472,1.9211901499461004,1.8663050086629651,-0.1214848819664538
263.0856496670141,0.08802251505230557,0.0826950087206011,2.272589435453319,2.2571306406173584,-0.1471946759483145,0.06366943276859523,0.06986847204564059,1.9036596971880355,1.9086546051363416,-0.12426695073585042,0.13304320892658122,0.08436889627597033,2.2528567724334656,2.2571306406173584,-0.1471946759483145,0.07285724798232976,0.06989772462880516,1.9236552154531052,1.9086546051363416,-0.12426695073585042,0.07580127286291322,0.08281232141432603,2.2283192175108453,2.2571306406173584,-0.1471946759483145,0.08488785579418415,0.06931557183269049,1.918216217271489,1.9086546051363416,-0.12426695073585042,0.06454118801150821,0.08270846547417622,2.2523493612143963,2.2571306406173584,-0.1471946759483145,0.06122493677620407,0.06974811614894699,2.001634062197028,1.9086546051363416,-0.12426695073585042
266.0835631739345,0.09191675783911207,0.08458929418704578,2.3058539760577967,2.308276401344761,-0.15056491435229893,0.07727522531377325,0.07146908447013074,1.9355181449156218,1.9519582295358493,-0.12711267547938293,0.12390270496305217,0.08630150282054297,2.2836386545558773,2.308276401344761,-0.15056491435229893,0.07860926148363048,0.07149900687178187,1.957944591403666,1.9519582295358493,-0.12711267547938293,0.09854159390291023,0.08470929260293245,2.2733127557211907,2.308276401344761,-0.15056491435229893,0.09778523234295203,0.07090352403195803,1.940041400344633,1.9519582295358493,-0.12711267547938293,0.08975568035567727,0.08460305901581734,2.3098404606756984,2.308276401344761,-0.15056491435229893,0.05110040525604172,0.07134597269058462,1.9832920805162335,1.9519582295358493,-0.12711267547938293
269.1156385038443,0.06939644259597016,0.08652694633696789,2.3406069915906644,2.360571953267695,-0.15401223949036455,0.07940465911023516,0.07310634693051309,2.0049048468036323,1.9962371473170633,-0.13002351021154301,0.14780215546669734,0.08827835232370136,2.3708147988639587,2.360571953267695,-0.15401223949036455,0.06510283611930404,0.07313695447294877,2.011423824742965,1.9962371473170633,-0.13002351021154301,0.09240746543184236,0.08664969188977295,2.3678718024109187,2.360571953267695,-0.15401223949036455,0.11312592927856538,0.07252783666015078,2.013510091509133,1.9962371473170633,-0.13002351021154301,0.08016016110776059,0.08654102628562081,2.3782602111844544,2.360571953267695,-0.15401223949036455,0.07272541808787177,0.07298041622680401,2.060383492501889,1.9962371473170633,-0.13002351021154301
272.1822649375374,0.057728303044204225,0.08850895681861018,2.4186919087904992,2.4140428281059796,-0.1575384109546168,0.10651359340382534,0.07478109778480245,2.064282958530998,2.0415130903007457,-0.13300094204751692,0.14063192051005086,0.09030045642488593,2.4274859288878985,2.4140428281059796,-0.1575384109546168,0.06649387807731258,0.07481240614001981,2.072044018645708,2.0415130903007457,-0.13300094204751692,0.09625428715432555,0.08863451232433239,2.419227714551693,2.4140428281059796,-0.1575384109546168,0.12231091191941881,0.07418934146305614,2.0572690989438875,2.0415130903007457,-0.13300094204751692,0.07183962261771393,0.08852335909281224,2.3982714348314933,2.4140428281059796,-0.1575384109546168,0.08243386798178572,0.07465228367614583,2.121685318637021,2.0415130903007457,-0.13300094204751692
275.28383619174,0.053706335954583566,0.09053633990350046,2.464311658222744,2.468715108087756,-0.16114522834206957,0.09717665675277594,0.07649419452997558,2.091714167600318,2.0878082663061956,-0.13604649195256202,0.13577786213330395,0.09236884984030688,2.466993491262469,2.468715108087756,-0.16114522834206957,0.0853976824281544,0.07652621972770586,2.1220225195199403,2.0878082663061956,-0.13604649195256202,0.09971405204749778,0.09066476961094558,2.477761154303669,2.468715108087756,-0.16114522834206957,0.12514327400453776,0.0758888891754311,2.0771457131933495,2.0878082663061956,-0.13604649195256202,0.07593714642689997,0.09055107187310903,2.438451141895172,2.468715108087756,-0.16114522834206957,0.09083640159957236,0.07636243106366533,2.2074960456730475,2.0878082663061956,-0.13604649195256202
278.42075046965914,0.06673337664304341,0.09261013299949111,2.4970747975637084,2.524615435861124,-0.1648345321573857,0.09217796023605736,0.07824651423741462,2.1265422574552053,2.135145368923848,-0.1391617155072608,0.10505073558090455,0.09448459088747072,2.5110347002040085,2.524615435861124,-0.1648345321573857,0.07641818757146537,0.07827927267333208,2.147009372666253,2.135145368923848,-0.1391617155072608,0.08351486171075201,0.09274150262324063,2.5189032893233416,2.524615435861124,-0.1648345321573857,0.11438808065912023,0.07762734995265366,2.1313361122251884,2.135145368923848,-0.1391617155072608,0.07226526428527913,0.09262520220257675,2.50849428188694,2.524615435861124,-0.1648345321573857,0.07825641609990593,0.0781117339552582,2.2102191128080344,2.135145368923848,-0.1391617155072608
281.5934105121068,0.06252747297785205,0.09473139717681009,2.5369427213430167,2.5817710243338974,-0.16860820473568233,0.08964240456923285,0.08003895399788225,2.174742057637263,2.1835475873769083,-0.14234820368941103,0.1414586798027791,0.09664876202017772,2.583800997220082,2.5817710243338974,-0.16860820473568233,0.0920036336009771,0.08007246244202114,2.1974439885377626,2.1835475873769083,-0.14234820368941103,0.09977599013466537,0.09486577393001322,2.603714848543882,2.5817710243338974,-0.16860820473568233,0.125650321590177,0.07940561381219202,2.18802226393354,2.1835475873769083,-0.14234820368941103,0.0629443380882625,0.09474681132324908,2.5525864018325675,2.5817710243338974,-0.16860820473568233,0.09440666777897073,0.07990108790219322,2.2605057245943643,2.1835475873769083,-0.14234820368941103
284.8022236492069,0.091407558994064,0.09690121770477256,2.6278921651609894,2.6402096663085564,-0.17246817118604196,0.09781159280888836,0.08187243137684057,2.2112192951589646,2.2330386164589346,-0.1456075836748371,0.14592566358214182,0.0988624703770996,2.649256339498114,2.6402096663085564,-0.17246817118604196,0.07988911074644547,0.08190670698176868,2.226846969810821,2.2330386164589346,-0.1456075836748371,0.09572820999446768,0.09703867033341612,2.6332923721779173,2.6402096663085564,-0.17246817118604196,0.15134363493672434,0.08122459108545793,2.2464395700651636,2.2330386164589346,-0.1456075836748371,0.06294123679122288,0.09691698468030016,2.61741833410785,2.6402096663085564,-0.17246817118604196,0.10241466896017366,0.0817314088950204,2.279825462325758,2.2330386164589346,-0.1456075836748371
288.0476018526915,0.09824972162278939,0.09912070460109254,2.7069926092300842,2.699959743900189,-0.17641640035492984,0.09313059193885216,0.08374788487953166,2.261601348602709,2.283642666537462,-0.14894151965452299,0.12593047071181968,0.1011268483412755,2.708944750605409,2.699959743900189,-0.17641640035492984,0.08161863919380521,0.08378294518930006,2.2905714633311574,2.283642666537462,-0.14894151965452299,0.07352737774887635,0.09926130341886573,2.675407745548019,2.699959743900189,-0.17641640035492984,0.12980568594807987,0.0830852128790519,2.293141589611544,2.283642666537462,-0.14894151965452299,0.06658819922193737,0.099136832471348,2.6505652094000784,2.699959743900189,-0.17641640035492984,0.10222859913842237,0.08360363382864441,2.354972559860049,2.283642666537462,-0.14894151965452299
291.3299617887926,0.10365934865115306,0.10139099319349124,2.755876455425493,2.7610502376402284,-0.180454905812482,0.06279055555243225,0.08566627442693923,2.339958284630579,2.3353844736040523,-0.1523517136710807,0.14060549526755178,0.10344305411356075,2.745650327670146,2.7610502376402284,-0.180454905812482,0.09613970205139125,0.08570213738594012,2.351144268842371,2.3353844736040523,-0.1523517136710807,0.07606202132874734,0.10153481011713754,2.7573764518226382,2.7610502376402284,-0.180454905812482,0.11925761446163644,0.08498843154744168,2.345155095974416,2.3353844736040523,-0.1523517136710807,0.08710868025109642,0.10140749020794068,2.7202063959802243,2.7610502376402284,-0.180454905812482,0.08643744279976469,0.08551872097686687,2.40832199558517,2.3353844736040523,-0.1523517136710807
294.64972487173793,0.10176968028154249,0.10371324469384109,2.85897244640034,2.8235107352201316,-0.1845857468598291,0.091340099573845,0.08762858184228137,2.3773167857412245,2.388289309310533,-0.15583990647320728,0.15316937443836448,0.1058122722971787,2.8101762547717164,2.8235107352201316,-0.1845857468598291,0.09600610878821939,0.08766526580436249,2.384796031313914,2.388289309310533,-0.15583990647320728,0.07431114783881859,0.10386035327965665,2.8402435581310264,2.8235107352201316,-0.1845857468598291,0.13791166745059338,0.08693522117532827,2.3840300183315577,2.388289309310533,-0.15583990647320728,0.09190052167775542,0.10373011929003446,2.8317451980680137,2.8235107352201316,-0.1845857468598291,0.1097568703658582,0.0874776504784589,2.468275309743057,2.388289309310533,-0.15583990647320728
298.00731731785345,0.12131386124776738,0.10608864678536771,2.9189221348121204,2.8873714397231427,-0.18881102955859344,0.07973959896453316,0.08963581134875519,2.430127633681635,2.4423829910264097,-0.1594078783896133,0.16599704704995372,0.10823571449769191,2.8873961703143514,2.8873714397231427,-0.18881102955859344,0.08691038443091784,0.08967333508630342,2.406642295173987,2.4423829910264097,-0.1594078783896133,0.08460374226438666,0.10623912226639745,2.8864658761973394,2.8873714397231427,-0.18881102955859344,0.1393820871181202,0.08892657807144112,2.454645518269807,2.4423829910264097,-0.1594078783896133,0.10124471876558638,0.10610590759325149,2.875206269106855,2.8873714397231427,-0.18881102955859344,0.1036705062852989,0.08948142483388861,2.52746784325515,2.4423829910264097,-0.1594078783896133
301.4031702002858,0.11570409909996854,0.10851841422286132,2.9683666899111922,2.952663177323968,-0.1931329077840946,0.10550237733990649,0.09168899007784048,2.4917011193211627,2.4976918917979924,-0.16305745022181428,0.1768908172446167,0.11071461993417142,2.9637013842971824,2.952663177323968,-0.1931329077840946,0.10053955903349546,0.09172737279170805,2.520937416776504,2.4976918917979924,-0.16305745022181428,0.08495172327637796,0.1086723335467625,2.96681728319246,2.952663177323968,-0.1931329077840946,0.14088843274560683,0.09096352127362226,2.5335530768414074,2.4976918917979924,-0.16305745022181428,0.09653595638828116,0.10853607006887872,2.9597423983582307,2.952663177323968,-0.1931329077840946,0.07826432130649659,0.09153106941281897,2.5597974268915005,2.4976918917979924,-0.16305745022181428
304.83771950434596,0.14397927013510198,0.11100378944630103,3.0332656117765704,3.0194174042417705,-0.1975535843006709,0.1221932481461608,0.09378916859000819,2.5801893839604864,2.554242950242399,-0.16679048415751352,0.17722118497216283,0.11325025606581074,3.0302350526256965,3.0194174042417705,-0.1975535843006709,0.10149393486328775,0.09382842991883257,2.567716242207651,2.554242950242399,-0.16679048415751352,0.0701012644565096,0.1111612313144534,3.009751765783848,3.0194174042417705,-0.1975535843006709,0.14866235093508887,0.09304709306421566,2.5787945474335494,2.554242950242399,-0.16679048415751352,0.09138561841657855,0.11102184935827808,3.0209925696857494,3.0194174042417705,-0.1975535843006709,0.08542524757243593,0.09362763297374121,2.602139973739871,2.554242950242399,-0.16679048415751352
308.3114061834848,0.13788930430713392,0.1135460432085694,3.0839197006261396,3.0876662128740944,-0.2020753118616464,0.13245521280676095,0.09593742140631456,2.6293944534905433,2.6120636802836827,-0.17060888470397506,0.16813143196785202,0.11584391923140668,3.1047117306044334,3.0876662128740944,-0.2020753118616464,0.08907306100645854,0.09597758143663418,2.597017691412222,2.6120636802836827,-0.17060888470397506,0.0996427901065558,0.11370708811562305,3.090978237558152,3.0876662128740944,-0.2020753118616464,0.15364947729491088,0.09517835949859457,2.618985752572705,2.6120636802836827,-0.17060888470397506,0.11867302450915085,0.11356451641996203,3.0915687509465752,3.0876662128740944,-0.2020753118616464,0.08988813340532582,0.09577218819491874,2.6426004288449443,2.6120636802836827,-0.17060888470397506
311.82467621590536,0.12042598031643365,0.11614647521709998,3.124206094146739,3.1574423369388755,-0.2067003943341198,0.10041469223253692,0.09813484755220868,2.681267100407534,2.671182180675657,-0.17451459964167496,0.15526442771115395,0.11849693530384328,3.15030126222331,3.1574423369388755,-0.2067003943341198,0.09103198950598837,0.09817592682859172,2.6690035282275764,2.671182180675657,-0.17451459964167496,0.09926507213578467,0.11631120549168092,3.132316789144171,3.1574423369388755,-0.2067003943341198,0.1480233541621541,0.09735841094446057,2.6835102797725128,2.671182180675657,-0.17451459964167496,0.09532383179980408,0.1161653711716306,3.1199332663413846,3.1574423369388755,-0.2067003943341198,0.07795447981816901,0.09796583221728933,2.7916446046444294,2.671182180675657,-0.17451459964167496
315.3779806618223,0.10777450875921019,0.1188064147896112,3.2037068232842603,3.22877915542278,-0.21143118784717554,0.09978737992101479,0.10038257111378768,2.7814127632090466,2.731627144278594,-0.1785096209999703,0.1644430585905013,0.12121066035939235,3.2289965853066227,3.22877915542278,-0.21143118784717554,0.08270978562603573,0.10042459064925091,2.750575231717078,2.731627144278594,-0.1785096209999703,0.12101782980901837,0.11897491463583554,3.2206042907359715,3.22877915542278,-0.21143118784717554,0.14280815866619714,0.09958836263343293,2.742084277656062,2.731627144278594,-0.1785096209999703,0.09304351601223482,0.11882574314633271,3.2042802697822172,3.22877915542278,-0.21143118784717554,0.0826894539925271,0.1002096871995887,2.8304965303999454,2.731627144278594,-0.1785096209999703
318.9717757213706,0.10451169285907752,0.12152722152494125,3.282229270508281,3.301710695130169,-0.21627010196647928,0.10426835826547538,0.10268174180624362,2.8273544894653027,2.79342786697248,-0.18259598605398805,0.1666232475797585,0.12398648136103449,3.310316596495054,3.301710695130169,-0.21627010196647928,0.08753601315411344,0.10272472309298578,2.83043965528812,2.79342786697248,-0.18259598605398805,0.1123027068793035,0.12169957706490568,3.32080240340497,3.301710695130169,-0.21627010196647928,0.17623240120023634,0.10186935522565232,2.8102220073123014,2.79342786697248,-0.18259598605398805,0.10271799628403977,0.12154699216275716,3.2711885292819933,3.301710695130169,-0.21627010196647928,0.06960103965022464,0.10250490088588748,2.902538097614216,2.79342786697248,-0.18259598605398805
322.606522793177,0.09847318799846888,0.12431028598877278,3.385179012664579,3.3762716316360124,-0.2212196008949026,0.06952694742511063,0.10503353555552625,2.849481926148367,2.856614256162022,-0.18677577834366565,0.17421277090861548,0.12682581685824296,3.396393919359928,3.3762716316360124,-0.2212196008949026,0.09004992084189481,0.10507750057549728,2.895653135696242,2.856614256162022,-0.18677577834366565,0.11720993906359772,0.12448658530609688,3.3868941631252496,3.3762716316360124,-0.2212196008949026,0.18446691744000002,0.10420255538631049,2.856262812604818,2.856614256162022,-0.18677577834366565,0.11856613318029952,0.12433050901164866,3.367995328625906,3.3762716316360124,-0.2212196008949026,0.07498531954329986,0.10485264718622014,2.9213140274680294,2.856614256162022,-0.18677577834366565
326.2826885335981,0.09824939127722515,0.12715703041470391,3.421976553038433,3.4524972883179164,-0.22628220469913599,0.10367315705383724,0.10743915509210658,2.9184208095432167,2.92121683872628,-0.19105112871496516,0.18105853374865216,0.12973011770176046,3.455933129852857,3.4524972883179164,-0.22628220469913599,0.0920169663198527,0.10748412632855794,2.937759023778468,2.92121683872628,-0.19105112871496516,0.12031826538598117,0.12733736359875386,3.463677796026088,3.4524972883179164,-0.22628220469913599,0.19201368048882198,0.10658915637548272,2.926767312099873,2.92121683872628,-0.19105112871496516,0.1209538093179473,0.12717771615672638,3.426796680192887,3.4524972883179164,-0.22628220469913599,0.09070450608782617,0.10725412676979337,2.9781721943899564,2.92121683872628,-0.19105112871496516
330.00074491663247,0.10521118814123326,0.13006890942094848,3.509200526192632,3.530423633171249,-0.23146049056351922,0.09961972001842063,0.10989983055970841,2.9893169162243316,2.9872667683604415,-0.19542421638547924,0.17155834210386584,0.1327008677744467,3.522289064834696,3.530423633171249,-0.23146049056351922,0.09598826952877729,0.10994583100797019,3.017650894234545,2.9872667683604415,-0.19542421638547924,0.10796881481116066,0.1302533686122209,3.5383526132803573,3.530423633171249,-0.23146049056351922,0.1678444474055585,0.10903037865135828,2.9765368146518476,2.9872667683604415,-0.19542421638547924,0.11765847885525227,0.13009006845137422,3.5102352269884354,3.530423633171249,-0.23146049056351922,0.10485477317437893,0.10971056767185454,3.045851554883712,2.9872667683604415,-0.19542421638547924
333.7611692945168,0.124943956950123,0.13304741074314533,3.6013448197548246,3.6100872730890874,-0.2367570940720084,0.10325948782179147,0.11241682013571899,3.05165847323813,3.0547958321121755,-0.19989727003195273,0.17142390319311357,0.13573958473869518,3.604106321560264,3.6100872730890874,-0.2367570940720084,0.10941293167229474,0.11246387331542872,3.0474017498368893,3.0547958321121755,-0.19989727003195273,0.10395650204093548,0.13323609017987395,3.5800150685828256,3.6100872730890874,-0.2367570940720084,0.1819255934540767,0.11152747048673652,3.046404227246221,3.0547958321121755,-0.19989727003195273,0.12011774300994682,0.13306905387199444,3.575981401721315,3.6100872730890874,-0.2367570940720084,0.10536920690813086,0.11222322591400415,3.1016885989670238,3.0547958321121755,-0.19989727003195273
337.5644444590117,0.11938274805382704,0.13609405598345037,3.708761762212468,3.691525445170508,-0.24217471051774203,0.11856218112108159,0.11499141066743297,3.162090430844027,3.123836456027809,-0.20447256890328158,0.16086284303803705,0.13884782080027216,3.679004549962103,3.691525445170508,-0.24217471051774203,0.12284288422408365,0.11503954063396099,3.1802342647640662,3.123836456027809,-0.20447256890328158,0.11153028749800803,0.13628705204880606,3.7016225943782586,3.691525445170508,-0.24217471051774203,0.1829643443565754,0.11408170859924689,3.1462725554712954,3.123836456027809,-0.20447256890328158,0.13425921978952837,0.13611619426673469,3.674866789481723,3.691525445170508,-0.24217471051774203,0.11055723119062018,0.11479338613838808,3.2410166844361727,3.123836456027809,-0.20447256890328158
341.41105870338663,0.12414369775205741,0.1392104013766288,3.7865112789466404,3.774776004558302,-0.24771609624149832,0.1171316172756925,0.11762491832091883,3.2113147497133907,3.194421709685038,-0.2091524439569918,0.16318245038559237,0.14202716348926067,3.7565088628888197,3.774776004558302,-0.24771609624149832,0.10829796815262596,0.117674149677715,3.2306865227034853,3.194421709685038,-0.2091524439569918,0.11433454135466398,0.139407812647506,3.7863714945255373,3.774776004558302,-0.24771609624149832,0.15792875910025297,0.11669439879631142,3.1973057088230448,3.194421709685038,-0.2091524439569918,0.12779302119878133,0.13923304612186235,3.764183608425221,3.774776004558302,-0.24771609624149832,0.09206999522683441,0.11742236225636221,3.2392901162390553,3.194421709685038,-0.2091524439569918
345.3015058851099,0.14117419594309083,0.14239803857281516,3.8594162823179583,3.8598774084003855,-0.25338407000042146,0.10824690303901725,0.12031868924563666,3.2450791878070815,3.266585309449094,-0.21393927902191187,0.13677008106694327,0.1452792364588782,3.8696749736556,3.8598774084003855,-0.25338407000042146,0.10917604640059067,0.12036904715657651,3.239723818384042,3.266585309449094,-0.21393927902191187,0.1251422078558398,0.14259996586915605,3.863217854169109,3.8598774084003855,-0.25338407000042146,0.1529613361372544,0.11936687663401394,3.2411718117022943,3.266585309449094,-0.21393927902191187,0.14383956031209644,0.1424212013450696,3.8281197583060806,3.8598774084003855,-0.25338407000042146,0.09344178998215265,0.12011149811140696,3.2454553038822462,3.266585309449094,-0.21393927902191187
349.23628548925467,0.13359335139998435,0.14565859543843213,3.9298608066102925,3.946868695191879,-0.2591815143656716,0.10667696051536175,0.12307410025315187,3.326761570456486,3.340361620225256,-0.21883551198586923,0.14025472165504166,0.1486057003014864,3.9386133893406785,3.946868695191879,-0.2591815143656716,0.11533916405438219,0.12312561045534702,3.3140631504010285,3.340361620225256,-0.21883551198586923,0.14189511235062674,0.14586514187405336,3.9241735464277183,3.946868695191879,-0.2591815143656716,0.16499125511336213,0.12210050809058343,3.3145614834696246,3.340361620225256,-0.21883551198586923,0.14661604627301494,0.1456822880658229,3.927555576162725,3.946868695191879,-0.2591815143656716,0.0776837307423592,0.12286216815714157,3.304588973852046,3.340361620225256,-0.21883551198586923
353.2159026926259,0.1364119653544445,0.14899373687417275,4.011366887440558,4.035789458904848,-0.26511137715168864,0.11493959480600686,0.12589255951179487,3.4302060568182453,3.415785655427218,-0.2238436360091941,0.15882433676778757,0.15200825338308704,4.034911705803876,4.035789458904848,-0.26511137715168864,0.12114314262909345,0.1259452483283594,3.391790560014317,3.415785655427218,-0.2238436360091941,0.15164054399176968,0.14920500790847135,4.066344075812645,4.035789458904848,-0.26511137715168864,0.1615896353294293,0.12489669025557192,3.393875226537098,3.415785655427218,-0.2238436360091941,0.12183849653848833,0.1490179714536696,4.025147730124651,4.035789458904848,-0.26511137715168864,0.09634723564474408,0.1256757781501291,3.4600902559313633,3.415785655427218,-0.2238436360091941
357.24086842861936,0.15614210572316295,0.15240516565156137,4.157439370833742,4.126679817119647,-0.27117667287666175,0.13760816482883706,0.128775507256126,3.5320212796104213,3.492893074916518,-0.2289662007670171,0.2105289224315477,0.15548863269644753,4.174864674390332,4.126679817119647,-0.27117667287666175,0.12782308813402835,0.12882940160956036,3.5149913847685026,3.492893074916518,-0.2289662007670171,0.15127166126920094,0.15262126914282814,4.156203113097946,4.126679817119647,-0.27117667287666175,0.18361875951345222,0.12775685203434017,3.5227719418551047,3.492893074916518,-0.2289662007670171,0.18158314345482773,0.15242995455554392,4.169415065317832,4.126679817119647,-0.27117667287666175,0.11970012175958696,0.12855376585893505,3.5915418350341506,3.492893074916518,-0.2289662007670171
361.31169945281874,0.15181796901975303,0.1558946232687155,4.224876549164622,4.2195803722136125,-0.2773804842551014,0.1334056143650245,0.13172441651260575,3.6005533255058486,3.571720180541791,-0.23420581371596516,0.22007894080735252,0.15904861473346302,4.22635310330016,4.2195803722136125,-0.2773804842551014,0.14172502304389226,0.13177954393838814,3.576690651725513,3.571720180541791,-0.23420581371596516,0.14843037827893674,0.15611566952785305,4.243653735477481,4.2195803722136125,-0.2773804842551014,0.17708346955980583,0.13068245486748886,3.5925862167100036,3.571720180541791,-0.23420581371596516,0.17701512678435927,0.15591997915083444,4.23075563202077,4.2195803722136125,-0.2773804842551014,0.1336907876767641,0.13149760178817033,3.7005173208508397,3.571720180541791,-0.23420581371596516
365.4289184093409,0.15276377823776272,0.15946389082430887,4.318149687200619,4.314532164660188,-0.2837259637222823,0.13111767295024288,0.13474079384160975,3.6325323814393036,3.6523039089041918,-0.23956514139130525,0.24206324343695368,0.162690016376335,4.32783176775033,4.314532164660188,-0.2837259637222823,0.1356956966248886,0.13479718250203998,3.6386090106574747,3.6523039089041918,-0.23956514139130525,0.1600923246036337,0.159689992670435,4.323526677639799,4.314532164660188,-0.2837259637222823,0.19594938709442114,0.13367499346766035,3.6501838666306483,3.6523039089041918,-0.23956514139130525,0.17813032802069395,0.15948982662592975,4.324891987391517,4.314532164660188,-0.2837259637222823,0.12022368608121932,0.13450878991917342,3.7780879193651957,3.6523039089041918,-0.23956514139130525
369.5930538979366,0.1529878411420998,0.16311478991139294,4.396992751750182,4.411576617224019,-0.2902163349941296,0.11843966184711625,0.13782618009581396,3.7253812467512253,3.7346818209383272,-0.24504691073165774,0.22978515441181951,0.16641469580924492,4.421936411651939,4.411576617224019,-0.2902163349941296,0.1525233410006477,0.13788385879417814,3.7580663729270105,3.7346818209383272,-0.24504691073165774,0.18294532519678192,0.1633460627283731,4.421279940377791,4.411576617224019,-0.2902163349941296,0.22428476326716587,0.13673599657175184,3.7630942402855894,3.7346818209383272,-0.24504691073165774,0.1561669931065678,0.16314131886805472,4.4237327587073025,4.411576617224019,-0.2902163349941296,0.14657046213567934,0.13758886846737134,3.85480059999393,3.7346818209383272,-0.24504691073165774
373.80464054185654,0.15903065591160043,0.16684918353114972,4.508579622612461,4.510755468794497,-0.2968548946587838,0.12824039629950698,0.1409821511957515,3.8263365565689744,3.818892087796193,-0.25065391043248475,0.24448235723419526,0.17022455344985868,4.511356161619294,4.510755468794497,-0.2968548946587838,0.1624658240779118,0.14104114939079876,3.848470991145141,3.818892087796193,-0.25065391043248475,0.17253084526754342,0.16708574532572243,4.535891063713131,4.510755468794497,-0.2968548946587838,0.23692501457617435,0.1398670277105592,3.8409753082828324,3.818892087796193,-0.25065391043248475,0.1819339249731987,0.16687631917929047,4.548671652048988,4.510755468794497,-0.2968548946587838,0.14754518837710304,0.14073941065649892,3.935952048729505,3.818892087796193,-0.25065391043248475
378.06421905648983,0.1749305587592505,0.17066897702702366,4.612016029834375,4.612110696281917,-0.30364501380542724,0.1216454137422965,0.14421031892253158,3.890583344957764,3.904973472476459,-0.2563889923304333,0.22818378189002925,0.17412153290159452,4.620149565396955,4.612110696281917,-0.30364501380542724,0.13011370843748352,0.1442706667432243,3.89939437699877,3.904973472476459,-0.2563889923304333,0.1979809280652048,0.17091094848751345,4.647479587699071,4.612110696281917,-0.30364501380542724,0.2344143366007483,0.1430696859954435,3.900366107656918,3.904973472476459,-0.2563889923304333,0.16981764359942397,0.170696733210675,4.617909019002891,4.612110696281917,-0.30364501380542724,0.16892280229159137,0.14396202550962953,4.002739942217336,3.904973472476459,-0.2563889923304333
382.37233631878564,0.17355607949302537,0.17457611903925147,4.731038353390807,4.715684422938457,-0.31059013968688787,0.14044524175573522,0.14751233172798808,4.010300110991607,3.992965306538019,-0.2622550728173154,0.26187469487297005,0.17810762192756735,4.747261740891205,4.715684422938457,-0.31059013968688787,0.12994071481899908,0.1475740599887622,4.01386026870579,3.992965306538019,-0.2622550728173154,0.1941425542142972,0.17482362359631268,4.7367999076397895,4.715684422938457,-0.31059013968688787,0.25783563657210173,0.14634560692208592,4.001451952615678,3.992965306538019,-0.2622550728173154,0.1822919803401296,0.1746045099170045,4.723123707296352,4.715684422938457,-0.31059013968688787,0.17346772760397197,0.1472583586585035,4.178687078013668,3.992965306538019,-0.2622550728173154
386.72954543746465,0.1792837779534689,0.17857260248133355,4.870907405364885,4.821518811097556,-0.3176937974198536,0.1414511587321706,0.15088987556361477,4.115457491827018,4.0829074612252345,-0.2682551342848038,0.27046540008983794,0.1821848534453694,4.8375073359944745,4.821518811097556,-0.3176937974198536,0.15790024630958313,0.15095301577992912,4.135373929001129,4.0829074612252345,-0.2682551342848038,0.2118723063638,0.1788257663696194,4.851943463839654,4.821518811097556,-0.3176937974198536,0.2223920172243741,0.1496964631933128,4.1269458955489355,4.0829074612252345,-0.2682551342848038,0.18582578809460182,0.1786016425334327,4.840794480156809,4.821518811097556,-0.3176937974198536,0.18407607357087638,0.1506300931708176,4.310717334528026,4.0829074612252345,-0.2682551342848038
391.136405824033,0.1809582499788685,0.18266046553713783,4.939529653324377,4.929655937122074,-0.32495959172164157,0.15793550975733703,0.15434467472731486,4.20423582912803,4.174840312073903,-0.2743922266026154,0.24561368921013266,0.18635530654459612,4.931964605343265,4.929655937122074,-0.32495959172164157,0.14384548730499971,0.15440925913133433,4.160555391332259,4.174840312073903,-0.2743922266026154,0.20371113514846179,0.18291941785870736,4.9357538456756815,4.929655937122074,-0.32495959172164157,0.19237175003854115,0.15312396555888946,4.203025217397808,4.174840312073903,-0.2743922266026154,0.19382045147255889,0.18269016957271744,4.9319929627927905,4.929655937122074,-0.32495959172164157,0.17587862052978462,0.15407895039532002,4.301959317498356,4.174840312073903,-0.2743922266026154
395.59348326460156,0.18808988632150686,0.18684179268115014,5.057654200797251,5.040137646078082,-0.33239120868531435,0.14562330449330937,0.15787849272934726,4.240378238260965,4.268804696146031,-0.28066946862667286,0.2579031771332914,0.19062110752648337,5.040423459012758,5.040137646078082,-0.33239120868531435,0.14800483058717886,0.1579445542861416,4.217970632382069,4.268804696146031,-0.28066946862667286,0.2083408616395615,0.1871066654698051,5.04745850400628,5.040137646078082,-0.33239120868531435,0.2022944797858646,0.15662986367532922,4.251463064646472,4.268804696146031,-0.28066946862667286,0.18690657970337676,0.18687217584579655,5.025371350556394,5.040137646078082,-0.33239120868531435,0.18847461808742746,0.15760669082673096,4.3664440088815235,4.268804696146031,-0.28066946862667286
400.1013499925272,0.18399228750067947,0.19111871572101644,5.1407828096046115,5.153005383159969,-0.33999241759282495,0.1623859419291521,0.16149313317748018,4.381494813231501,4.364841860727648,-0.28709004974270924,0.26300147540805835,0.19498443096681922,5.157942480119112,5.153005383159969,-0.33999241759282495,0.16612279870417182,0.16156070560144176,4.346391051765081,4.364841860727648,-0.28709004974270924,0.2150604852234806,0.19138964400834568,5.142362595164067,5.153005383159969,-0.33999241759282495,0.2194632633232754,0.16021594698369304,4.335676254162362,4.364841860727648,-0.28709004974270924,0.1948968569185373,0.19114979350391456,5.142355550511631,5.153005383159969,-0.33999241759282495,0.1767977840686414,0.1612151149891014,4.451448878756758,4.364841860727648,-0.28709004974270924
404.6605847618803,0.20921705312456523,0.19549341486275346,5.321712021846632,5.268299998689253,-0.34776707276898405,0.15638588917881088,0.1651904406817448,4.490002632790232,4.462993402299287,-0.2936572314422674,0.2662651657347524,0.19944750080280435,5.292274064064512,5.268299998689253,-0.34776707276898405,0.1728506254546245,0.16525955845389695,4.466425343549228,4.462993402299287,-0.2936572314422674,0.21863471578306665,0.19577053674578676,5.315029299098481,5.268299998689253,-0.34776707276898405,0.20528164948270525,0.16388404560788716,4.468978754940501,4.462993402299287,-0.2936572314422674,0.19549079924742097,0.19552520310500118,5.29418925629378,5.268299998689253,-0.34776707276898405,0.16463599406001503,0.1649060643392733,4.561129599195575,4.462993402299287,-0.2936572314422674
409.2717729217492,0.22025773176323354,0.19996811980021875,5.422825477816374,5.386061522894683,-0.35571911547499946,0.1768205449097807,0.16897230177959463,4.606039714899516,4.563301194359682,-0.3003743489332419,0.2597217863631243,0.2040125914429483,5.422680600511524,5.386061522894683,-0.35571911547499946,0.17071282113097921,0.1690430001645734,4.5607194847345545,4.563301194359682,-0.3003743489332419,0.20921062509009253,0.20025157651016104,5.422016047163443,5.386061522894683,-0.35571911547499946,0.2097070854554293,0.1676360312722427,4.607844718119917,4.563301194359682,-0.3003743489332419,0.20615502823298237,0.20000063470219168,5.392482634433193,5.386061522894683,-0.35571911547499946,0.18811651481906264,0.1686814221903747,4.6814089912442265,4.563301194359682,-0.3003743489332419
413.9355064913921,0.1865442504680675,0.20454511082835825,5.499757558322872,5.50632890627144,-0.36385257584305025,0.16229264019998632,0.1728406458814359,4.690507358137956,4.6658073024552165,-0.3072448127867461,0.2714317908422444,0.20868202890247167,5.537984812402901,5.50632890627144,-0.36385257584305025,0.17590307707216638,0.17291296094516043,4.6726554663755016,4.6658073024552165,-0.3072448127867461,0.21071509545953254,0.20483504680124576,5.563793945623236,5.50632890627144,-0.36385257584305025,0.18254963385307657,0.171473818240231,4.676186109002948,4.6658073024552165,-0.3072448127867461,0.2086773889951855,0.20457836895833448,5.5300697780478885,5.50632890627144,-0.36385257584305025,0.18974855168288382,0.17254311465566166,4.776054971203494,4.6658073024552165,-0.3072448127867461
418.65238423624453,0.18871937715441717,0.20922671998119713,5.62345811685154,5.629139720725709,-0.37217157485431085,0.190287929117222,0.17679744623721177,4.767402287957146,4.770553884654757,-0.3142721106189107,0.26620863439512515,0.213458191963721,5.6111264877219655,5.629139720725709,-0.37217157485431085,0.1828006164822247,0.1768714148649811,4.7312037245486165,4.770553884654757,-0.3142721106189107,0.23105225110672328,0.2095232829299451,5.630405622357615,5.629139720725709,-0.37217157485431085,0.19433007673089445,0.17539936427313824,4.72989490501412,4.770553884654757,-0.3142721106189107,0.21604977594879438,0.20926073828313432,5.599071841596377,5.629139720725709,-0.37217157485431085,0.18049899896439722,0.17649311161377806,4.824026512630675,4.770553884654757,-0.3142721106189107
423.4230117447948,0.2036958513531249,0.21401533219513486,5.741886402665155,5.7545298160110026,-0.3806803263585015,0.17825848253071905,0.18084472092443069,4.891415828420061,4.87758307531911,-0.32145980881001135,0.26755844541431056,0.21834351336184127,5.752666883725888,5.7545298160110026,-0.3806803263585015,0.19326164398342896,0.18092038083952738,4.894058282708218,4.87758307531911,-0.32145980881001135,0.22412833084842837,0.21431867318310305,5.764867767271292,5.7545298160110026,-0.3806803263585015,0.22466101084136805,0.17941467161106353,4.888160560804536,4.87758307531911,-0.32145980881001135,0.21663887027673334,0.2140501279972916,5.753695479724016,5.7545298160110026,-0.3806803263585015,0.17833372310233184,0.1805334276947359,4.97402697120187,4.87758307531911,-0.32145980881001135
428.2480015063317,0.2028313824810904,0.2189133864973749,5.886215691394997,5.882532925375353,-0.38938313913875894,0.17818850239877201,0.1849845338582516,4.987135689874736,4.986936849803196,-0.3288115542615494,0.2397934555721562,0.22334048099668863,5.9066113590665426,5.882532925375353,-0.38938313913875894,0.17081499107603462,0.18506192364062474,4.948180613984209,4.986936849803196,-0.3288115542615494,0.23231648588720183,0.21922366001379923,5.90297356553483,5.882532925375353,-0.38938313913875894,0.13492190263519002,0.18352178797466207,4.9758686202929105,4.986936849803196,-0.3288115542615494,0.23374340568316876,0.2189489775211122,5.901931836254178,5.882532925375353,-0.38938313913875894,0.1866632774747303,0.18466612328877696,5.021327577129328,4.986936849803196,-0.3288115542615494
433.1279729895824,0.21741545680771096,0.22392337722153735,6.030492813476353,6.013180213389951,-0.39828441902040246,0.20979423210965473,0.18921899582375387,5.112857590332726,5.098656867409318,-0.3363310761903346,0.2664754201984905,0.22845163917210903,6.001231843373362,6.013180213389951,-0.39828441902040246,0.17432364165335115,0.1892981549293787,5.086428454468726,5.098656867409318,-0.3363310761903346,0.2234105939053193,0.22424074125830393,6.005050063837335,6.013180213389951,-0.39828441902040246,0.1377937471762767,0.18772280759002832,5.098899950546333,5.098656867409318,-0.3363310761903346,0.23405781411988735,0.2239597815899499,6.01469617482724,6.013180213389951,-0.39828441902040246,0.18358595052451473,0.1888933055765652,5.126386396390289,5.098656867409318,-0.3363310761903346
438.0635527222436,0.2304862183632433,0.22904785524951554,6.131350970033451,6.146499758147249,-0.4073886710266636,0.2016253479752451,0.1935502655314989,5.213573609705466,5.2127842894727126,-0.3440221879639008,0.2426978402860392,0.2336795898617021,6.088923638199717,6.146499758147249,-0.4073886710266636,0.1696033418878349,0.19363123431217732,5.230926011375071,5.2127842894727126,-0.3440221879639008,0.2202702734862519,0.22937247137986363,6.103770522112858,6.146499758147249,-0.4073886710266636,0.2368687510093839,0.19201987223579162,5.217288184832324,5.2127842894727126,-0.3440221879639008,0.23100833931693765,0.2290850914965997,6.146895882359246,6.146499758147249,-0.4073886710266636,0.20541791169306986,0.19321712958310533,5.30229256756362,5.2127842894727126,-0.3440221879639008
443.0553743714205,0.24013044392148358,0.23428942928066526,6.280179219936584,6.282515958975249,-0.4167005015800495,0.21131489070372575,0.19798055069607526,5.342391131424281,5.32935956910819,-0.3518887889735579,0.27706278207408414,0.23902699400343838,6.259687475241653,6.282515958975249,-0.4167005015800495,0.17554975064206516,0.198063370419462,5.296377775740811,5.32935956910819,-0.3518887889735579,0.2207626412675892,0.2346214627396237,6.271859452669802,6.282515958975249,-0.4167005015800495,0.24147831451957383,0.19641517231359612,5.330702524154425,5.32935956910819,-0.3518887889735579,0.22524363229071775,0.23432751636027926,6.285644605734987,6.282515958975249,-0.4167005015800495,0.21078414203462056,0.19763979925438785,5.389435734753307,5.32935956910819,-0.3518887889735579
448.1040788249812,0.24085592292061292,0.2396507671293466,6.39594269215324,6.421248859799549,-0.4262246207530417,0.19124519611798627,0.20251210913874473,5.4580441819549455,5.448422208617432,-0.35993486655054946,0.2727704649177994,0.24449657282177187,6.416755204585329,6.421248859799549,-0.4262246207530417,0.1898958415579655,0.2025968220090181,5.416451086423822,5.448422208617432,-0.35993486655054946,0.22059795552458034,0.23999038689593524,6.401843583897681,6.421248859799549,-0.4262246207530417,0.243328110808994,0.20091094794224554,5.464842741924727,5.448422208617432,-0.35993486655054946,0.23239194620619352,0.2396897244250505,6.395674034663333,6.421248859799549,-0.4262246207530417,0.22060996941081054,0.20216356855837556,5.5393563021916465,5.448422208617432,-0.35993486655054946
453.2103142738392,0.25511808918027895,0.24513459705116442,6.608422138509652,6.5627133770682455,-0.4359658445657933,0.20762173586205898,0.20714724991446382,5.5608030613840596,5.570010480043735,-0.3681644979223552,0.29442372228347363,0.25009110917995975,6.63271225985874,6.5627133770682455,-0.4359658445657933,0.18771361265118983,0.20723389909350054,5.5822630222885925,5.570010480043735,-0.3681644979223552,0.23612670541463948,0.24548197593211463,6.569755830906051,6.5627133770682455,-0.4359658445657933,0.24308634161956102,0.20550949007612473,5.572070238677682,5.570010480043735,-0.3681644979223552,0.24842793849780287,0.24517444438537817,6.58597097285201,6.5627133770682455,-0.4359658445657933,0.2134730233989026,0.2067907426102417,5.617319890593955,5.570010480043735,-0.3681644979223552
458.3747362951728,0.26172186788616997,0.2507437090975523,6.717811460252668,6.7069184199307905,-0.44592909733625924,0.2201954998177343,0.21188833446388475,5.7147982471457786,5.694161103740079,-0.37658185221254237,0.25735752163324005,0.25581344896132774,6.727872894286809,6.7069184199307905,-0.44592909733625924,0.20998906702355938,0.211976964092505,5.684320398017962,5.694161103740079,-0.37658185221254237,0.2450006973052246,0.2510990238133186,6.708497735124113,6.7069184199307905,-0.44592909733625924,0.2111148374433345,0.2102131416484141,5.735425507181663,5.694161103740079,-0.37658185221254237,0.2445192648266653,0.25078446674179455,6.705408473769481,6.7069184199307905,-0.44592909733625924,0.2193986982955047,0.21152367882209283,5.747265225795908,5.694161103740079,-0.37658185221254237
463.5980079365932,0.24858651443441487,0.2564809565014835,6.88014132119651,6.853865889088033,-0.4561194140783672,0.22152416401837635,0.21673777779080733,5.862672306558493,5.82090887917023,-0.38519119248349065,0.30883771131651866,0.2616665024815094,6.865195845654978,6.853865889088033,-0.4561194140783672,0.20724548962496228,0.2168284330110967,5.830665007351356,5.82090887917023,-0.38519119248349065,0.2597737285570701,0.2568443877739056,6.865599422461096,6.853865889088033,-0.4561194140783672,0.20925848915806536,0.21502429873939677,5.820709740545215,5.82090887917023,-0.38519119248349065,0.25876921466183356,0.2565226451861722,6.863214255607385,6.853865889088033,-0.4561194140783672,0.20640258352918092,0.21636478807858717,5.791994398710032,5.82090887917023,-0.38519119248349065
468.8807998012715,0.2508067618476953,0.26234925709259677,7.032743018663168,7.003549539318915,-0.4665419429555339,0.2383802717745774,0.22169804966561446,5.935539925631434,5.950286261323087,-0.393996877825046,0.27964407258718676,0.2676532459311904,7.013507677724911,7.003549539318915,-0.4665419429555339,0.21829081264096842,0.22179077664317737,5.951978036044408,5.950286261323087,-0.393996877825046,0.2639074590429316,0.26272098973464714,7.0349286663213,7.003549539318915,-0.4665419429555339,0.22289562146822742,0.21994541177094554,5.921596079198068,5.950286261323087,-0.393996877825046,0.2425504889429012,0.26239189801757296,6.994768299756316,7.003549539318915,-0.4665419429555339,0.20494377543089268,0.22131653593866654,5.927117503140495,5.950286261323087,-0.393996877825046
474.2237901340358,0.267602864974901,0.26835159474423737,7.13442385402785,7.155953689419134,-0.47720194778439445,0.22962292387031633,0.22677167585543373,6.044371826519131,6.082322875392765,-0.40300336548589194,0.2760212899745596,0.2737767228511718,7.155755927346612,7.155953689419134,-0.47720194778439445,0.20603998101544632,0.22686652180253428,6.044497727238755,6.082322875392765,-0.40300336548589194,0.2698451425579747,0.268731817751182,7.153576727361618,7.155953689419134,-0.47720194778439445,0.13842316278814518,0.22497898672695318,6.032774807216384,6.082322875392765,-0.40300336548589194,0.268248257948977,0.2683952095888815,7.147688962969681,7.155953689419134,-0.47720194778439445,0.2120408207509585,0.22638144386314482,6.066015754796017,6.082322875392765,-0.40300336548589194
479.6276649084495,0.27958656082286765,0.2744910208514241,7.311026787455254,7.311051761864916,-0.48810481059491184,0.24349352860150128,0.2319612393811771,6.190479006141085,6.217044961328973,-0.41221521305471087,0.2617741530974605,0.2800400456394226,7.331794680830023,7.311051761864916,-0.48810481059491184,0.22304678505170997,0.23205825258005294,6.162470599971743,6.217044961328973,-0.41221521305471087,0.26175511480810193,0.27487992749505674,7.3170533491607275,7.311051761864916,-0.48810481059491184,0.16636852475926925,0.23012758640118466,6.198777550215247,6.217044961328973,-0.41221521305471087,0.2721360701836181,0.27453563178584295,7.299659106055913,7.311051761864916,-0.48810481059491184,0.2281892015496305,0.23156209047030893,6.111645286706893,6.217044961328973,-0.41221521305471087
485.09311791488165,0.3081082728468199,0.28077065584223365,7.474063976801275,7.4688046335581895,-0.4992560342451301,0.24777108798007327,0.23726938180267626,6.391065344529834,6.354474738897039,-0.4216370806859292,0.30148132664769417,0.2864463970914256,7.472348584296186,7.4688046335581895,-0.4992560342451301,0.2075421870495893,0.23736861162970818,6.357258786952527,6.354474738897039,-0.4216370806859292,0.26254848609566245,0.28116844376599825,7.465441279200381,7.4688046335581895,-0.4992560342451301,0.2376710558293045,0.23539383167245537,6.384327774682543,6.354474738897039,-0.4216370806859292,0.2699715836691515,0.2808162855379622,7.449867148569567,7.4688046335581895,-0.4992560342451301,0.22928850175024149,0.2368611128182553,6.313736484484761,6.354474738897039,-0.4216370806859292
490.62085084958113,0.30603353337065925,0.28719369072170686,7.637090965815484,7.629158777932458,-0.5106612450931116,0.24366345955167654,0.2426988045318758,6.514478444104916,6.494629682755747,-0.43127373337527136,0.29770363585110854,0.29299903197400096,7.638988301288326,7.629158777932458,-0.5106612450931116,0.2343254158997459,0.24280030148220846,6.504831627126015,6.494629682755747,-0.43127373337527136,0.27109746947675567,0.287600562038993,7.618106980272043,7.629158777932458,-0.5106612450931116,0.2813279096359427,0.24078040280756374,6.488966669985594,6.494629682755747,-0.43127373337527136,0.26701648584884674,0.2872403623631591,7.608697332990992,7.629158777932458,-0.5106612450931116,0.24420694886435765,0.2422812077163694,6.5143056916728534,6.494629682755747,-0.43127373337527136
496.21157340476566,0.2814080168441609,0.2937633886502366,7.781842299738449,7.792044178336689,-0.5223261957261591,0.23078695934073687,0.24825227017513013,6.646826775131724,6.637521695844169,-0.4411300432845838,0.29565188658423264,0.29970127863437784,7.814668061524295,7.792044178336689,-0.5223261957261591,0.25208374058356053,0.24835608588745947,6.650008666706639,6.637521695844169,-0.4411300432845838,0.28185926915800713,0.29417955004359475,7.789096252558456,7.792044178336689,-0.5223261957261591,0.29839934967326265,0.24629004079373096,6.657434990858661,6.637521695844169,-0.4411300432845838,0.2852582090303434,0.2938111259456699,7.784713884256519,7.792044178336689,-0.5223261957261591,0.2757411770436577,0.24782513306527684,6.718133555928795,6.637521695844169,-0.4411300432845838
501.8660033597374,0.29162471473968693,0.30048308655546774,7.987358090145764,7.957371992710788,-0.5342567677503262,0.2570978732220049,0.253932603905007,6.811139946000121,6.783156168129969,-0.45121099211686766,0.3033744261478453,0.30655654064364596,7.957446430861414,7.957371992710788,-0.5342567677503262,0.25859508956345945,0.254038791187408,6.793978124040531,6.783156168129969,-0.45121099211686766,0.2914821227555591,0.30090874937939954,7.946597642996125,7.957371992710788,-0.5342567677503262,0.3097961076836757,0.2519255486997589,6.791102225897053,6.783156168129969,-0.45121099211686766,0.3050864229642313,0.30053191374917654,7.955983772035999,7.957371992710788,-0.5342567677503262,0.27874541914129275,0.25349570922626796,6.8247552533591795,6.783156168129969,-0.45121099211686766
507.5848666730372,0.2849891613422069,0.30735619678092674,8.118282736815871,8.125031950705308,-0.546458974638824,0.2581586896620856,0.25974269486231655,6.967428137666139,6.931530906364619,-0.46152167354341167,0.35560788725000375,0.31356829847676915,8.134671483186542,8.125031950705308,-0.546458974638824,0.27041858788434237,0.2598513077184391,6.966783512485555,6.931530906364619,-0.46152167354341167,0.31007029811480386,0.307791577166024,8.164994377348107,8.125031950705308,-0.546458974638824,0.34001613024202193,0.2576897930673675,6.974105815291104,6.931530906364619,-0.46152167354341167,0.2987005360257816,0.3074061386652815,8.14333485563111,8.125031950705308,-0.546458974638824,0.27436286191050535,0.25929582042096344,7.021561755891022,6.931530906364619,-0.46152167354341167
513.3688975756481,0.30461411389231,0.31438620876991985,8.301864773715607,8.294889466508488,-0.5589389646441522,0.2550807034693037,0.26568549758871846,7.087170897780161,7.08263491920426,-0.4720672956822792,0.2876384638416681,0.32074011122918034,8.296841008301515,8.294889466508488,-0.5589389646441522,0.25607469614126455,0.2657965912446291,7.0923728574619025,7.08263491920426,-0.4720672956822792,0.31118790558140424,0.31483152772909445,8.308378425838688,8.294889466508488,-0.5589389646441522,0.2943808364086866,0.26358570533323417,7.086106650480371,7.08263491920426,-0.4720672956822792,0.2959702663412761,0.3144372906970957,8.301744548557096,8.294889466508488,-0.5589389646441522,0.2586321986326163,0.26522841616203796,7.130330102498417,7.08263491920426,-0.4720672956822792
519.2188386652617,0.301389818247124,0.3215766907863028,8.456774220131145,8.466782454906834,-0.571703023771337,0.26221328924410164,0.27176403349159556,7.259765645313194,7.236447040689913,-0.4828531836329836,0.3500094376961989,0.32807561837123944,8.48493561220405,8.466782454906834,-0.571703023771337,0.2862244566219543,0.27187766442287936,7.2338440121510414,7.236447040689913,-0.4828531836329836,0.3099717528311586,0.32203217432443915,8.452855871946921,8.466782454906834,-0.571703023771337,0.3236477456497351,0.2696162832823224,7.224559639217588,7.236447040689913,-0.4828531836329836,0.31889154902734995,0.3216289386811738,8.44729626495148,8.466782454906834,-0.571703023771337,0.28910348523180013,0.2712965127149134,7.294606690289762,7.236447040689913,-0.4828531836329836
525.1354410016197,0.31814790666437204,0.3289312916732937,8.613235574944436,8.640517844068867,-0.5847575788171836,0.284292870280023,0.27798139233997665,7.5009943722181545,7.3929343738458755,-0.49388478206345165,0.3598977144460647,0.33557854154040223,8.630624405676814,8.640517844068867,-0.5847575788171836,0.2617187929621876,0.27809761829997537,7.460012561738419,7.3929343738458755,-0.49388478206345165,0.3296734500527328,0.329397170897944,8.651923338602527,8.640517844068867,-0.5847575788171836,0.3143905172957506,0.27578459253250365,7.4488281554998785,7.3929343738458755,-0.49388478206345165,0.3258951514162275,0.3289847320460376,8.642281609223755,8.640517844068867,-0.5847575788171836,0.27969968158544994,0.27750319459190953,7.556437687750031,7.3929343738458755,-0.49388478206345165
531.1194642029382,0.3309689290989016,0.3364537426503861,8.829056945346046,8.815867787848351,-0.5981092004750167,0.2556699225741746,0.2843407337944142,7.547294957875336,7.552050535232562,-0.5051676578552654,0.30658666600312895,0.34325268637353074,8.80181817106577,8.815867787848351,-0.5981092004750167,0.2836753394956615,0.28445961384260243,7.5419029026883235,7.552050535232562,-0.5051676578552654,0.34757070158408815,0.3369302538859434,8.811145801752998,8.815867787848351,-0.5981092004750167,0.303277631325928,0.28209376805315606,7.5802514658215046,7.552050535232562,-0.5051676578552654,0.3226521432603041,0.3365084026096684,8.777958009759125,8.815867787848351,-0.5981092004750167,0.29253239467036146,0.28385161607911047,7.623319723052298,7.552050535232562,-0.5051676578552654
537.171676543435,0.32862739649008815,0.3441478591497651,8.963882556439376,8.992565593122304,-0.611764606506279,0.2796395111618893,0.2908452889697293,7.695265355066428,7.713733680310653,-0.5167075028049786,0.3980616064380001,0.3511019443782202,9.005096393038569,8.992565593122304,-0.611764606506279,0.2973824388041555,0.29096688350120353,7.680659094185727,7.713733680310653,-0.5167075028049786,0.3455114924988137,0.3446352440535698,9.007195027797566,8.992565593122304,-0.611764606506279,0.2675043247748743,0.28854701571570696,7.706462038978586,7.713733680310653,-0.5167075028049786,0.31778851742072456,0.34420376641602146,8.981834654024873,8.992565593122304,-0.611764606506279,0.2917698150095746,0.29034500279658776,7.723607181018594,7.713733680310653,-0.5167075028049786
543.2928550519661,0.337745568379557,0.3520175426929173,9.158873058747066,9.170301394981307,-0.6257306649815965,0.28963848926673214,0.2974983620322529,7.8146552794208075,7.877904289720032,-0.5285101363842658,0.4093771261000519,0.3591302948457265,9.201870628650765,9.170301394981307,-0.6257306649815965,0.29550842653455245,0.29762273280728513,7.823040422374038,7.877904289720032,-0.5285101363842658,0.33501987624142365,0.352516048374143,9.150000935998447,9.170301394981307,-0.6257306649815965,0.28115322435089674,0.29514761387895694,7.843054812364755,7.877904289720032,-0.5285101363842658,0.3319850088600921,0.352074725611773,9.150562211284168,9.170301394981307,-0.6257306649815965,0.2961077501383486,0.2969866532934691,7.874725059580311,7.877904289720032,-0.5285101363842658
549.4837856117862,0.336127390617943,0.36006678280765037,9.363692380158128,9.3487176353321,-0.6400143975912677,0.3067023549245214,0.3043033318323884,8.057343050512676,8.04446269674932,-0.5405815085608481,0.4334015387039663,0.3673418068053441,9.373403523877405,9.3487176353321,-0.6400143975912677,0.31223352247552594,0.3044305420068605,8.070059052960973,8.04446269674932,-0.5405815085608481,0.3384434300882602,0.3605766619486947,9.36466670457657,9.3487176353321,-0.6400143975912677,0.3900730615952792,0.3018989150091135,8.059630193702404,8.04446269674932,-0.5405815085608481,0.3252871269973111,0.3601252703642957,9.33373600431461,9.3487176353321,-0.6400143975912677,0.2985214486211853,0.30377994067707687,8.090943690702401,8.04446269674932,-0.5405815085608481
555.7452630614462,0.341159828962969,0.36829965898791517,9.522224523530465,9.527404429642834,-0.6546229830292377,0.31286502763394713,0.31126365357215685,8.24959267110386,8.213286338147917,-0.5529277026789645,0.4312910998557143,0.37574064102155214,9.540213140132392,9.527404429642834,-0.6546229830292377,0.33679291398820776,0.31139376772912297,8.272563621833148,8.213286338147917,-0.5529277026789645,0.3381850438741892,0.3688211699683406,9.532528682865541,9.527404429642834,-0.6546229830292377,0.38472083446817784,0.3088043473348885,8.267840149585076,8.213286338147917,-0.5529277026789645,0.34198563881669963,0.3683594808209233,9.509094686841124,9.527404429642834,-0.6546229830292377,0.3081486500017491,0.31072831427841446,8.290468907592606,8.213286338147917,-0.5529277026789645
562.0780912968429,0.37128772910788427,0.3767203426955196,9.74969588835907,9.705894942660493,-0.6695637604481091,0.3427154499244907,0.3183828605101272,8.447956301090207,8.38422671357234,-0.5655549384040601,0.44151215792647275,0.3843310520344411,9.746254145170086,9.705894942660493,-0.6695637604481091,0.33593728883543417,0.3185159446913777,8.48516041712139,8.38422671357234,-0.5655549384040601,0.3540796829351492,0.37725374971886394,9.72385555968877,9.705894942660493,-0.6695637604481091,0.3746192105303603,0.31586741653936035,8.451511234169935,8.38422671357234,-0.5655549384040601,0.3507130680050329,0.3767815291114339,9.72092001427339,9.705894942660493,-0.6695637604481091,0.2916608729131071,0.31783530135382954,8.52403941769734,8.38422671357234,-0.5655549384040601
568.4830833744253,0.39911636467319084,0.3853330994058432,9.909569759228955,9.8836609378285,-0.6848442329920602,0.3356153480137714,0.32566456570326313,8.5802750425603,8.557106043856608,-0.5784695747295899,0.42480306800221396,0.393117390245063,9.932989426357446,9.8836609378285,-0.6848442329920602,0.3414860483310518,0.32580068744191504,8.618378057702484,8.557106043856608,-0.5784695747295899,0.38313597591492715,0.3858786726293002,9.86938888649743,9.8836609378285,-0.6848442329920602,0.3607295918539126,0.32309170748892424,8.624211022448918,8.557106043856608,-0.5784695747295899,0.3866624857523723,0.38539568139441766,9.879077481599698,9.8836609378285,-0.6848442329920602,0.3084567118998806,0.3251045088242951,8.522409213217072,8.557106043856608,-0.5784695747295899
574.9610616155837,0.4012343853412122,0.39414229069826545,10.110994851164119,10.060108716216876,-0.7004720714038084,0.33014069807883223,0.33311246378687703,8.717380688940496,8.731713626177864,-0.5916781130506779,0.43715909042808004,0.40210410404567,10.082913475137675,10.060108716216876,-0.7004720714038084,0.3480413664640585,0.3332516921406947,8.719962297659771,8.731713626177864,-0.5916781130506779,0.3938149942130507,0.39470030636485215,10.057065718462544,10.060108716216876,-0.7004720714038084,0.3692049996230171,0.33048088599934605,8.740042989741426,8.731713626177864,-0.5916781130506779,0.3887330039948841,0.3942062999471735,10.02485746692086,10.060108716216876,-0.7004720714038084,0.32755082782623796,0.3325396250519982,8.70690117301155,8.731713626177864,-0.5916781130506779
581.512857712225,0.4213777857530057,0.40315237639188645,10.260809750870177,10.23457571845357,-0.7164551177114638,0.3551342472770181,0.34073033279351894,8.87039807246646,8.90780189493803,-0.6051872003029056,0.3717073074189741,0.4112957419970499,10.222878857595363,10.23457571845357,-0.7164551177114638,0.3546455007507481,0.340872738378766,8.883377770225772,8.90780189493803,-0.6051872003029056,0.41206543415642677,0.40372311696555185,10.2141410456632,10.23457571845357,-0.7164551177114638,0.34574093687416685,0.338038700641165,8.845655584886764,8.90780189493803,-0.6051872003029056,0.4044684059038465,0.4032178453024924,10.234496915880023,10.23457571845357,-0.7164551177114638,0.32247932531836704,0.34014442165687636,8.923865165381246,8.90780189493803,-0.6051872003029056
588.139312833551,0.4327524402314363,0.4123679167280302,10.434005827405127,10.406328124607512,-0.732801388995577,0.35200904439622965,0.3485220360116609,9.078335894905448,9.085082212285876,-0.6190036321707348,0.3759651278724632,0.420696955052485,10.398595102000831,10.406328124607512,-0.732801388995577,0.3433455000079624,0.3486676910379224,9.091058488629093,9.085082212285876,-0.6190036321707348,0.4233793851167021,0.41295167103206626,10.391824359474311,10.406328124607512,-0.732801388995577,0.3174931497631359,0.34576898458437916,9.061798807648596,9.085082212285876,-0.6190036321707348,0.42971600593634685,0.41243487843106225,10.412467068773463,10.406328124607512,-0.732801388995577,0.3258732929736838,0.34792275537154194,9.114525860766962,9.085082212285876,-0.6190036321707348
594.8412777340549,0.4295043116995781,0.4217935745997147,10.612580133654753,10.574559848275587,-0.7495190812373576,0.36013967998635016,0.35649152388478683,9.274577051808047,9.263220432239905,-0.6331343563641036,0.425195264584493,0.43031249883055817,10.589844261461929,10.574559848275587,-0.7495190812373576,0.3562610949770457,0.35664050219050397,9.241139497766559,9.263220432239905,-0.6331343563641036,0.4419701799123941,0.4223906379577777,10.584977830540483,10.574559848275587,-0.7495190812373576,0.32568196570651686,0.35367565748327456,9.255616194765889,9.263220432239905,-0.6331343563641036,0.4279805429362801,0.42186206297170104,10.599013793458397,10.574559848275587,-0.7495190812373576,0.33055225863787435,0.3558785699379554,9.183484010171577,9.263220432239905,-0.6331343563641036
601.6196128627471,0.4451869225497414,0.43143411783047453,10.740458114734729,10.738393375514566,-0.7666165732513712,0.35255831654212605,0.36464283595234126,9.404096987124097,9.44183230833733,-0.6475864759667688,0.35320705333018904,0.4401472359374451,10.738818444032981,10.738393375514566,-0.7666165732513712,0.34130652383224014,0.36479521304100865,9.405932863531573,9.44183230833733,-0.6475864759667688,0.4438239853996094,0.4320447922109213,10.738973611429254,10.738393375514566,-0.7666165732513712,0.39271485053208544,0.3617627274024984,9.386615810500547,9.44183230833733,-0.6475864759667688,0.4456383968219567,0.4315041675100817,10.744107435055351,10.738393375514566,-0.7666165732513712,0.3437342638680058,0.36401589804462386,9.399614805810062,9.44183230833733,-0.6475864759667688
608.4751884736261,0.4397301036884687,0.441294421501992,10.877016781025798,10.896882937985534,-0.7841024307032014,0.3724565573357808,0.3729801028328383,9.63175833766598,9.620478847351988,-0.6623672528578329,0.3805079936111269,0.4502061383397422,10.89842149295436,10.896882937985534,-0.7841024307032014,0.3506594490861046,0.37313595591007725,9.63707156338443,9.620478847351988,-0.6623672528578329,0.45561227655239583,0.44191901566532665,10.89053295286102,10.896882937985534,-0.7841024307032014,0.39074596787794924,0.3700342927851324,9.6430338631205,9.620478847351988,-0.6623672528578329,0.4379173341822108,0.44136606790708266,10.910515300691227,10.896882937985534,-0.7841024307032014,0.35785906164744014,0.3723388633065968,9.534903876826332,9.620478847351988,-0.6623672528578329
615.4088847374088,0.4389550814648298,0.4513794703330194,11.054050119471732,11.049020520768888,-0.8019854102154916,0.37529272955958964,0.38150754824967026,9.781067605673163,9.798661751936471,-0.6774841112065078,0.4414000356213044,0.46049428978828455,11.055289771587342,11.049020520768888,-0.8019854102154916,0.374537265536687,0.38166695626108355,9.798284384233208,9.798661751936471,-0.6774841112065078,0.4567588109247523,0.452018299982114,11.040057176192773,11.049020520768888,-0.8019854102154916,0.41889306199523624,0.3784945444638197,9.773609774051923,9.798661751936471,-0.6774841112065078,0.43882296854932556,0.4514527496776576,11.065868601698575,11.049020520768888,-0.8019854102154916,0.36593152597861484,0.3808516822884964,9.733667007029075,9.798661751936471,-0.6774841112065078
622.4215918545331,0.4523622815575375,0.46169436110910167,11.198674164196433,11.193745175434401,-0.8202744635623216,0.3924203975883636,0.39022949110240623,9.964303219503401,9.97581914256207,-0.6929446410434769,0.37852608585140285,0.47101688829559296,11.193370937815574,11.193745175434401,-0.8202744635623216,0.3805807596136992,0.3903925347721259,9.97989570641849,9.97581914256207,-0.6929446410434769,0.46479312092138364,0.46234774904344034,11.182372737022549,11.193745175434401,-0.8202744635623216,0.4004489222169507,0.3871477677155241,9.98173740286844,9.97581914256207,-0.6929446410434769,0.45222263062330137,0.46176931042161445,11.186143107202788,11.193745175434401,-0.8202744635623216,0.3826094889978166,0.3895586665712404,9.941587737353222,9.97581914256207,-0.6929446410434769
629.5142101694481,0.4492501415112538,0.4722443051662665,11.305397793664067,11.32995602387073,-0.8389787419568696,0.39556940518689393,0.39915034758158413,10.117409507125311,10.151321804018998,-0.7087566019094731,0.4778964710129379,0.4817792486662831,11.34221980375519,11.32995602387073,-0.8389787419568696,0.4063821113608155,0.3993171094520967,10.149749918050881,10.151321804018998,-0.7087566019094731,0.4635816916704932,0.47291258143908826,11.323419392097572,11.32995602387073,-0.8389787419568696,0.3853612750780844,0.39599834436132675,10.138579098777154,10.151321804018998,-0.7087566019094731,0.47655320422048797,0.47232096230693166,11.347060522341568,11.32995602387073,-0.8389787419568696,0.3969737074698913,0.3984642248645645,10.173956933804247,10.151321804018998,-0.7087566019094731
636.6876502862085,0.4751926273730301,0.4830346309277053,11.465463804704992,11.456529185909286,-0.8581076004303005,0.4092075800280491,0.40827463333098934,10.363714199560869,10.324470261663903,-0.7249279265840662,0.5009851511341608,0.49278680508308914,11.496621055005695,11.456529185909286,-0.8581076004303005,0.4114085190234418,0.4084451978033093,10.353288412444554,10.324470261663903,-0.7249279265840662,0.4939807319512027,0.48371813300656674,11.489373156286588,11.456529185909286,-0.8581076004303005,0.43696924909054324,0.4050507549118767,10.393888592320078,10.324470261663903,-0.7249279265840662,0.4830287408477657,0.48311303460738814,11.482190981706424,11.456529185909286,-0.8581076004303005,0.4473327438274148,0.4075728651652322,10.467007412437658,10.324470261663903,-0.7249279265840662
643.9428331853834,0.4843375333235332,0.49407078649632663,11.572028017260656,11.572338636508462,-0.8776706023085002,0.4111046166437618,0.41760696565618094,10.533231973822618,10.494493054737719,-0.741466724893973,0.5342559460969283,0.504045113748963,11.58394790366612,11.572338636508462,-0.8776706023085002,0.42221874076476507,0.417781419031075,10.533356184900809,10.494493054737719,-0.741466724893973,0.48305185095029507,0.49476985942705576,11.58640733561432,11.572338636508462,-0.8776706023085002,0.4085216130416587,0.4143095807593083,10.540865099545051,10.494493054737719,-0.741466724893973,0.49794332124212326,0.49415097629518234,11.578000462171822,11.572338636508462,-0.8776706023085002,0.4458531798056186,0.41688919696169424,10.589446375547327,10.494493054737719,-0.741466724893973
651.2806903422996,0.49394880349063924,0.5053583423028238,11.649018740198109,11.676280698499378,-0.8976775237855207,0.4187060651037307,0.4271520657811026,10.667702740655551,10.660546632687172,-0.7583812876054992,0.5252562226464916,0.5155598555858716,11.655266737885485,11.676280698499378,-0.8976775237855207,0.41373450024919034,0.4273304963014934,10.68766433112751,10.660546632687172,-0.7583812876054992,0.4971530138405796,0.5060733388774907,11.667501582819563,11.676280698499378,-0.8976775237855207,0.4352279889451349,0.42377950641730766,10.66955889650528,10.660546632687172,-0.7583812876054992,0.49979534761017186,0.5054403586895265,11.659845559943882,11.676280698499378,-0.8976775237855207,0.4414360736698783,0.4264179334877033,10.746644316193953,10.660546632687172,-0.7583812876054992
658.7021638466314,0.5139007333256382,0.5169029938121074,11.743625334758612,11.767301519442183,-0.9181383585968667,0.4351882815758082,0.43691476115459316,10.84555339459108,10.82171734799951,-0.7756800904012593,0.5835007135859249,0.5273368389933879,11.765275006503105,11.767301519442183,-0.9181383585968667,0.4216455830262289,0.43709725904844476,10.861262948280652,10.82171734799951,-0.7756800904012593,0.49676228173293985,0.5176342747401635,11.739274600594486,11.767301519442183,-0.9181383585968667,0.4822675452846763,0.4334653218096274,10.804454243936668,10.82171734799951,-0.7756800904012593,0.49565682150845924,0.5169868781635567,11.754722761510457,11.767301519442183,-0.9181383585968667,0.45469741824730797,0.43616389402429284,10.920095205669051,10.82171734799951,-0.7756800904012593
666.2082065233525,0.5226048157590919,0.528710564287794,11.843042809631804,11.844426496832927,-0.9390633227958862,0.4410726904242957,0.44689998780591556,11.021160739925469,10.97702604490587,-0.79337179794375,0.577589828584729,0.5393820026660455,11.831485160065972,11.844426496832927,-0.9390633227958862,0.44498805431227506,0.44708664533030207,11.035790979191828,10.97702604490587,-0.79337179794375,0.5308567623128496,0.5294584983710294,11.86477569559115,11.844426496832927,-0.9390633227958862,0.47731959599502893,0.443371924608443,11.014414972482758,10.97702604490587,-0.79337179794375,0.5228197839401373,0.5287963589091802,11.850331216677766,11.844426496832927,-0.9390633227958862,0.46388362274464406,0.4461320062519511,11.10209510910063,10.97702604490587,-0.79337179794375
673.799782055068,0.5316042459627754,0.540787007617162,11.902460139465717,11.906790250157606,-0.9604628596344656,0.44784898656326183,0.4571127927523857,11.163521457141004,11.125435734897994,-0.8114652680271534,0.5853325816344763,0.5517014184728508,11.910120250154423,11.906790250157606,-0.9604628596344656,0.44324813567286636,0.4573037042384338,11.146331035566687,11.125435734897994,-0.8114652680271534,0.5222699889989378,0.5415519719287888,11.909554456749932,11.906790250157606,-0.9604628596344656,0.4905776073346342,0.45350432262366097,11.150673063285943,11.125435734897994,-0.8114652680271534,0.5356949010959914,0.5408747557625488,11.892665387446051,11.906790250157606,-0.9604628596344656,0.4509890342079587,0.4563273086540671,11.149387783211234,11.125435734897994,-0.8114652680271534
681.4778651057385,0.5352464066976419,0.5531384111974954,11.943074701745168,11.953665448103925,-0.9823476445496848,0.4759653607957582,0.46755833645902056,11.298100183374414,11.265862793028296,-0.8299695558198174,0.6038769436433724,0.5643012943983637,11.949345441958803,11.953665448103925,-0.9823476445496848,0.48076151438604153,0.4677535983578701,11.301287431411803,11.265862793028296,-0.8299695558198174,0.545358963541004,0.553920791264769,11.948064725491145,11.953665448103925,-0.9823476445496848,0.49984255117246157,0.4638676362441,11.26716109080122,11.265862793028296,-0.8299695558198174,0.562073021836253,0.5532281570906746,11.964344249888708,11.953665448103925,-0.9823476445496848,0.4601298897660279,0.46675495297264863,11.309245007724554,11.265862793028296,-0.8299695558198174
689.243441445814,0.5454050333111378,0.5657709988847385,11.969121591543502,11.984488642785484,-1.004728590261228,0.4770587466989192,0.4782418953513348,11.384809025388497,11.397191990111974,-0.8488939181994009,0.5961310882451314,0.5771879775485385,11.960569274090732,11.984488642785484,-1.004728590261228,0.4778940383022521,0.4784416062813123,11.364128661645571,11.397191990111974,-0.8488939181994009,0.5662693445938721,0.5665711888753934,11.972245715784135,11.984488642785484,-1.004728590261228,0.5002556331440591,0.47446710093138345,11.350133440555325,11.397191990111974,-0.8488939181994009,0.5829577990142786,0.565862787740682,11.99375137039441,11.984488642785484,-1.004728590261228,0.4549695038380627,0.47742020671736196,11.332038344121292,11.397191990111974,-0.8488939181994009
697.0975080787985,0.58070750591304,0.5786911340064906,12.006139206442423,11.998881288507683,-1.0276168519795752,0.4888739892770744,0.48916886438365415,11.516574899808214,11.518295484838692,-0.8682478181826396,0.6200036636061497,0.5903679572214917,11.989663755260649,11.998881288507683,-1.0276168519795752,0.4796258882813964,0.48937312517790055,11.49975282934963,11.518295484838692,-0.8682478181826396,0.5934590002461583,0.5795095369199077,11.998121442853273,11.998881288507683,-1.0276168519795752,0.47177010562104194,0.48530806976905494,11.493987253507335,11.518295484838692,-0.8682478181826396,0.5861285991264017,0.5787850120532141,12.003602640215828,11.998881288507683,-1.0276168519795752,0.48142414077727985,0.48832845572863187,11.526287086970301,11.518295484838692,-0.8682478181826396
705.041073369247,0.5898046093908536,0.5919053224402749,11.99742340460881,11.996664355086292,-1.051023832728863,0.5183243785420367,0.5003447596619668,11.610301054561335,11.62805563381593,-0.8880409294518292,0.6501574269080499,0.6038478680444425,11.991578704713161,11.996664355086292,-1.051023832728863,0.4790838356230891,0.5005536734176771,11.601723477289964,11.62805563381593,-0.8880409294518292,0.5963154103490268,0.5927423503021547,11.983517896736283,11.996664355086292,-1.051023832728863,0.5059288909447854,0.49639601606562667,11.555613877624523,11.62805563381593,-0.8880409294518292,0.5983658595911242,0.5920013369411969,11.989140152469972,11.996664355086292,-1.051023832728863,0.46203671301269517,0.49948520679732467,11.63025078437567,11.62805563381593,-0.8880409294518292
713.0751571722311,0.6253649397684706,0.605420215758946,11.973829616087514,11.977865376740278,-1.074961188786251,0.5132816453776848,0.5117752211249245,11.711474732684296,11.725391144871068,-0.908283140980219,0.6717517533106814,0.6176344931798858,11.971026232256795,11.977865376740278,-1.074961188786251,0.5149902697653159,0.5119888932532978,11.729530734810426,11.725391144871068,-0.908283140980219,0.6036147667421105,0.6062762898202593,11.962810285709546,11.977865376740278,-1.074961188786251,0.5498020051493899,0.5077365360155615,11.682022902220417,11.725391144871068,-0.908283140980219,0.5999150093413247,0.605518415035816,11.952780232741894,11.977865376740278,-1.074961188786251,0.49540328941917416,0.5108960903408104,11.839508936844846,11.725391144871068,-0.908283140980219
721.2007909642747,0.6513525985418271,0.6192426144438716,11.936862551649103,11.942717362362753,-1.0994408352404212,0.5219169061071051,0.5234660152820709,11.82206979089746,11.809285722745408,-0.9289845617589856,0.6695428444846434,0.6317347676004313,11.933034639495952,11.942717362362753,-1.0994408352404212,0.5291877124010602,0.5236845535596664,11.820000800743065,11.809285722745408,-0.9289845617589856,0.614785654601976,0.6201181653847512,11.930870602096876,11.942717362362753,-1.0994408352404212,0.5749341810632291,0.5193353514169571,11.81893717099829,11.809285722745408,-0.9289845617589856,0.6367294099672035,0.6193430479000196,11.939572686868548,11.942717362362753,-1.0994408352404212,0.5340779815010686,0.522566863136958,11.882267942188223,11.809285722745408,-0.9289845617589856
729.4190179757824,0.655335689617232,0.6333794711687706,11.90508202147489,11.891649656564883,-1.1244749516727481,0.5327364654376759,0.5354230380126686,11.850647263354832,11.878817974952835,-0.9501555256274963,0.6562327563471775,0.6461557814356177,11.900131242658686,11.891649656564883,-1.1244749516727481,0.5366719803399276,0.5356465526334778,11.861076473710343,11.878817974952835,-0.9501555256274963,0.6263553731270534,0.6342749393059379,11.881438611046407,11.891649656564883,-1.1244749516727481,0.5406992942927236,0.5311983124490139,11.86566431892868,11.878817974952835,-0.9501555256274963,0.6505693607347259,0.6334821893128992,11.904017154598304,11.891649656564883,-1.1244749516727481,0.5305696960919997,0.534503411117897,11.898583606154455,11.878817974952835,-0.9501555256274963
737.7308933249774,0.6785065985878662,0.647837894154073,11.839502406261445,11.825271492122926,-1.1500759879618312,0.5169241469673019,0.5476523174240354,11.91415844919547,11.933191012005732,-0.9718065962083849,0.6537803240935864,0.6609047833908476,11.823882974512701,11.825271492122926,-1.1500759879618312,0.5831350809519398,0.5478809210529287,11.91726389668535,11.933191012005732,-0.9718065962083849,0.6306131898976325,0.6487537296534078,11.8209568588265,11.825271492122926,-1.1500759879618312,0.5632284224043733,0.5433314005093666,11.905524348688402,11.933191012005732,-0.9718065962083849,0.6697392271078341,0.6479429486247825,11.86175586324337,11.825271492122926,-1.1500759879618312,0.5339727770763483,0.5467117522242081,11.890325902975649,11.933191012005732,-0.9718065962083849
746.1374841533653,0.6913657742678547,0.6626251505947595,11.739371134895293,11.74434952466449,-1.1762566702161443,0.5345751279368579,0.5601600167726652,11.93583929786879,11.971759948531968,-0.9939485719526396,0.6769747421934524,0.6759891842409411,11.720869203868004,11.74434952466449,-1.1762566702161443,0.5813075626063755,0.560393824600212,11.919206804309022,11.971759948531968,-0.9939485719526396,0.651304856021904,0.6635618136884238,11.715412965791083,11.74434952466449,-1.1762566702161443,0.5759555372227023,0.5557407311132143,11.922133962093074,11.971759948531968,-0.9939485719526396,0.6847726185818294,0.6627325941852941,11.741123019220893,11.74434952466449,-1.1762566702161443,0.5671651008140672,0.5591980393213617,11.972877400847311,11.971759948531968,-0.9939485719526396
754.6398697627445,0.6979995404040731,0.6777486701627772,11.609860095464537,11.649781021637068,-1.2030300068362205,0.5584543341606364,0.5729524374491111,11.973616350295389,11.99405544560433,-1.016592491293794,0.6716287702386352,0.6914165603999599,11.626411478317737,11.649781021637068,-1.2030300068362205,0.5819057166631856,0.5731915672470402,11.995800327957186,11.99405544560433,-1.016592491293794,0.6731960226103254,0.6787066313706358,11.632453673313021,11.649781021637068,-1.2030300068362205,0.5942563266071108,0.5684325568554938,12.00969415702259,11.99405544560433,-1.016592491293794,0.7022753926631408,0.6778585568464934,11.637880306618278,11.649781021637068,-1.2030300068362205,0.6161819560917772,0.5719685631790105,11.872922014970738,11.99405544560433,-1.016592491293794
763.2391417537704,0.6932429081286744,0.693216048585048,11.528930200944849,11.542564554540718,-1.230409294709266,0.5705401094548607,0.5860360220269595,11.973158714927942,11.999801566799189,-1.0397496379159636,0.6828755266166282,0.7071946575682673,11.530849296826021,11.542564554540718,-1.230409294709266,0.5989714285909242,0.5862805942050574,12.001527869219151,11.999801566799189,-1.0397496379159636,0.6887247422620945,0.6941957889415307,11.54859455580229,11.542564554540718,-1.230409294709266,0.6136247860352935,0.5814132704370918,12.0162011762542,11.999801566799189,-1.0397496379159636,0.6999304393903264,0.6933284335415333,11.524467146655088,11.542564554540718,-1.230409294709266,0.6076994754486138,0.5850297555155026,11.89290622829205,11.999801566799189,-1.0397496379159636
771.9364041661066,0.7309873071111037,0.709035051300341,11.405514554185302,11.423770017096617,-1.258408125538214,0.5901570719904435,0.5994173573781945,11.996029673938724,11.988926559865792,-1.0634315461359414,0.7294743135425299,0.7233313944593478,11.408167626508698,11.423770017096617,-1.258408125538214,0.5942193004591507,0.5996674950429772,11.971846990281735,11.988926559865792,-1.0634315461359414,0.7057987353075909,0.7100370625858633,11.396827589586971,11.423770017096617,-1.258408125538214,0.5986554308020704,0.5946894077570484,11.99213003965978,11.988926559865792,-1.0634315461359414,0.7171156085827354,0.7091499909417267,11.423848570544461,11.423770017096617,-1.258408125538214,0.6018038773921555,0.5983881921085276,11.96428416718628,11.988926559865792,-1.0634315461359414
780.7327736201693,0.735676359903316,0.7252136171948648,11.29425420819106,11.294509594764692,-1.2870403923104017,0.6016612556699813,0.6131031778566233,11.954131246569515,11.961565694747227,-1.0876500064065373,0.7572953739539101,0.7398348666077557,11.27615890249056,11.294509594764692,-1.2870403923104017,0.6142732885579809,0.6133590068705171,11.975994425803949,11.961565694747227,-1.0876500064065373,0.7342701498842302,0.7262384021722411,11.275068599007264,11.294509594764692,-1.2870403923104017,0.5736798257392248,0.6082676510719666,11.966099033544097,11.961565694747227,-1.0876500064065373,0.7285773455911707,0.7253311691932782,11.28944527502821,11.294509594764692,-1.2870403923104017,0.6167364769691959,0.6120505959725058,12.012115076820267,11.961565694747227,-1.0876500064065373
789.6293794604869,0.7150832945606889,0.7417598624198225,11.14385535746747,11.15591099489773,-1.3163202959050693,0.605047166098121,0.6271003685504983,11.911914654035135,11.918055925351322,-1.1124170709361711,0.7789738641337549,0.7567133502599421,11.152988256523345,11.15591099489773,-1.3163202959050693,0.6130183778660578,0.6273620175924534,11.921886967736414,11.918055925351322,-1.1124170709361711,0.7575000009594696,0.7428079350759449,11.15133658571101,11.15591099489773,-1.3163202959050693,0.5477894342933869,0.6221548322236703,11.898416354739293,11.918055925351322,-1.1124170709361711,0.7265638136809484,0.7418800857347625,11.145373910165098,11.15591099489773,-1.3163202959050693,0.5986916162829574,0.6260238406060947,11.97618859486172,11.918055925351322,-1.1124170709361711
798.6273639006948,0.7490034341760714,0.7586820842920381,10.993047153934867,11.00909387101087,-1.346262351843874,0.6266010111624106,0.6414159686049269,11.833884181144898,11.858922811287114,-1.1377450594360832,0.7903797955535068,0.7739753063501732,11.002618007014929,11.00909387101087,-1.346262351843874,0.6438044051985257,0.6416835692327417,11.813053329099136,11.858922811287114,-1.1377450594360832,0.7770795242159124,0.7597539700849864,11.014703471680113,11.00909387101087,-1.346262351843874,0.5881027422222775,0.6363579359375587,11.81283436734305,11.858922811287114,-1.1377450594360832,0.7493768714053436,0.7588050391988831,11.014216125631286,11.00909387101087,-1.346262351843874,0.634922815856301,0.6403149533097409,11.868494764805506,11.858922811287114,-1.1377450594360832
807.7278821701804,0.7771635779509973,0.775988765279497,10.87247188539127,10.855149993535747,-1.376881397188643,0.631205030468955,0.6560571746176171,11.781972658877239,11.784860744503387,-1.1636465649899312,0.7890652912192713,0.7916293845629845,10.854978341980035,10.855149993535747,-1.376881397188643,0.651933987542999,0.6563308613313596,11.78064155374348,11.784860744503387,-1.1636465649899312,0.7947998136942246,0.7770850013908659,10.868289216866609,10.855149993535747,-1.376881397188643,0.6145125569997507,0.6508841031922853,11.768224221311474,11.784860744503387,-1.1636465649899312,0.7612393699676593,0.7761145133984886,10.859617864711556,10.855149993535747,-1.376881397188643,0.6389580378964206,0.6549311185754076,11.75535986000605,11.784860744503387,-1.1636465649899312
816.9321026624007,0.7885271110979313,0.7936885770743068,10.694472598117386,10.695127374995897,-1.4081925975850573,0.6421521463315082,0.6710313441080497,11.712316999043315,11.696707994500041,-1.1901344600545167,0.8320251700342367,0.8096844274846018,10.67597527092593,10.695127374995897,-1.4081925975850573,0.6677608936141217,0.6713112544147083,11.705411427616022,11.696707994500041,-1.1901344600545167,0.8279548507325089,0.794809712666745,10.690806613323717,10.695127374995897,-1.4081925975850573,0.5795644260184698,0.6657406346627133,11.708178458540917,11.696707994500041,-1.1901344600545167,0.7877481470036448,0.7938171813999805,10.682808637997411,10.695127374995897,-1.4081925975850573,0.6472425256234098,0.6698796815499681,11.648823307490444,11.696707994500041,-1.1901344600545167
826.2412070848893,0.8077998886369893,0.8117903847540554,10.517808712897853,10.530018276141753,-1.4402114544579738,0.6860513213999618,0.6863459990618128,11.594953996461294,11.595418362599526,-1.2172219025897344,0.8564925496252953,0.8281494748449207,10.53342084134909,10.530018276141753,-1.4402114544579738,0.6770860156726419,0.6866322735417231,11.584260701530825,11.595418362599526,-1.2172219025897344,0.8301240110883213,0.8129369812353187,10.5380995305829,10.530018276141753,-1.4402114544579738,0.6151308064812024,0.680934994238098,11.593636123790095,11.595418362599526,-1.2172219025897344,0.8103187291113988,0.8119219096857311,10.508704335500394,10.530018276141753,-1.4402114544579738,0.697502011635416,0.6851681515740073,11.620479544737867,11.595418362599526,-1.2172219025897344
835.6563906109734,0.8253011594911117,0.8303032510347121,10.34938089816568,10.36075081244414,-1.47295381235869,0.6931000637139847,0.7020088295525789,11.446992826532112,11.482031304511708,-1.2449223423237403,0.8956795811935456,0.8470337678523274,10.332086447043503,10.36075081244414,-1.47295381235869,0.6826419282410923,0.7023016119269236,11.43617982331205,11.482031304511708,-1.2449223423237403,0.8385500290288078,0.8314758823263092,10.321642436104048,10.36075081244414,-1.47295381235869,0.5897133393648364,0.6964748126162662,11.436554418953207,11.482031304511708,-1.2449223423237403,0.8272332390503875,0.8304377624071256,10.341806623562405,10.36075081244414,-1.47295381235869,0.723795749217979,0.7008042057978157,11.48493511263508,11.482031304511708,-1.2449223423237403
845.1788620332188,0.8459473139981599,0.8492364406160323,10.211703951328836,10.188183746693912,-1.5064358664677453,0.7082163352999161,0.7180276974426107,11.341132184749958,11.357642259388449,-1.2732495271539814,0.9053953441950902,0.8663467536233111,10.194206882844194,10.188183746693912,-1.5064358664677453,0.7219027616217444,0.7183271346426989,11.330713031783885,11.357642259388449,-1.2732495271539814,0.8619515281707656,0.8504356934288577,10.20213996489088,10.188183746693912,-1.5064358664677453,0.6698027671839792,0.7123678909767399,11.334586624919307,11.357642259388449,-1.2732495271539814,0.8391641243140503,0.849374005730864,10.193889765005395,10.188183746693912,-1.5064358664677453,0.7348183482613899,0.7167956928756349,11.383935396735533,11.357642259388449,-1.2732495271539814
854.8098439186238,0.8616171414384086,0.8685994246223699,10.036397798462186,10.0131039844109,-1.5406741702522178,0.7321617003273532,0.7344106401640917,11.239821004865957,11.223374657128229,-1.3022175096883981,0.8972920140826672,0.8860980897092253,10.03208631916633,10.0131039844109,-1.5406741702522178,0.7250560314260808,0.734716882401852,11.268239362255015,11.223374657128229,-1.3022175096883981,0.8642636206431952,0.8698258987375523,10.00844222713466,10.0131039844109,-1.5406741702522178,0.6599001417966459,0.7286222047331897,11.255689099235699,11.223374657128229,-1.3022175096883981,0.8375001631268238,0.8687401122807769,10.000036544155236,10.0131039844109,-1.5406741702522178,0.7660753438866104,0.7331506367409093,11.336525825854372,11.223374657128229,-1.3022175096883981
864.5505727655817,0.9052580295069179,0.8884018851407016,9.849519995311741,9.836226271098102,-1.5756856432831952,0.7342182253650159,0.7511658745824824,11.070839172311667,11.080354721204218,-1.3318406539261542,0.9123741654039583,0.9062976487220537,9.828660164821935,9.836226271098102,-1.5756856432831952,0.7322702275182875,0.751479075422921,11.066093923788989,11.080354721204218,-1.3318406539261542,0.8847289357963483,0.8896561936970424,9.848154740392621,9.836226271098102,-1.5756856432831952,0.7793164605043064,0.7452459073679858,11.081989756652824,11.080354721204218,-1.3318406539261542,0.8676617336077447,0.888545765676084,9.808496441321584,9.836226271098102,-1.5756856432831952,0.7700064419210635,0.7498772404638154,11.107166773474548,11.080354721204218,-1.3318406539261542
874.4022991626323,0.9262591749004196,0.9086537198578964,9.651656716604588,9.658194610139537,-1.6114875792115453,0.752239008455991,0.7683018009449399,10.899631682778208,10.92968979945968,-1.3621336420857713,0.8958754653400205,0.9269555230617572,9.638645104916092,9.658194610139537,-1.6114875792115453,0.7397740327476816,0.7686221173795151,10.874294196178086,10.92968979945968,-1.3621336420857713,0.9364583890350126,0.9099364896455493,9.632659875824976,9.658194610139537,-1.6114875792115453,0.6874249009228262,0.7622473343506325,10.884358824154397,10.92968979945968,-1.3621336420857713,0.9085256102532545,0.9088008651695909,9.663076209125634,9.658194610139537,-1.6114875792115453,0.7718721757257556,0.7669838901919268,10.740696019846228,10.92968979945968,-1.3621336420857713
884.3662879490211,0.9613065380396082,0.9293650468001047,9.50752945771379,9.479584963991632,-1.6480976539029766,0.7673081609309805,0.7858270069138301,10.722061884009113,10.772450589202956,-1.3931114815775345,0.8193650544611955,0.9480820297473941,9.468537691202956,9.479584963991632,-1.6480976539029766,0.7805253857153565,0.7861545994362527,10.712622308673561,10.772450589202956,-1.3931114815775345,0.9422118718193587,0.9306769185606352,9.456032673217615,9.479584963991632,-1.6480976539029766,0.6761468361307852,0.7796350071411519,10.724855967578854,10.772450589202956,-1.3931114815775345,0.9506775996741273,0.9295155303878195,9.488131125944065,9.479584963991632,-1.6480976539029766,0.7878848077984217,0.7844791591786549,10.325899364008885,10.772450589202956,-1.3931114815775345
894.4438183770893,0.9587955859000596,0.9505462091758092,9.293456458214376,9.300908858315154,-1.6855339337358304,0.800363381949243,0.8037502716893272,10.58932793215998,10.60965730894052,-1.424789512126822,0.855614820488094,0.9696877153541572,9.317646330001294,9.300908858315154,-1.6855339337358304,0.8144546182728964,0.8040853043722386,10.57400511238002,10.60965730894052,-1.424789512126822,0.9346274937908973,0.9518878379085326,9.286334294743964,9.300908858315154,-1.6855339337358304,0.6847953188473586,0.7974176372809083,10.599303609932033,10.60965730894052,-1.424789512126822,0.9638338952411493,0.9507001061748149,9.330417708966852,9.300908858315154,-1.6855339337358304,0.8079650504731803,0.80237181189789,10.355496795544058,10.60965730894052,-1.424789512126822
904.6361842765143,0.9833335864942472,0.9722077803251251,9.137829338102655,9.122617570632727,-1.723814884058128,0.8050449585450253,0.8220805702214163,10.390378070966245,10.442269625893946,-1.4571834130479613,0.9367119104788713,0.9917833610587511,9.147280374661579,9.122617570632727,-1.723814884058128,0.8353622160412781,0.8224232107953047,10.421978475902778,10.442269625893946,-1.4571834130479613,0.9536657769125213,0.9735798356010293,9.096690493621788,9.122617570632727,-1.723814884058128,0.7578077590940584,0.815604130573581,10.425289439676703,10.442269625893946,-1.4571834130479613,0.9721279903647909,0.9723651675421827,9.1303135879498,9.122617570632727,-1.723814884058128,0.8318435535646829,0.8206708082494496,10.276030420897742,10.442269625893946,-1.4571834130479613
914.9446942204207,0.9838034773751654,0.994360568778123,8.959299940669307,8.945106645829497,-1.762959377804919,0.8150270473199052,0.8408270775142468,10.276574807688233,10.271179980325973,-1.49030921067185,0.9656146079532824,1.0143799877962159,8.970364718759603,8.945106645829497,-1.762959377804919,0.8493413286314668,0.8411774974475784,10.276827235896144,10.271179980325973,-1.49030921067185,0.9961723777071348,0.9957637350597472,8.9792275335784,8.945106645829497,-1.762959377804919,0.7673108975093985,0.8342035913563618,10.2957550060651,10.271179980325973,-1.49030921067185,0.9844531177447612,0.9945215247282173,8.969689077878037,8.945106645829497,-1.762959377804919,0.847019608478474,0.8393853078565484,10.230698043762098,10.271179980325973,-1.49030921067185
925.3706716933845,1.0252243153292897,1.0170156234243537,8.759941750710723,8.768720536938035,-1.802986704275325,0.8425395485487891,0.8599991730243224,10.0432957831347,10.097209849132652,-1.5241832859299493,1.0274050041429716,1.0374888615294744,8.77210015072792,8.768720536938035,-1.802986704275325,0.8573712135252078,0.8603575476062953,10.072280035872213,10.097209849132652,-1.5241832859299493,1.0175721615177322,1.0184506003931146,8.73937425057627,8.768720536938035,-1.802986704275325,0.8049756046647278,0.8532253268655492,10.098660102555954,10.097209849132652,-1.5241832859299493,1.0102972016828011,1.0171802283683045,8.74719146649604,8.768720536938035,-1.802986704275325,0.8174428303049355,0.8585246744568353,9.98763531349468,10.097209849132652,-1.5241832859299493
935.9154552613551,1.022883678070624,1.0401842387956424,8.545899555500505,8.593757218856744,-1.8439165780654392,0.8772563291598062,0.8796064451559337,9.890991778855964,9.921108450670953,-1.55882238209422,1.060463575117994,1.061121498635035,8.552742321023088,8.593757218856744,-1.8439165780654392,0.8878739613553597,0.8799729535798799,9.879747455368074,9.921108450670953,-1.55882238209422,1.0313119691958816,1.0416517416866515,8.552408178688973,8.593757218856744,-1.8439165780654392,0.8380578601169208,0.8726788516970971,9.895522914029055,9.921108450670953,-1.55882238209422,1.0489102978151137,1.0403525747783815,8.572616014708771,8.593757218856744,-1.8439165780654392,0.8633216937427208,0.8780984803896884,9.821212889726409,9.921108450670953,-1.55882238209422
946.5803987435057,1.0320852160908347,1.0638779604654645,8.392732066465424,8.42047266449708,-1.885769148156463,0.9034365746512131,0.8996586958540503,9.70050542480338,9.743553396406224,-1.594243612677451,1.0644381195029893,1.0852896714073927,8.399967775284209,8.42047266449708,-1.885769148156463,0.9120215224903374,0.9000335213034572,9.71897410772913,9.743553396406224,-1.594243612677451,1.065711777979976,1.0653787204091136,8.40737046398897,8.42047266449708,-1.885769148156463,0.8233455338629572,0.8925738923652413,9.707584191653961,9.743553396406224,-1.594243612677451,1.07250070445073,1.0640501113553815,8.410906333237552,8.42047266449708,-1.885769148156463,0.8950368551040329,0.8981165111822969,9.592375503482794,9.743553396406224,-1.594243612677451
957.3668713860501,1.0767442049596705,1.0881085905669754,8.223255996477214,8.2490851070432,-1.9285650071513074,0.931047999638846,0.9201659452979523,9.571790449286143,9.565152828740635,-1.6304644694908954,1.102914906115815,1.110005413684034,8.226339399002905,8.2490851070432,-1.9285650071513074,0.9214256792297872,0.9205492750343813,9.560246257476797,9.565152828740635,-1.6304644694908954,1.0904023256486879,1.0896433549383224,8.225341264255091,8.2490851070432,-1.9285650071513074,0.9869631389716549,0.9129203919607491,9.590109998649943,9.565152828740635,-1.6304644694908954,1.1123673481170377,1.0882846420958598,8.259797858898164,8.2490851070432,-1.9285650071513074,0.9107513883393972,0.918588770235328,9.622515705970608,9.565152828740635,-1.6304644694908954
968.2762580380361,1.091860302815107,1.1128881934322072,8.082247063806129,8.079779039364896,-1.9723252006569307,0.9389179773401147,0.9411384366988217,9.368098323437797,9.386448636326802,-1.6675028308660413,1.1303174907271276,1.1352810265945286,8.071747330520145,8.079779039364896,-1.9723252006569307,0.9381402214546268,0.9415304621511956,9.385352799053804,9.386448636326802,-1.6675028308660413,1.1162690778619704,1.11445772620831,8.076053473847454,8.079779039364896,-1.9723252006569307,0.9771323037452664,0.9337285149115425,9.361609693304324,9.386448636326802,-1.6675028308660413,1.1195976347757948,1.113068233236296,8.091626737955764,8.079779039364896,-1.9723252006569307,0.920182699096278,0.939525483612532,9.4424786892258,9.386448636326802,-1.6675028308660413
979.3099593291428,1.1228786452161084,1.1382291013555381,7.881651106619535,7.912708922870733,-2.0170712368048944,0.9617108983032915,0.9625866412016091,9.21199092234374,9.207920398639825,-1.7053769700331278,1.1536432771646346,1.1611290844357316,7.900880710635637,7.912708922870733,-2.0170712368048944,0.9425089803592384,0.9629875580580517,9.23872747000445,9.207920398639825,-1.7053769700331278,1.1480973716400256,1.139834183480037,7.906243333826432,7.912708922870733,-2.0170712368048944,0.943586616784204,0.9550086518476764,9.19079849379974,9.207920398639825,-1.7053769700331278,1.1362035563111426,1.1384132190173117,7.892132481778155,7.912708922870733,-2.0170712368048944,0.949316387790647,0.9609371049343298,9.28848992666211,9.207920398639825,-1.7053769700331278
990.4693918495043,1.1622655785868299,1.1641439204838058,7.741566248931192,7.748002594039484,-2.062825095900446,0.9974536381253004,0.9845212628950255,9.080896686704639,9.029989773413137,-1.7441055636636493,1.1524448968993695,1.1875624406761938,7.722499933085115,7.748002594039484,-2.062825095900446,0.971270952705054,0.9849312711964417,9.100913063424224,9.029989773413137,-1.7441055636636493,1.1782940156423776,1.1657853502400677,7.756946208642021,7.748002594039484,-2.062825095900446,0.9101133019523271,0.9767714245735669,9.107728819676936,9.029989773413137,-1.7441055636636493,1.1567228716426974,1.1643322075747178,7.734666421310017,7.748002594039484,-2.062825095900446,0.9747703998482551,0.9828343203799266,9.154665248795206,9.029989773413137,-1.7441055636636493
1001.7559883315811,1.1841923631862772,1.1906455368354045,7.605263639291294,7.585764368682973,-2.1096092401923614,0.9847052394459156,1.0069532439314526,8.836681415814185,8.853025099300408,-1.7837077005703306,1.137398797528712,1.2145942340922558,7.594248112212154,7.585764368682973,-2.1096092401923614,1.0009998560176951,1.0073725481671445,8.863850420452538,8.853025099300408,-1.7837077005703306,1.2069589891479977,1.1923241302276177,7.58961935909413,7.585764368682973,-2.1096092401923614,0.958791155070001,0.9990276911484604,8.88896745858412,8.853025099300408,-1.7837077005703306,1.2022213155508452,1.1908380869598316,7.587563149877493,7.585764368682973,-2.1096092401923614,0.9961062814029995,1.0052280537985352,8.723521517389022,8.853025099300408,-1.7837077005703306
1013.1711978341091,1.2037160623974652,1.217747122451867,7.433664613128918,7.426077852190806,-2.157446623751015,1.0041294303601127,1.0298937697597967,8.713899622174852,8.677346038738795,-1.8242028905654009,1.1271892072976306,1.2422378950383854,7.443752345763259,7.426077852190806,-2.157446623751015,1.044972424702105,1.030322578965202,8.706974689136272,8.677346038738795,-1.8242028905654009,1.237819649063914,1.219463713594575,7.45512679782873,7.426077852190806,-2.157446623751015,0.9776097029306943,1.0217885510798375,8.698770354916327,8.677346038738795,-1.8242028905654009,1.2355507229642533,1.217944031291587,7.414992401654601,7.426077852190806,-2.157446623751015,1.0430475450103331,1.0281294719334049,8.268421555463556,8.677346038738795,-1.8242028905654009
1024.716485928135,1.2398463750084476,1.245462141684355,7.282478329185987,7.2690084696794575,-2.206360702436576,1.0321108940059602,1.053354274472757,8.469405560011497,8.503228131422047,-1.8656110734759048,1.218798904859058,1.270507151855287,7.295297042107383,7.2690084696794575,-2.206360702436576,1.0542192916238617,1.0537928023295375,8.480756455670301,8.503228131422047,-1.8656110734759048,1.2589065565376123,1.2472175832003283,7.28662704562002,7.2690084696794575,-2.206360702436576,0.9892279562054309,1.045065350629912,8.453701245231034,8.503228131422047,-1.8656110734759048,1.2609527750616762,1.2456635070443505,7.3126276480748515,7.2690084696794575,-2.206360702436576,1.0746977886588611,1.0515499897607645,8.158427743752272,8.503228131422047,-1.8656110734759048
1036.3933348851806,1.2701753703908987,1.2738043576170024,7.081296666795718,7.11460573337952,-2.2563754439449455,1.1016563038461094,1.0773464462722941,8.274687512217513,8.33090716663054,-1.9079526283086512,1.2370986061344253,1.2994160374172639,7.09502367539793,7.11460573337952,-2.2563754439449455,1.0560381836905064,1.0777949112103047,8.275103755091324,8.33090716663054,-1.9079526283086512,1.2811743152333135,1.275599521043985,7.094053306070191,7.11460573337952,-2.2563754439449455,0.9729469874462477,1.068869688239868,8.287189632505438,8.33090716663054,-1.9079526283086512,1.2867869200627076,1.2740102794717396,7.104659285864248,7.11460573337952,-2.2563754439449455,1.0704297759141939,1.0755012759455498,8.104773037286707,8.33090716663054,-1.9079526283086512
1048.2032438675485,1.2911521716017271,1.302787838630723,6.946377869816486,6.962905266563978,-2.3075153379075473,1.1043813813103966,1.1018822330550402,8.15052816633026,8.160583313138863,-1.9512483825642861,1.3146820023312116,1.328978895822058,6.961899053456489,6.962905266563978,-2.3075153379075473,1.064194382034997,1.1023408583567815,8.138498912731682,8.160583313138863,-1.9512483825642861,1.2925124645339514,1.3046236148371169,6.953249422336129,6.962905266563978,-2.3075153379075473,1.0729575531037714,1.0932134200724093,8.171470163233145,8.160583313138863,-1.9512483825642861,1.3165953623511029,1.3029984191723762,6.947637180048417,6.962905266563978,-2.3075153379075473,1.087710183896151,1.0999952584182733,7.988318446542885,8.160583313138863,-1.9512483825642861
1060.1477291207946,1.3242073339563307,1.3324269651101275,6.822531330312162,6.813930604122288,-2.359805406019385,1.1692924421009643,1.12697384812071,8.053196852520097,7.992424969544175,-1.995519621691745,1.3374564699964657,1.359210389226334,6.833317149314106,6.813930604122288,-2.359805406019385,1.1010301648815064,1.1274428620277996,8.019751714624169,7.992424969544175,-1.995519621691745,1.3224982844298572,1.334304264719528,6.79350786191742,6.813930604122288,-2.359805406019385,1.0533700633728866,1.1181086656766834,8.017439912717276,7.992424969544175,-1.995519621691745,1.3301090570796261,1.3326423087969983,6.795563766335771,6.813930604122288,-2.359805406019385,1.1104923645641926,1.1250441300733869,7.87602104866447,7.992424969544175,-1.995519621691745
1072.2283241683956,1.3606277587973745,1.362736436295354,6.671257690946873,6.667694789783928,-2.4132712121713147,1.1724926096725063,1.152633776005561,7.810584473326904,7.82657231620415,-2.040788098677908,1.3606878668742417,1.390125504828371,6.668402921073331,6.667694789783928,-2.4132712121713147,1.1096778551215776,1.1531134118281232,7.789424085335425,7.82657231620415,-2.040788098677908,1.3494795104710902,1.3646561901201437,6.6709140124850075,6.667694789783928,-2.4132712121713147,1.0629147091227669,1.1435678137780205,7.7862261319297374,7.82657231620415,-2.040788098677908,1.3502564471689538,1.362956649901426,6.640723948338387,6.667694789783928,-2.4132712121713147,1.1441999161836465,1.150660354593477,7.658930617867367,7.82657231620415,-2.040788098677908
1084.4465800086346,1.371242871929102,1.3937312772820887,6.519448622710384,6.524201789454361,-2.467938872548266,1.2026325117408128,1.1788747784447153,7.674585723081239,7.6631405636446095,-2.087076043760548,1.379424503673936,1.421739562000917,6.504777926521691,6.524201789454361,-2.467938872548266,1.1274802906860968,1.1793652746724832,7.62435146586382,7.6631405636446095,-2.087076043760548,1.3818809268910732,1.395694436766789,6.513574152045931,6.524201789454361,-2.467938872548266,1.1822025651502823,1.1696035281947146,7.671492894426326,7.6631405636446095,-2.087076043760548,1.3714991678002533,1.393956469948353,6.505648209580595,6.524201789454361,-2.467938872548266,1.1566073305965412,1.1768566724016203,7.560929896094952,7.6631405636446095,-2.087076043760548
1096.8040653137298,1.4023426256585945,1.425426846172019,6.395557940502743,6.383447739127893,-2.523835065658548,1.1955857655167783,1.205709900464733,7.532377044325719,7.502222902152274,-2.134406174256272,1.376031950487595,1.4540682195766772,6.3813517479361765,6.383447739127893,-2.523835065658548,1.1783637249034262,1.2062115008809677,7.5149109419332225,7.502222902152274,-2.134406174256272,1.4093808018118372,1.427434383845779,6.379240016217879,6.383447739127893,-2.523835065658548,1.1438690656370287,1.1962287538838527,7.5351300718612215,7.502222902152274,-2.134406174256272,1.4234150405354078,1.4256571294578677,6.391453181837299,6.383447739127893,-2.523835065658548,1.176131571327433,1.203646106743951,7.355237185812659,7.502222902152274,-2.134406174256272
1109.3023666312324,1.4356516192958895,1.457838841375776,6.274163832112182,6.245422044628937,-2.580987042244845,1.2089246049476579,1.2331524766101596,7.39246505618642,7.343893164063179,-2.182801704487254,1.4457170285426648,1.487127483287922,6.255461223249676,6.245422044628937,-2.580987042244845,1.2142328409362895,1.2336654304079517,7.4002775642484115,7.343893164063179,-2.182801704487254,1.4594195922832773,1.45989175131461,6.269243351935974,6.245422044628937,-2.580987042244845,1.272867429039822,1.223456723121598,7.376266520120716,7.343893164063179,-2.182801704487254,1.4468937650905445,1.4580743293124154,6.26836494834421,6.245422044628937,-2.580987042244845,1.2185557559709446,1.2310419699057682,7.379303630509402,7.343893164063179,-2.182801704487254
1121.9430885877196,1.4557390519481468,1.4909833090706286,6.075920489167877,6.1101083491653085,-2.6394226350297694,1.2509320829801673,1.2612161373061537,7.200595399687564,7.188208214655562,-2.232286355792935,1.4636893302039922,1.5209337133637193,6.083945806794479,6.1101083491653085,-2.6394226350297694,1.2571059166839005,1.2617406992073723,7.175875263499267,7.188208214655562,-2.232286355792935,1.4824405459301764,1.4930826073695993,6.084739028753259,6.1101083491653085,-2.6394226350297694,1.272369574426202,1.2513009618170097,7.187825261923816,7.188208214655562,-2.232286355792935,1.4830686327098035,1.491224118215169,6.103442565062746,6.1101083491653085,-2.6394226350297694,1.2683286411886259,1.2590578695639065,7.195702240324565,7.188208214655562,-2.232286355792935
1134.7278540948093,1.5022207389695732,1.5248766508158753,5.977760894656014,5.977485383257748,-2.6991702682319567,1.286863971107035,1.289914815360052,7.062914784978271,7.03521009017273,-2.282884366606411,1.5610076216841846,1.5555036322840887,5.982442511378534,5.977485383257748,-2.6991702682319567,1.3093979039752766,1.2904512457368476,7.033274387467531,7.03521009017273,-2.282884366606411,1.5198690853758576,1.5270233760705665,5.975460480847279,5.977485383257748,-2.6991702682319567,1.2243077198702377,1.2797752959649686,7.025321573325222,7.03521009017273,-2.282884366606411,1.518764808439458,1.5251229003063282,5.991115802911729,5.977485383257748,-2.6991702682319567,1.3289131324755716,1.2877077152774028,7.072174096296302,7.03521009017273,-2.282884366606411
1147.658304557521,1.5497669805261014,1.5595356313254776,5.854242201916686,5.847527710350912,-2.760258966783881,1.2887943728182343,1.3192627526047362,6.879553664962994,6.884927902846575,-2.33462050257182,1.5411810545495128,1.5908543326957836,5.873881803855981,5.847527710350912,-2.760258966783881,1.3178894244024901,1.319811317603683,6.87609600581938,6.884927902846575,-2.33462050257182,1.5287657314551188,1.561730845124206,5.852895951198069,5.847527710350912,-2.760258966783881,1.1027134247652999,1.3088938582393006,6.880505692494097,6.884927902846575,-2.33462050257182,1.5673740060291528,1.559787442937387,5.8858189198376,5.847527710350912,-2.760258966783881,1.3616187419486516,1.3170057251205352,6.703627101063479,6.884927902846575,-2.33462050257182
1160.7361000850121,1.5818739491244715,1.5949773864017698,5.709422173126415,5.7202063800332725,-2.8227183651729852,1.316555311910566,1.349274506686138,6.764986772751544,6.73737953301739,-2.3875200666800946,1.6267612595153351,1.6270032854878442,5.735978630062836,5.7202063800332725,-2.8227183651729852,1.3121962974099217,1.3498354783548139,6.743439180656593,6.73737953301739,-2.3875200666800946,1.5837887754123605,1.5972221738274763,5.707312930026284,5.7202063800332725,-2.8227183651729852,1.243142450686003,1.3386710947297678,6.744123091644255,6.73737953301739,-2.3875200666800946,1.6125861637208785,1.5952348846059876,5.747244716584298,5.7202063800332725,-2.8227183651729852,1.3601606025443276,1.3469664324584019,6.505094998403412,6.73737953301739,-2.3875200666800946
1173.9629197037154,1.6118715711855567,1.631219431030453,5.570615966034253,5.595489499619682,-2.8865787158126146,1.3717383063065043,1.3799649579976283,6.532451856214048,6.592573128158956,-2.441608909386277,1.5842717228036896,1.6639683480295642,5.550024741555807,5.595489499619682,-2.8865787158126146,1.3753952162877132,1.380538614414464,6.510612459017138,6.592573128158956,-2.441608909386277,1.6235077156437383,1.6335149011725076,5.583976296781089,5.595489499619682,-2.8865787158126146,1.0863945712022716,1.3691217718240574,6.539219280242026,6.592573128158956,-2.441608909386277,1.6518254334524847,1.6314827430515217,5.587207478499543,5.595489499619682,-2.8865787158126146,1.3769357640462638,1.3776046928708106,6.270844484340619,6.592573128158956,-2.441608909386277
1187.3404615729053,1.6499125608382565,1.6682796676368223,5.4520316413588175,5.473342733729121,-2.9518708968375096,1.4315766117507494,1.4113493167637512,6.4090196609972585,6.450508427774873,-2.4969134386774026,1.5958603179323467,1.7017677725712912,5.438917683588454,5.473342733729121,-2.9518708968375096,1.4069884864390962,1.4119359421702566,6.4126861384957,6.450508427774873,-2.4969134386774026,1.6841798540921273,1.6706269541135979,5.478936009450828,5.473342733729121,-2.9518708968375096,1.3069451962626513,1.4002609832392081,6.418763171992534,6.450508427774873,-2.4969134386774026,1.6967499017126904,1.6685489235130282,5.440264094375912,5.473342733729121,-2.9518708968375096,1.4616890002358944,1.4089356912240754,6.113470864426675,6.450508427774873,-2.4969134386774026
1200.8704432027198,1.7289347181095887,1.706176394505135,5.374109081781316,5.353729740371202,-3.0186264192020595,1.4482677976234548,1.4434431302756545,6.252503830388444,6.311177932020269,-2.553460630046534,1.6930002016558858,1.740420214806608,5.33749312219543,5.353729740371202,-3.0186264192020595,1.44018724622737,1.4440430152113282,6.248596955928028,6.311177932020269,-2.553460630046534,1.7206657324799137,1.7085766559959437,5.360757728414684,5.353729740371202,-3.0186264192020595,1.3358810653208995,1.4321041572038848,6.2710245983704525,6.311177932020269,-2.553460630046534,1.7398978640535048,1.7064517271496593,5.358110110231845,5.353729740371202,-3.0186264192020595,1.4607811146549474,1.4409749488948416,6.1891279415050215,6.311177932020269,-2.553460630046534
1214.5546016746684,1.7561726064181225,1.7449283143597527,5.259468682950874,5.23661255119004,-3.0868774329457223,1.4822777589211569,1.4762622902798819,6.184264526574149,6.174567930640733,-2.611278036325064,1.7794902547157725,1.779944742596244,5.241715818998718,5.23661255119004,-3.0868774329457223,1.4653992992889178,1.4768757317206442,6.106238118280973,6.174567930640733,-2.611278036325064,1.7538661210921005,1.747382735147553,5.270985291899501,5.23661255119004,-3.0868774329457223,1.4072967470774547,1.4646670637925452,6.201691936678667,6.174567930640733,-2.611278036325064,1.7623064547040221,1.745209859622645,5.282016831727361,5.23661255119004,-3.0868774329457223,1.4956060363393016,1.473738331147815,6.114723077212621,6.174567930640733,-2.611278036325064
1228.3946938646504,1.8025725850346073,1.7845545431073764,5.124216012914512,5.121951902570593,-3.1566567324603194,1.5493358668539123,1.5098230405245214,6.050098764665438,6.040659407508546,-2.6703937973156138,1.8207511748403724,1.8203608448521968,5.099510476566061,5.121951902570593,-3.1566567324603194,1.4793412473851957,1.5104503420234505,5.9567212742526,6.040659407508546,-2.6703937973156138,1.7928261452990937,1.787064333631384,5.0991508319059955,5.121951902570593,-3.1566567324603194,1.3643341855458058,1.497965822416361,6.033968911661123,6.040659407508546,-2.6703937973156138,1.7995292265355949,1.7848424398393845,5.160663622779005,5.121951902570593,-3.1566567324603194,1.4924138183647047,1.507242054668694,6.06886703564441,6.040659407508546,-2.6703937973156138
1242.3924966685165,1.8604008664100038,1.8250746187393132,5.032747595898377,5.009707523599789,-3.2279977605844703,1.583743183643353,1.5441419844615916,5.914876285018688,5.909428834605603,-2.730836649162347,1.8553129144482958,1.8616884405786713,4.98997185639593,5.009707523599789,-3.2279977605844703,1.5231695147022952,1.544783456292612,5.888954729823463,5.909428834605603,-2.730836649162347,1.8258404037096574,1.8276410161574332,5.002973542121453,5.009707523599789,-3.2279977605844703,1.3958108654302581,1.5320169094709113,5.89269498678307,5.909428834605603,-2.730836649162347,1.851790203371761,1.8253690088559873,5.039298592787148,5.009707523599789,-3.2279977605844703,1.5468441709958982,1.5415026952556508,5.948929371144886,5.909428834605603,-2.730836649162347
1256.5498072302037,1.895414874347143,1.8665085103909527,4.920757022619678,4.899838386124962,-3.300934611312099,1.6601343605821661,1.5792360931099794,5.810326622684474,5.780848868065966,-2.7926359333838873,1.9174341875104566,1.9039478880680758,4.919515292962687,4.899838386124962,-3.300934611312099,1.6006324505623963,1.579892052415005,5.735952768869235,5.780848868065966,-2.7926359333838873,1.8668995757550084,1.8691327791516352,4.907328422069157,4.899838386124962,-3.300934611312099,1.3985452609981603,1.566837166142288,5.813539892345627,5.780848868065966,-2.7926359333838873,1.8763140792015434,1.8668095389384796,4.934459747173513,4.899838386124962,-3.300934611312099,1.5961209854999525,1.5765371956695293,5.720814439796883,5.780848868065966,-2.7926359333838873
1270.868443172459,1.94667402958725,1.9088766275544673,4.80367601094425,4.792302921558366,-3.375502030877901,1.669412153704478,1.6151227130789991,5.689297165803906,5.654888957602397,-2.855821605481112,1.9312200817742862,1.9471599942463897,4.786495645740026,4.792302921558366,-3.375502030877901,1.6034062574925612,1.6157934840172838,5.608732866794823,5.654888957602397,-2.855821605481112,1.9223460266780938,1.911560059978836,4.7664539265745,4.792302921558366,-3.375502030877901,1.5223893767694445,1.6024438063741298,5.6455135589792285,5.654888957602397,-2.855821605481112,1.9307540845929743,1.9091844427764384,4.783649137031901,4.792302921558366,-3.375502030877901,1.6434840546687057,1.6123628736449513,5.518257865791967,5.654888957602397,-2.855821605481112
1285.3502428302047,1.972572033034915,1.95219982944163,4.691961987260064,4.687059208533323,-3.4517354169516077,1.6997522951078103,1.6518195747530229,5.5517133792457285,5.531515879420401,-2.9204242430214666,1.9580542439325916,1.991346024162501,4.671173761320223,4.687059208533323,-3.4517354169516077,1.64476252157647,1.6525054886545323,5.5307284338219835,5.531515879420401,-2.9204242430214666,1.9469031040185085,1.9549437463143058,4.669075792604759,4.687059208533323,-3.4517354169516077,1.5371671874140365,1.6388544249959667,5.549625675750093,5.531515879420401,-2.9204242430214666,1.964948833120372,1.9525145828467994,4.686024399290758,4.687059208533323,-3.4517354169516077,1.6617864455278537,1.6489974300633379,5.428433919761145,5.531515879420401,-2.9204242430214666
1299.9970654865576,2.002608318353787,1.9964994344893743,4.591582219235138,4.584065134990397,-3.5296708156247893,1.7259040568583082,1.689344800639554,5.398577695609016,5.41069420170626,-2.9864750530897926,1.998320011355021,2.0365277106150557,4.587464814934724,4.584065134990397,-3.5296708156247893,1.6409974254264226,1.6900461961602555,5.383911778952622,5.41069420170626,-2.9864750530897926,2.0034235664609583,1.9993051856576816,4.577242352172633,4.584065134990397,-3.5296708156247893,1.474453770999217,1.6760870060140898,5.413619209460162,5.41069420170626,-2.9864750530897926,2.005378831831256,1.9968212809204091,4.5840218912635535,4.584065134990397,-3.5296708156247893,1.699778443135928,1.6864589572875448,5.212750608887192,5.41069420170626,-2.9864750530897926
1314.8107916115355,2.058785997732383,2.041797230001446,4.509342526844121,4.483278537877356,-3.6093449158408655,1.7266229133897006,1.727716913878189,5.297444483980612,5.292386690722147,-3.0540058789682756,1.9864932302886458,2.0827272639063854,4.490944569489213,4.483278537877356,-3.6093449158408655,1.7339975940984962,1.7284341371592407,5.288707248667449,5.292386690722147,-3.0540058789682756,2.0396067273118867,2.044666194983421,4.470092664239044,4.483278537877356,-3.6093449158408655,1.4670743559336987,1.7141599310633449,5.292274980112268,5.292386690722147,-3.0540058789682756,2.0491228511086113,2.0421263277045263,4.488164007359476,4.483278537877356,-3.6093449158408655,1.7210189152139763,1.7247659476597397,5.003410448141126,5.292386690722147,-3.0540058789682756
1329.7933231034872,2.0850634180555443,2.0881154819168084,4.372417714249571,4.384657323235187,-3.6907950408613077,1.7554983601500815,1.7669548469126557,5.180959735839404,5.1765546646523255,-3.123049205904323,2.00768973199567,2.1299673817142133,4.411303635921773,4.384657323235187,-3.6907950408613077,1.7532293706420274,1.7676882517416543,5.170128461630298,5.1765546646523255,-3.123049205904323,2.0879917632003093,2.0910490705166622,4.411816679924777,4.384657323235187,-3.6907950408613077,1.4989018695737801,1.7530919880228322,5.186625465747113,5.1765546646523255,-3.123049205904323,2.1022199905008434,2.0884519926125846,4.3870742020132525,4.384657323235187,-3.6907950408613077,1.7693711270196866,1.763937302160071,4.8151733207804215,5.1765546646523255,-3.123049205904323
1344.9465835332762,2.1440356478153224,2.1354769446936968,4.27923167840954,4.288159569120927,-3.774059136306639,1.8067651544433865,1.8070779503222822,5.095802680544533,5.063158301523455,-3.1936381657915165,2.031428698253373,2.17827125906659,4.306170799110451,4.288159569120927,-3.774059136306639,1.7974443772937923,1.8078278982984197,5.0563150034098525,5.063158301523455,-3.1936381657915165,2.12018405560284,2.1384765976239923,4.322566020794892,4.288159569120927,-3.774059136306639,1.8352998855088405,1.7929023797912245,5.051238228987767,5.063158301523455,-3.1936381657915165,2.1580717134570633,2.135821033648447,4.311244129677963,4.288159569120927,-3.774059136306639,1.7856364159338243,1.8039923392265127,4.673627535220242,5.063158301523455,-3.1936381657915165
1360.2725183912366,2.2121701089584502,2.183904871295754,4.174864117476399,4.193743613511962,-3.859175754245207,1.8617210173688186,1.84810600181236,4.9361231684111315,4.95215690680146,-3.265806540567861,2.077646299861873,2.2276625984050367,4.197137325976343,4.193743613511962,-3.859175754245207,1.8256286418265075,1.8488728625139546,4.928106480269139,4.95215690680146,-3.265806540567861,2.188231583933613,2.1869720608056515,4.193289778418873,4.193743613511962,-3.859175754245207,1.5429191639375812,1.8336107332221039,4.922707214884884,4.95215690680146,-3.265806540567861,2.2225696772930923,2.1842567073934873,4.209277594099703,4.193743613511962,-3.859175754245207,1.8229748043126521,1.844950803733264,4.457042040490074,4.95215690680146,-3.265806540567861
1375.7730953369546,2.2381735391955186,2.2334230232643755,4.07791393549305,4.1013681290755235,-3.9461840327299234,1.9161464571928164,1.8900592153599658,4.7712461905057735,4.843509145571918,-3.3395887641116655,2.1781891313947255,2.278165619717221,4.085593456809321,4.1013681290755235,-3.9461840327299234,1.8661887095248941,1.8908433665148472,4.777754747511739,4.843509145571918,-3.3395887641116655,2.2499711839651284,2.2365592537720556,4.102308081694795,4.1013681290755235,-3.9461840327299234,1.9448805869240342,1.8752371082150274,4.790382762830458,4.843509145571918,-3.3395887641116655,2.274792118971648,2.233782779079541,4.107711312349998,4.1013681290755235,-3.9461840327299234,1.8832790756847595,1.8868328761247666,4.531531326398238,4.843509145571918,-3.3395887641116655
1391.45030445189,2.2938118554759375,2.2840556808573322,4.010209173834123,4.010992186458818,-4.035123670095116,1.9477270387263843,1.9329582505110388,4.706844271582237,4.737173243685675,-3.415019922376899,2.3326810551618506,2.329805070716428,3.9964822778676647,4.010992186458818,-4.035123670095116,1.9319872610865003,1.9337600781698088,4.689619286762894,4.737173243685675,-3.415019922376899,2.3013561466708574,2.287262489586915,4.002614388504004,4.010992186458818,-4.035123670095116,1.9886657105289576,1.9178020069607882,4.741186838320758,4.737173243685675,-3.415019922376899,2.300336390840106,2.284423532727947,4.014625672861563,4.010992186458818,-4.035123670095116,1.9082881685736426,1.9296591817015956,4.59411176723473,4.737173243685675,-3.415019922376899
1407.3061584948778,2.34561096758754,2.3358276532328333,3.9331611203561674,3.922575307552228,-4.126034893233166,1.977267601661719,1.9768242218239434,4.593152157755379,4.633107161659652,-3.492135751478411,2.358662291026524,2.3826062370417094,3.9205920035769544,3.922575307552228,-4.126034893233166,1.9792379222779273,1.9776441205356623,4.612537602423401,4.633107161659652,-3.492135751478411,2.345315007587472,2.339106610852098,3.923241512852799,3.922575307552228,-4.126034893233166,1.9958978572023316,1.9613263833336838,4.633929232144329,4.633107161659652,-3.492135751478411,2.3465019032898176,2.3362037813331566,3.9484464180858585,3.922575307552228,-4.126034893233166,1.937710882353448,1.9734508000524267,4.426592268071233,4.633107161659652,-3.492135751478411
1423.3426931605427,2.4048212526142767,2.38876428864974,3.8701588103873976,3.836077509998238,-4.218958418956612,2.0203007651492086,2.021678708451623,4.541587252709433,4.531268744730214,-3.570972633394339,2.3565055839839117,2.4365949524494948,3.868712803188058,3.836077509998238,-4.218958418956612,2.0047991569849577,2.022517081442504,4.561737985857625,4.531268744730214,-3.570972633394339,2.386185144271329,2.392116999908928,3.850044404180158,3.836077509998238,-4.218958418956612,2.053449019333156,2.005831652426275,4.575230533449105,4.531268744730214,-3.570972633394339,2.3875671573667403,2.389148877064385,3.863918747990351,3.836077509998238,-4.218958418956612,1.9907371812614245,2.0182292746270876,4.397629504503471,4.531268744730214,-3.570972633394339
1439.5619673406559,2.431157988092242,2.442891484656066,3.7814406203634365,3.7514593440534334,-4.313935407432573,2.051220078826116,2.06754376385569,4.439063489593646,4.431615852007026,-3.6515675889047463,2.4087796747730237,2.4917976089591765,3.79065631489839,3.7514593440534334,-4.313935407432573,2.0823547288662807,2.068401023209467,4.4533508480512,4.431615852007026,-3.6515675889047463,2.4380910957716027,2.4463195890242333,3.7754285888802612,3.7514593440534334,-4.313935407432573,1.9749058460061644,2.0513397002180485,4.485284455289836,4.431615852007026,-3.6515675889047463,2.420877684559128,2.443284721452529,3.783275275105652,3.7514593440534334,-4.313935407432573,2.008959228484327,2.0640166224398366,4.160641882745737,4.431615852007026,-3.6515675889047463
1455.9660633884707,2.50225251794047,2.498235698227015,3.679031447954461,3.668681922807112,-4.41100740652306,2.1420171726456516,2.114441925640981,4.3414163768082,4.334106467330435,-3.733958267334075,2.46760129043975,2.5482411669129768,3.6878690860701844,3.668681922807112,-4.41100740652306,2.1296696753725355,2.1153184924817343,4.345204898253249,4.334106467330435,-3.733958267334075,2.500795662186397,2.501740870523811,3.6779681066846606,3.668681922807112,-4.41100740652306,1.932488225366333,2.097872893369335,4.371346736396731,4.334106467330435,-3.733958267334075,2.493580663590931,2.498637775528202,3.6707802077943694,3.668681922807112,-4.41100740652306,2.0722779239734535,2.110835343895735,4.0701217361376125,4.334106467330435,-3.733958267334075
1472.5570873860722,2.5676273774623763,2.5548239558114663,3.5959035470591867,3.5877069465829936,-4.51021628571438,2.198555011958671,2.1623962254980795,4.240268780570616,4.238698794116211,-3.8181829326035883,2.5473323160497663,2.60595316490115,3.6102473862709075,3.5877069465829936,-4.51021628571438,2.1711640413158078,2.1632925301752963,4.183296908998996,4.238698794116211,-3.8181829326035883,2.545924217787148,2.5584079068322794,3.573681384213083,3.5877069465829936,-4.51021628571438,2.0078112927909064,2.1454540891270724,4.222690674383664,4.238698794116211,-3.8181829326035883,2.562057994027638,2.555235069867872,3.57967491686415,3.5877069465829936,-4.51021628571438,2.1519493263170033,2.158708432725456,3.930454371594501,4.238698794116211,-3.8181829326035883
1489.3371694147713,2.627901203739587,2.6126838632386598,3.514107038163807,3.5084967223100176,-4.611604158123945,2.2316998786301774,2.21143019924037,4.178871343934261,4.145351336192181,-3.904280445028046,2.6350853157737517,2.664961729497113,3.507470176820996,3.5084967223100176,-4.611604158123945,2.194905137833227,2.212346681514539,4.066390826204731,4.145351336192181,-3.904280445028046,2.5952324092510346,2.616348340368342,3.509849722068027,3.5084967223100176,-4.611604158123945,2.0179733851631863,2.194106645331087,4.161339039005185,4.145351336192181,-3.904280445028046,2.623259019964839,2.6131042144984646,3.508954042535731,3.5084967223100176,-4.611604158123945,2.200693585466483,2.2076593860150955,3.956762315452651,4.145351336192181,-3.904280445028046
1506.3084638285807,2.674502452188787,2.6718436154275342,3.429785706175728,3.4310141784947854,-4.715213288866411,2.2992746718597026,2.261567896915205,4.0867907270362265,4.0540229663966185,-3.992290238211631,2.6925850832354796,2.7252955847391935,3.4379895105820117,3.4310141784947854,-4.715213288866411,2.244690223475021,2.2625050061460206,4.0277754024655215,4.0540229663966185,-3.992290238211631,2.6731283770333634,2.675590403240435,3.405732079742888,3.4310141784947854,-4.715213288866411,2.028001041561355,2.2438544305009867,4.048226204527591,4.0540229663966185,-3.992290238211631,2.6763170458185583,2.6722734086056796,3.4415333861089334,3.4310141784947854,-4.715213288866411,2.2498522082758767,2.2577122143136483,3.863477472828685,4.0540229663966185,-3.992290238211631
1523.4731495308065,2.7262620419347283,2.7323320058344076,3.3439045952635307,3.355222876398436,-4.821085987821213,2.3480403729625827,2.31283389297166,4.001338865187196,3.964672984473902,-4.082252290313536,2.688380955553599,2.7869840612837535,3.356303188943277,3.355222876398436,-4.821085987821213,2.304113967811083,2.31379208830574,3.928434734288902,3.964672984473902,-4.082252290313536,2.71170573392004,2.736162926675129,3.3451725312228056,3.355222876398436,-4.821085987821213,1.9865986618588973,2.294721833987054,3.9422347353219784,3.964672984473902,-4.082252290313536,2.75109855993543,2.7327714499794267,3.365982445268266,3.355222876398436,-4.821085987821213,2.301765169007593,2.3088914517957835,3.6778470128832383,3.964672984473902,-4.082252290313536
1540.8334302537944,2.7987180202624953,2.794178435563568,3.284767917940115,3.281087017904341,-4.929264484569688,2.356482385886622,2.365253296456928,3.8887057303150234,3.8772611656217797,-4.174207088838821,2.737068860084628,2.8500571051466412,3.302851592489796,3.281087017904341,-4.929264484569688,2.3417077654851317,2.3662330470163737,3.8369466958200347,3.8772611656217797,-4.174207088838821,2.7813935159815544,2.7980953501041386,3.281294564847799,3.281087017904341,-4.929264484569688,2.110624398193119,2.3467337761592892,3.8757114629102887,3.8772611656217797,-4.174207088838821,2.7853822550876806,2.7946277441212892,3.2737025179634434,3.281087017904341,-4.929264484569688,2.336623082919908,2.361222166457996,3.6559820197598407,3.8772611656217797,-4.174207088838821
1558.391534841859,2.863718743391115,2.8574129220543276,3.2188364937001555,3.2085714505428187,-5.039790782956811,2.4337908584839596,2.418851761213715,3.8468562716570096,3.7917478008914536,-4.268195588005333,2.8155957199303265,2.914545285932844,3.2156876359917397,3.2085714505428187,-5.039790782956811,2.3875137940318103,2.419853546284711,3.785804794295454,3.7917478008914536,-4.268195588005333,2.852538296917159,2.8614177298219694,3.1907903262510557,3.2085714505428187,-5.039790782956811,2.1250821029397944,2.3999157186084394,3.8527588249226987,3.7917478008914536,-4.268195588005333,2.844437786616195,2.857872312928929,3.1850707222972656,3.2085714505428187,-5.039790782956811,2.3538732473480386,2.4147299703168974,3.7279361775886324,3.7917478008914536,-4.268195588005333
1576.1497175374416,2.933965327892278,2.9220661072462297,3.1450276804551858,3.1376416700421164,-5.1527064923902675,2.445688973755068,2.473655496045962,3.738805267498438,3.7080937304672816,-4.36425915759289,2.823168741206936,2.9804798044448266,3.1578845478832327,3.1376416700421164,-5.1527064923902675,2.4631356420966126,2.474679805265911,3.7148694796684003,3.7080937304672816,-4.36425915759289,2.909777364353547,2.926160747113981,3.1451758711081097,3.1376416700421164,-5.1527064923902675,2.1658508542846224,2.454293674326979,3.7122143306646933,3.7080937304672816,-4.36425915759289,2.9110263948765414,2.922535802856462,3.119396217898036,3.1376416700421164,-5.1527064923902675,2.4298951539024194,2.4694410295786,3.651719622610057,3.7080937304672816,-4.36425915759289
1594.1102582705255,2.9740016775397895,2.9881692651063796,3.072209345369426,3.0682638207629465,-5.26805263257876,2.4909077998496265,2.5296912748112432,3.6016390227812414,3.6262603707584526,-4.462439522034564,2.8413678989079876,3.047892499538538,3.0861090266499906,3.0682638207629465,-5.26805263257876,2.506058050850103,2.5307386083541727,3.583651609863277,3.6262603707584526,-4.462439522034564,2.9917887862004933,2.992355715740744,3.0783057317652704,3.0682638207629465,-5.26805263257876,2.3607485512487134,2.5098942178315937,3.6457276989037624,3.6262603707584526,-4.462439522034564,2.9623555818736746,2.9886494924370535,3.053256004941549,3.0682638207629465,-5.26805263257876,2.5020468685616684,2.5253820747379647,3.554713579788875,3.6262603707584526,-4.462439522034564
1612.2754629513522,3.074085113260271,3.055754308390599,3.0095257017180823,3.0004046943101925,-5.385869407968096,2.5784601438039267,2.5869864463953203,3.5038536768579176,3.54620973608857,-4.562778688333582,2.944695749147447,3.116815854081395,3.0317558996525,3.0004046943101925,-5.385869407968096,2.545047809904605,2.5880573151549457,3.4967675059853454,3.54620973608857,-4.562778688333582,3.0440164736027406,3.0600345886455695,2.9994855313026014,3.0004046943101925,-5.385869407968096,2.33813990645338,2.566744495185318,3.503449245003935,3.54620973608857,-4.562778688333582,3.028687074285338,3.056245299038432,2.99574820323171,3.0004046943101925,-5.385869407968096,2.5846252234790668,2.582580410564081,3.376675035458363,3.54620973608857,-4.562778688333582
1630.6476637664705,3.1339640952231638,3.124853794487716,2.9410435739267373,2.934031726581459,-5.506195947623103,2.6576729184071226,2.6455689445162034,3.446534992208327,3.467904455698536,-4.665318861190334,3.0797295493221823,3.187282999842937,2.968669403688794,2.934031726581459,-5.506195947623103,2.6590732437442552,2.646663870285158,3.4706342563332475,3.467904455698536,-4.665318861190334,3.0991826886339013,3.1292299637363135,2.899847517995821,2.934031726581459,-5.506195947623103,2.4454435231477962,2.624872233867648,3.430348820683868,3.467904455698536,-4.665318861190334,3.1311838290893284,3.125355784698867,2.9108471260677438,2.934031726581459,-5.506195947623103,2.673166535161245,2.6410639259196977,3.1187165789818687,3.467904455698536,-4.665318861190334
1649.2292194781585,3.203297241558151,3.1955009301743265,2.902898119217944,2.8691129934865978,-5.629070005722754,2.699410633204984,2.705467297296054,3.3960965102638268,3.3913077866721633,-4.770102343501117,3.165329565794907,3.2593277211241705,2.888784034121945,2.8691129934865978,-5.629070005722754,2.7070214292399966,2.7065868129401793,3.40453825177024,3.3913077866721633,-4.770102343501117,3.139288877359468,3.1999750885658336,2.8384032845812555,2.8691129934865978,-5.629070005722754,2.6029948963272442,2.684305752435394,3.358878555403898,3.3913077866721633,-4.770102343501117,3.169405035428736,3.196014160874776,2.850216632198482,2.8691129934865978,-5.629070005722754,2.6954891899455986,2.7008611033525187,3.127930353722374,3.3913077866721633,-4.770102343501117
1668.022515727267,3.2771625437490823,3.267729575086589,2.819775863276028,2.8056172055340407,-5.754527617199651,2.7695763352722693,2.7667106365306515,3.332220562644962,3.31638362333116,-4.877171420129347,3.234270276696621,3.3329844569067757,2.8041846775331485,2.8056172055340407,-5.754527617199651,2.8091131669513123,2.76785528615678,3.3710127477004646,3.31638362333116,-4.877171420129347,3.2490696844507867,3.272303863716079,2.799198687577922,2.8056172055340407,-5.754527617199651,2.670030389921708,2.74507396990703,3.306189489874349,3.31638362333116,-4.877171420129347,3.247526452731323,3.268254291901723,2.7834210840058096,2.8056172055340407,-5.754527617199651,2.7616481449994423,2.762001028390737,3.024505990719512,3.31638362333116,-4.877171420129347
1687.0299653394954,3.338977096110526,3.341574243682196,2.743473924437264,2.743513701465459,-5.882602702322675,2.8150989626653278,2.829328706574463,3.240115201941431,3.2430965035667314,-4.986568222563495,3.2782998984728464,3.4082883012676306,2.7706373716829353,2.743513701465459,-5.882602702322675,2.8487202845370936,2.830499045690539,3.241027318711363,3.2430965035667314,-4.986568222563495,3.3294231498754123,3.346250844657433,2.7386916367654,2.743513701465459,-5.882602702322675,2.7326087534166614,2.807206414792108,3.246558958658678,3.2430965035667314,-4.986568222563495,3.3391216228213927,3.3421106969447467,2.7299722762491183,2.743513701465459,-5.882602702322675,2.8683623786654358,2.8245133984605744,2.980965878950358,3.2430965035667314,-4.986568222563495
1706.2540086351753,3.4423759920286447,3.4170701054380097,2.6865447047773894,2.6827724410848406,-6.013326613220469,2.888505298820654,2.8933518727494607,3.1664570391029434,3.171411612532001,-5.09833457174148,3.4242101033890626,3.485275001771266,2.686721239619368,2.6827724410848406,-6.013326613220469,2.8760634386381225,2.894548468414815,3.159561338039885,3.171411612532001,-5.09833457174148,3.413718496661636,3.4218512418267717,2.6664611459624914,2.6827724410848406,-6.013326613220469,2.7492781384006566,2.870733233679305,3.2242012925119425,3.171411612532001,-5.09833457174148,3.4077886419462593,3.417618550182447,2.6605423698389186,2.6827724410848406,-6.013326613220469,2.9142820045632702,2.8884285313347604,2.804600748755626,3.171411612532001,-5.09833457174148
1725.6971137425758,3.502781626234896,3.4942529829887174,2.625466934143368,2.623363997424488,-6.14672761444563,2.9422442337276493,2.9588111291692325,3.0987178875454324,3.1012947840493927,-5.212511795944767,3.448531380174605,3.563980955510873,2.6138488381527174,2.623363997424488,-6.14672761444563,2.972628868814417,2.9600345601330065,3.0951274682001353,3.1012947840493927,-5.212511795944767,3.491840876766292,3.4991409186263187,2.6336290528672897,2.623363997424488,-6.14672761444563,2.745087190816486,2.935685199278435,3.107086276957876,3.1012947840493927,-5.212511795944767,3.5154695898842347,3.4948136789299102,2.6083196605443644,2.623363997424488,-6.14672761444563,2.9641397148632875,2.953777373005222,2.6851562166834286,3.1012947840493927,-5.212511795944767
1745.3617769147804,3.5799990131760784,3.5731593478745722,2.5670935936194215,2.565259548353909,-6.2828302886909295,3.012761289445603,3.025738105855445,3.027632424450572,3.0327125000603528,-5.329140520244078,3.521008405606666,3.6444432024215883,2.5627628080028564,2.565259548353909,-6.2828302886909295,3.0152262966308667,3.0269889626804387,3.022560938887497,3.0327125000603528,-5.329140520244078,3.5679517449068876,3.5781563870098854,2.560620777819041,2.565259548353909,-6.2828302886909295,2.7750148866965976,3.0020937177997475,3.0442695422235246,3.0327125000603528,-5.329140520244078,3.618647832059691,3.573732559367364,2.5794108102984024,2.565259548353909,-6.2828302886909295,3.017876052312784,3.020591504858351,2.5956271348647855,3.0327125000603528,-5.329140520244078
1765.2505228501748,3.669420753556207,3.6538263135129334,2.541602087135448,2.508430867747442,-6.421654857691703,3.076415136357536,3.0941650750067358,2.9667230216752953,2.9656318883920867,-5.448260423492695,3.6939099285183388,3.7266994154355624,2.536726353531255,2.508430867747442,-6.421654857691703,3.089484701861198,3.095443960176093,2.982366812784469,2.9656318883920867,-5.448260423492695,3.670844515659932,3.658934800266045,2.5141577471729284,2.508430867747442,-6.421654857691703,2.7438248890853973,3.06999083553832,3.009065597446476,2.9656318883920867,-5.448260423492695,3.651884985722519,3.654412309490407,2.5016450824671144,2.508430867747442,-6.421654857691703,3.06136787537976,3.088903150013416,2.5343991477761287,2.9656318883920867,-5.448260423492695
1785.3659050165854,3.7713336832684132,3.7362916249598586,2.485874792960153,2.452850316285087,-6.5632164071704855,3.1851968357233176,3.164124956256523,2.8879201609394114,2.900020719086397,-5.569909958324201,3.709505181087701,3.8107878869904424,2.4660413317501955,2.452850316285087,-6.5632164071704855,3.135781562700333,3.16543248426108,2.838568706461664,2.900020719086397,-5.569909958324201,3.747719571659401,3.741513942564155,2.468812480834559,2.452850316285087,-6.5632164071704855,2.830189991834862,3.1394092445056447,2.883503866271326,2.900020719086397,-5.569909958324201,3.741430812695826,3.7368906788475877,2.4493762789994844,2.452850316285087,-6.5632164071704855,3.1682817702616055,3.158745178664302,2.2966204627966897,2.900020719086397,-5.569909958324201
1805.7105059791193,3.8520539213024354,3.8205936449639637,2.437179870534379,2.398490831973484,-6.707524003431418,3.2521846247329904,3.23565132073806,2.798733219238808,2.8358473995045386,-5.69412602899983,3.7298739074820353,3.896747511329737,2.404594413634919,2.398490831973484,-6.707524003431418,3.2334917906444067,3.236988118137794,2.811301283443746,2.8358473995045386,-5.69412602899983,3.8292326043754366,3.8259322147569037,2.391369238380905,2.398490831973484,-6.707524003431418,3.0125045422159413,3.21038228693556,2.8027267811419065,2.8358473995045386,-5.69412602899983,3.8295390831531093,3.8212060345648435,2.406353121406305,2.398490831973484,-6.707524003431418,3.2236465271408306,3.230151112241311,2.1885108735625822,2.8358473995045386,-5.69412602899983
1826.2869377317236,3.935658319433426,3.906771335742918,2.4188293705143837,2.345325920450205,-6.8545796878823975,3.3162231452976876,3.308778393741194,2.7677289751464427,2.7730809683997952,-5.820943621260797,3.8315831026409497,3.984617761959161,2.348959521642333,2.345325920450205,-6.8545796878823975,3.297651663960816,3.3101450992003896,2.759216529142729,2.7730809683997952,-5.820943621260797,3.925428244372944,3.9122286158687176,2.359016323871232,2.345325920450205,-6.8545796878823975,3.1069624898073247,3.2829439584616695,2.76266022104641,2.7730809683997952,-5.820943621260797,3.8978648293195497,3.9073973430887197,2.3470374928284916,2.345325920450205,-6.8545796878823975,3.3168072224036087,3.30315512618411,2.3833471778289423,2.7730809683997952,-5.820943621260797
1847.0978420325398,4.0181231944427935,3.9948642358358666,2.332929988023881,2.2933296451322516,-7.004377334405403,3.3823804123210266,3.3835410557232706,2.712075264011367,2.7116910891116177,-5.950395377583357,3.905121250241842,4.074438663527865,2.279784281564227,2.2933296451322516,-7.004377334405403,3.37530431866315,3.384938320011887,2.7042201460333173,2.7116910891116177,-5.950395377583357,3.989663557917473,4.000442719616838,2.298952444894647,2.2933296451322516,-7.004377334405403,3.062051849419804,3.357128909734221,2.731271789128165,2.7116910891116177,-5.950395377583357,4.004520136904149,3.9955041470024284,2.2916003720269384,2.2933296451322516,-7.004377334405403,3.4042442965699293,3.3777920510868964,2.295368921737187,2.7116910891116177,-5.950395377583357
1868.1458907430704,4.1177494326720385,4.084912431292545,2.250417496382638,2.2424766172534185,-7.156901353124524,3.4530437292326965,3.4599748413955767,2.6510894780396326,2.6516480420353554,-6.082511110375743,4.024732421987851,4.16625075730625,2.243082065729355,2.2424766172534185,-7.156901353124524,3.4925816697449568,3.4614033273520657,2.6274752965842394,2.6516480420353554,-6.082511110375743,4.081118008097336,4.0906146452185705,2.237101935608551,2.2424766172534185,-7.156901353124524,3.246275384199871,3.4329724462158433,2.6672924633924637,2.6516480420353554,-6.082511110375743,4.089594246354758,4.085566536169375,2.2568897408599686,2.2424766172534185,-7.156901353124524,3.48646512391498,3.454097371941722,2.2237003831600264,2.6516480420353554,-6.082511110375743
1889.4337861712136,4.1856935900522245,4.176956520353667,2.200377075894728,2.192741985841798,-7.312125222817738,3.523123446037207,3.5381159365695054,2.5938235032558046,2.5929227164835966,-6.217317244708823,4.058561244383624,4.260095059311201,2.2244802414449523,2.192741985841798,-7.312125222817738,3.580612362153178,3.5395763190195706,2.5791605238274107,2.5929227164835966,-6.217317244708823,4.170139006706508,4.182785021633768,2.1799522406263896,2.192741985841798,-7.312125222817738,3.342175902098157,3.5105105258522453,2.583753707942929,2.5929227164835966,-6.217317244708823,4.183248688600359,4.177625112364835,2.2106237231160297,2.192741985841798,-7.312125222817738,3.548497624304152,3.5321072251675725,2.2315787441986155,2.5929227164835966,-6.217317244708823
1910.9642614182055,4.291072846387248,4.271037570663415,2.156512312772065,2.1441014276671604,-7.47000983304738,3.5912615728039015,3.618001172404901,2.5213080517057476,2.5354866020534246,-6.354836181151326,4.189745606158711,4.356013009998227,2.1573317789130093,2.1441014276671604,-7.47000983304738,3.6450363590324946,3.6194941380279806,2.528515760608683,2.5354866020534246,-6.354836181151326,4.277704228351778,4.2769949442748505,2.1299669331969837,2.1441014276671604,-7.47000983304738,3.3768370539680905,3.589779754275344,2.5484121893666085,2.5354866020534246,-6.354836181151326,4.31236176448077,4.2717209464304196,2.1747115108934527,2.1441014276671604,-7.47000983304738,3.605657876225743,3.6118583930696326,2.056861524665835,2.5354866020534246,-6.354836181151326
1932.7400807295166,4.3972880098920015,4.3671970679134375,2.1005907832544355,2.0965311371973105,-7.63050161618311,3.696652523844822,3.69966801664549,2.4711010211269793,2.4793117795919426,-6.495085568131929,4.2571598361061245,4.454046414287609,2.1063602222583966,2.0965311371973105,-7.63050161618311,3.7474256667147428,3.7011942637818347,2.499000537345533,2.4793117795919426,-6.495085568131929,4.368591021751785,4.373285923074767,2.085300140685051,2.0965311371973105,-7.63050161618311,3.414138961289021,3.6708173771464296,2.4905631938195896,2.4793117795919426,-6.495085568131929,4.433766074404603,4.367895526852495,2.152896284810702,2.0965311371973105,-7.63050161618311,3.732734806065222,3.6933882953207107,1.9259651105534925,2.4793117795919426,-6.495085568131929
1954.7640398497467,4.472641436200995,4.465476854669258,2.042131603933249,2.05000781658685,-7.79353044900305,3.76100330683672,3.783154561375338,2.403665187543832,2.4243709118428804,-6.638077472046212,4.299418923464382,4.554237370519839,2.0551945657852335,2.05000781658685,-7.79353044900305,3.8221629719061054,3.784714799763086,2.4179462684379436,2.4243709118428804,-6.638077472046212,4.469019487832311,4.4716998206533205,2.050016336244853,2.05000781658685,-7.79353044900305,3.4273473129271057,3.7536612691894615,2.445109247040545,2.4243709118428804,-6.638077472046212,4.497792615194155,4.466190698512971,2.1077544862359407,2.05000781658685,-7.79353044900305,3.770071594009598,3.7767349769992498,1.7770319654357902,2.4243709118428804,-6.638077472046212
1977.038966381563,4.5889271464069346,4.565919057951203,2.003895605661284,2.004508665720146,-7.959007303698566,3.817107101502369,3.868499506757585,2.3654359389540387,2.370637233848239,-6.783817432034126,4.398620415760165,4.656628186735943,1.9935118892626575,2.004508665720146,-7.959007303698566,3.8785250914990668,3.8700944571914424,2.345239155718242,2.370637233848239,-6.783817432034126,4.579103121130776,4.572278779141975,2.0321910856936625,2.004508665720146,-7.959007303698566,3.458067810237301,3.838349919405741,2.3875055396234757,2.370637233848239,-6.783817432034126,4.585508958176878,4.566648590183374,2.0428689892383507,2.004508665720146,-7.959007303698566,3.8339957564039167,3.861937092655871,1.771612407275428,2.370637233848239,-6.783817432034126
1999.5677201487297,4.702316652555741,4.6685660039418835,1.9692966141176556,1.9600113723352433,-8.126821629159123,3.952153281015466,3.9557421401463184,2.296136471407915,2.3180845431616697,-6.932303384994849,4.653436475992033,4.761261282457736,1.9415844691111466,1.9600113723352433,-8.126821629159123,3.9588986506898847,3.957372534043644,2.31761446308609,2.3180845431616697,-6.932303384994849,4.656688326863394,4.675065134027143,1.9514460478899571,1.9600113723352433,-8.126821629159123,3.672731528853303,3.924922411882696,2.2903765465559225,2.3180845431616697,-6.932303384994849,4.682363634123832,4.669311529134399,1.9864777782780014,1.9600113723352433,-8.126821629159123,3.989758397000736,3.9490338857993046,1.8974373856114124,2.3180845431616697,-6.932303384994849
2022.3531935632743,4.783531502537624,4.773460117967439,1.9293483386257428,1.9164941022394277,-8.296838445723138,4.020283393322401,4.044922309873078,2.261591248455555,2.2666871899358867,-7.08352444504813,4.6710773917439266,4.868179073883901,1.927562730642348,1.9164941022394277,-8.296838445723138,4.07622785328753,4.046588888733873,2.2918712913153234,2.2666871899358867,-7.08352444504813,4.773986412483916,4.780101313141506,1.905820833893157,1.9164941022394277,-8.296838445723138,3.7323703510995205,4.013418401533643,2.2529558836091326,2.2666871899358867,-7.08352444504813,4.762753841428389,4.77422194100312,1.925002222750543,1.9164941022394277,-8.296838445723138,4.115805963721522,4.038065163115764,1.9264997162727486,2.2666871899358867,-7.08352444504813
2045.3983119968364,4.900120743973485,4.880643807637495,1.874575435022073,1.8739354896325102,-8.468895140603752,4.143015930531632,4.1360803929107846,2.2318880562271515,2.216420066922739,-7.237459520294678,4.838310683453807,4.977423840131867,1.8762997564700803,1.8739354896325102,-8.468895140603752,4.157079808828011,4.137783907657354,2.2270833757104915,2.216420066922739,-7.237459520294678,4.877744765180259,4.8874297186734195,1.8452750019117956,1.8739354896325102,-8.468895140603752,3.8228159763621843,4.103878084006914,2.2037899103763223,2.216420066922739,-7.237459520294678,4.868219414132629,4.881422232803959,1.8682402389674633,1.8739354896325102,-8.468895140603752,4.178510233748506,4.129071262629253,1.7267646741827118,2.216420066922739,-7.237459520294678
2068.7060341562496,5.019657504723394,4.990159326735894,1.8386529813075285,1.8323146275500068,-8.642797957476484,4.21114484439045,4.229257255509954,2.1880085309780766,2.167258599429664,-7.394075748491619,4.893616817469864,5.089037567822498,1.8382016358829545,1.8323146275500068,-8.642797957476484,4.219282454351247,4.230998465686878,2.1909531855424786,2.167258599429664,-7.394075748491619,4.962284634215143,4.997092589765447,1.802244301697994,1.8323146275500068,-8.642797957476484,3.8920637895372128,4.1963421588976955,2.160654727505406,2.167258599429664,-7.394075748491619,4.952137983874626,4.990954656671859,1.8376217611315835,1.8323146275500068,-8.642797957476484,4.257468314692142,4.222093014907109,1.7925878356955078,2.167258599429664,-7.394075748491619
2092.279352463403,5.125171828536189,5.102048617121072,1.8084897696264968,1.7916110584367813,-8.818318182923797,4.292259461056471,4.32449420576866,2.1307643803451475,2.1191787352703857,-7.553326732205639,4.948954856050522,5.203061770932413,1.8066971460606722,1.7916110584367813,-8.818318182923797,4.2998172139540385,4.3262738785832,2.1475691826984677,2.1191787352703857,-7.553326732205639,5.069341370200446,5.109131842938437,1.8148484261009314,1.7916110584367813,-8.818318182923797,3.960788288257662,4.2908517852747465,2.120366470812204,2.1191787352703857,-7.553326732205639,5.069006015113296,5.102861151593444,1.7714893421025448,1.7916110584367813,-8.818318182923797,4.318038342186304,4.317171696284,1.5066234174540771,2.1191787352703857,-7.553326732205639
2116.1212934394302,5.213732360140913,5.216353125513193,1.7630139901831392,1.751804764856625,-8.99518804534389,4.374000994849332,4.4218329369584115,2.060367877473154,2.072156934733132,-7.715150553297727,5.008304332165581,5.319537282414668,1.7646931926265998,1.751804764856625,-8.99518804534389,4.400292790962008,4.423651846137987,2.1143224291777853,2.072156934733132,-7.715150553297727,5.1977604467442955,5.223588887193569,1.765220423560963,1.751804764856625,-8.99518804534389,4.013082155827606,4.387448528392202,2.0872188593568737,2.072156934733132,-7.715150553297727,5.211489013230815,5.2171831600017535,1.7396179366026918,1.751804764856625,-8.99518804534389,4.411121052273172,4.414348972936016,1.1248573665378256,2.072156934733132,-7.715150553297727
2140.234918093278,5.2931814105209725,5.33311359161722,1.7285719602282932,1.712876160346157,-9.173096359418645,4.439670899641513,4.521315460256272,2.0338514473577645,2.026170160595084,-7.879467546405552,5.108594928873446,5.438504013611177,1.6961188879013398,1.712876160346157,-9.173096359418645,4.506101618495108,4.523174384695753,2.060996090825305,2.026170160595084,-7.879467546405552,5.2836894945639745,5.3405044102122625,1.7068995065350676,1.712876160346157,-9.173096359418645,4.1293325391209645,4.486174296302075,2.051844294440329,2.026170160595084,-7.879467546405552,5.30605225832316,5.333961415679279,1.7094641991479738,1.712876160346157,-9.173096359418645,4.4443185938972025,4.513666834470797,1.1562834393735895,2.026170160595084,-7.879467546405552
2164.6233223146996,5.429581676129025,5.452369803545527,1.6899546581074099,1.6748060804171383,-9.351683972235783,4.553149824514879,4.622984025348639,1.9958634600244265,1.9811958682066715,-8.046177811660295,5.3221757843492465,5.5600006769359664,1.6710275428752168,1.6748060804171383,-9.351683972235783,4.6611308861634475,4.624883747518848,1.9919978673119756,1.9811958682066715,-8.046177811660295,5.439925159563495,5.459918131585723,1.672508746185199,1.6748060804171383,-9.351683972235783,4.178290000248923,4.58707126490139,1.9725785290430693,1.9811958682066715,-8.046177811660295,5.4350576778841715,5.453235698929624,1.6784545248680875,1.6748060804171383,-9.351683972235783,4.573902116322474,4.615167515513519,1.2889231174679285,1.9811958682066715,-8.046177811660295
2189.2896372717323,5.519339807182849,5.574160315952536,1.6305111258880125,1.6375757737123589,-9.530539096583903,4.7026266696525845,4.726881027158098,1.9153624168803551,1.9372119956594702,-8.215158448539366,5.559028538557206,5.684064466702242,1.6191280038599145,1.6375757737123589,-9.530539096583903,4.729198302463366,4.728822331238526,1.8753872236566975,1.9372119956594702,-8.215158448539366,5.603175267118024,5.581868518449827,1.6582500165284073,1.6375757737123589,-9.530539096583903,4.405846713074178,4.690181789738506,1.9220219353785808,1.9372119956594702,-8.215158448539366,5.622083896887561,5.575044554426519,1.6388262984246258,1.6375757737123589,-9.530539096583903,4.703289588604656,4.718893403556269,1.3681452063708133,1.9372119956594702,-8.215158448539366
2214.2370298126953,5.725780666274577,5.698522125682448,1.5992074449665694,1.601166893315518,-9.70919265358075,4.824231252889003,4.833048896694285,1.8771319356648197,1.894196954057499,-8.386260495885434,5.666883769959158,5.810730692283056,1.6027796150922362,1.601166893315518,-9.70919265358075,4.817833775503327,4.835032566393502,1.8569113741783374,1.894196954057499,-8.386260495885434,5.733006595906518,5.706392458284034,1.610485955882028,1.601166893315518,-9.70919265358075,4.445408374469581,4.795548302677648,1.8658334802609993,1.894196954057499,-8.386260495885434,5.735703922372445,5.699424966535602,1.6123117788320376,1.601166893315518,-9.70919265358075,4.823034928036373,4.824886931093916,1.419076480762713,1.894196954057499,-8.386260495885434
2239.4687028727826,5.857174171770129,5.82549029903017,1.5497126706642057,1.5655614882186741,-9.887113791082689,4.983205471831948,4.941529973759322,1.821886369109147,1.8521296179013524,-8.559305568257052,5.7730566513957005,5.9400323570276665,1.5651352748249336,1.5655614882186741,-9.887113791082689,4.9178251495962355,4.9435567897750206,1.7924936920111625,1.8521296179013524,-8.559305568257052,5.857154613890534,5.833524882931612,1.5798669000448284,1.5655614882186741,-9.887113791082689,4.475969261985339,4.903213191246877,1.8244028937724366,1.8521296179013524,-8.559305568257052,5.861758881169682,5.826411986204533,1.5989524862513105,1.5655614882186741,-9.887113791082689,4.934665802175731,4.933190449797901,1.3041293572457928,1.8521296179013524,-8.559305568257052
2264.987895885269,5.929054891305004,5.955097543950737,1.5114529655129794,1.5307419949491907,-10.063705796142656,5.05681186104454,5.052366358915329,1.7820422512130554,1.8109893155982817,-8.7340821864791,5.846189677661451,6.071999675508946,1.531448834110941,1.5307419949491907,-10.063705796142656,5.054115387730078,5.054437095986034,1.7959679429791526,1.8109893155982817,-8.7340821864791,5.965942951041681,5.963298337121488,1.5379049971477854,1.5307419949491907,-10.063705796142656,4.485173744483943,5.013218658195128,1.777300495808337,1.8109893155982817,-8.7340821864791,5.9774285079638405,5.956038302751,1.569548839943622,1.5307419949491907,-10.063705796142656,5.030788427645602,5.04384608416001,1.2407231834212038,1.8109893155982817,-8.7340821864791
2290.797885197419,6.039442442994275,6.087373719683045,1.4820876564493546,1.4966912293534604,-10.238302678054968,5.0916975569856255,5.165599741767506,1.7433790798346633,1.7707558201052147,-8.910341811307463,5.922598270032369,6.2066595207308195,1.498557987852608,1.4966912293534604,-10.238302678054968,5.156332884203173,5.167715165255375,1.7393330934123972,1.7707558201052147,-8.910341811307463,6.110770346284609,6.095742483903408,1.5135630889125848,1.4966912293534604,-10.238302678054968,4.649525983372568,5.1256065584438995,1.7313905638019165,1.7707558201052147,-8.910341811307463,6.110129343114743,6.088333753007232,1.5143495816782537,1.4966912293534604,-10.238302678054968,5.118702781164808,5.156895561691916,0.8529451509743293,1.7707558201052147,-8.910341811307463
2316.9019844911295,6.18325833571199,6.222345275306164,1.4413155173090637,1.4633923785420158,-10.410166760758614,5.2109595587408535,5.281271202206987,1.7066502895249718,1.7314093397135857,-9.087794604293837,6.0703275712132605,6.344034791890408,1.4587708315289176,1.4633923785420158,-10.410166760758614,5.303785527751542,5.283432064147034,1.7626958992205024,1.7314093397135857,-9.087794604293837,6.25855234230349,6.230883538450211,1.4682415528124593,1.4633923785420158,-10.410166760758614,4.747817005895756,5.240418210223524,1.7037770391480365,1.7314093397135857,-9.087794604293837,6.214482447813013,6.223324759332632,1.4912888608924466,1.4633923785420158,-10.410166760758614,5.256440900591338,5.272380016353963,0.7637615247817717,1.7314093397135857,-9.087794604293837
2343.3035452083636,6.359143169040099,6.360034607695671,1.398917703478417,1.4308289929900684,-10.578487685322461,5.422868004243849,5.399420980798336,1.6691892156083403,1.6929305089802833,-9.26610496018814,6.196608564076099,6.484143692157829,1.4607034678607156,1.4308289929900684,-10.578487685322461,5.422827213315943,5.401628015337581,1.6667891237062866,1.6929305089802833,-9.26610496018814,6.426268345487513,6.368743620626861,1.4215706318886538,1.4308289929900684,-10.578487685322461,4.916106185399601,5.357694176749622,1.659505523690509,1.6929305089802833,-9.26610496018814,6.353026991173281,6.361033686953145,1.4424768249581992,1.4308289929900684,-10.578487685322461,5.4070008238245375,5.390339761436046,0.6073561238872369,1.6929305089802833,-9.26610496018814
2370.0059569814352,6.506905543679984,6.500459328207238,1.3853074556005922,1.3989849787982513,-10.742383278212236,5.5299898325004015,5.520088213975841,1.647669468718635,1.655300379808736,-9.444886881449769,6.2094486438783765,6.6269989047191515,1.4126518840453932,1.3989849787982513,-10.742383278212236,5.543065690852049,5.522342132119151,1.6279114683010603,1.655300379808736,-9.444886881449769,6.532932249552838,6.509340015577799,1.4003843098891031,1.3989849787982513,-10.742383278212236,5.117863014586609,5.477474014291771,1.6292666275639434,1.655300379808736,-9.444886881449769,6.496856718017857,6.501478109948955,1.4117419929541488,1.3989849787982513,-10.742383278212236,5.529661791232057,5.51081402759881,0.6808823179672576,1.655300379808736,-9.444886881449769
2397.0126480681947,6.673493409550769,6.643631426186091,1.387569123007615,1.3678445901071612,-10.9009027798935,5.636874838534371,5.643310629128866,1.6036425957528406,1.618500412684871,-9.623699298542999,6.351487629614605,6.7726066540245515,1.3550758292431957,1.3678445901071612,-10.9009027798935,5.67781027852764,5.645612112691492,1.6227327595135597,1.618500412684871,-9.623699298542999,6.6517419235091655,6.652684330354712,1.3535638459570563,1.3678445901071612,-10.9009027798935,5.374023567251948,5.599795981927973,1.6027004322894385,1.618500412684871,-9.623699298542999,6.644172458504422,6.6446699739751764,1.3542684849395354,1.3678445901071612,-10.9009027798935,5.634907330793125,5.63384066119883,0.7561276408197071,1.618500412684871,-9.623699298542999
2424.3270857921757,6.826862422691288,6.789556316093464,1.3527914791498994,1.3373924216668276,-11.053032939185059,5.776425475574644,5.7691241939941165,1.5801143875546115,1.5825124680698552,-9.802041480291997,6.576699676604056,6.920965637833664,1.3356998263372204,1.3373924216668276,-11.053032939185059,5.765763369272782,5.771473888653945,1.572606375972831,1.5825124680698552,-9.802041480291997,6.798689469388952,6.798781533286935,1.3219263968663504,1.3373924216668276,-11.053032939185059,5.557933368308516,5.724696707644213,1.5389830755852607,1.5825124680698552,-9.802041480291997,6.794446968900819,6.790614642502311,1.3296456021972607,1.3373924216668276,-11.053032939185059,5.738846635860819,5.75945577737145,1.1421626526200737,1.5825124680698552,-9.802041480291997
2451.952776987755,6.940688798614733,6.938231753679642,1.3119611969984455,1.3076134015599266,-11.197707447890842,5.917681609014618,5.897562714040113,1.5474978366548795,1.5473187979490952,-9.979348726853319,6.75252999007485,7.072065814260508,1.3065344579663338,1.3076134015599266,-11.197707447890842,5.926522131230807,5.899961221363791,1.558064910407956,1.5473187979490952,-9.979348726853319,6.935733298259782,6.947628861442179,1.2961621492653932,1.3076134015599266,-11.197707447890842,5.664470302213916,5.852210804729787,1.514259100341505,1.5473187979490952,-9.979348726853319,6.951437486695128,6.93930981199114,1.29917063723379,1.3076134015599266,-11.197707447890842,5.874643859808144,5.887693361614192,1.1944560581503272,1.5473187979490952,-9.979348726853319
2479.893268450386,7.120441289487875,7.089646605249267,1.2651377291674983,1.2784927840747218,-11.333820103289938,6.039576097439522,6.028657370703013,1.4700460847125205,1.5129020375425046,-10.154988593249302,6.987503631627943,7.225887026659096,1.2518618619286825,1.2784927840747218,-11.333820103289938,5.980156423807055,6.031105239005814,1.439485688565859,1.5129020375425046,-10.154988593249302,7.125329238701541,7.099214580134534,1.2736067857617086,1.2784927840747218,-11.333820103289938,5.9211779451344615,5.982370431628066,1.5572973489638322,1.5129020375425046,-10.154988593249302,7.091265972265551,7.090744280042715,1.2633463986574012,1.2784927840747218,-11.333820103289938,6.01144807740542,6.018584812795691,1.1324595930354715,1.5129020375425046,-10.154988593249302
2508.152147391971,7.305779637939743,7.243779452707011,1.2645090291550567,1.2500161427259235,-11.460241930558974,6.181432402339286,6.1624361924218025,1.4620743464380181,1.4792451971708251,-10.328257952165728,7.062934572999472,7.382397447923072,1.2416432607752284,1.2500161427259235,-11.460241930558974,6.134318083052984,6.164933906304604,1.4268495040709999,1.4792451971708251,-10.328257952165728,7.264165192279679,7.253516577086526,1.220626248292978,1.2500161427259235,-11.460241930558974,5.9803359395860785,6.115204787521255,1.4942950879551873,1.4792451971708251,-10.328257952165728,7.245938557009986,7.244896549197501,1.2602524959501058,1.2500161427259235,-11.460241930558974,6.194324446597681,6.152158419610794,0.8987392418886391,1.4792451971708251,-10.328257952165728
2536.7330419014015,7.445117323895751,7.400597015818928,1.249885081002595,1.2221693634222777,-11.575842266068344,6.331993984229332,6.298923449417347,1.4560690172914077,1.4463316542830928,-10.498381267461976,7.305371369219396,7.5415518246842925,1.2063287945322059,1.2221693634222777,-11.575842266068344,6.243515306400822,6.301471417801387,1.4388704340766436,1.4463316542830928,-10.498381267461976,7.359532206287826,7.410500772606246,1.193867099443478,1.2221693634222777,-11.575842266068344,6.102014276451582,6.250739534954695,1.4908492542740746,1.4463316542830928,-10.498381267461976,7.423299210138652,7.401733247814625,1.2217778937634134,1.2221693634222777,-11.575842266068344,6.2905045670734925,6.288438761507465,0.9456806234251129,1.4463316542830928,-10.498381267461976
2565.6396214103675,7.608129822119292,7.560052372069348,1.2337178760934464,1.194938637778607,-11.679513497921114,6.426934258485655,6.43813896205484,1.4038532561228676,1.4141451456398153,-10.664510509159019,7.456683455450017,7.703289501145228,1.1843363864753989,1.194938637778607,-11.679513497921114,6.432216834493487,6.440737504516725,1.3733542811640858,1.4141451456398153,-10.664510509159019,7.5613778312552125,7.570119326105068,1.1943294420311026,1.194938637778607,-11.679513497921114,6.243982392198541,6.388996139739725,1.4446578019424905,1.4141451456398153,-10.664510509159019,7.561243012836504,7.56120734840117,1.2073190711494495,1.194938637778607,-11.679513497921114,6.441994117201093,6.427446024010422,0.8884161726919839,1.4141451456398153,-10.664510509159019
2594.875597164467,7.7952488642037245,7.7220829537899185,1.2171698881086883,1.168310456567304,-11.770198797689059,6.588505433808834,6.580097311443857,1.3491237406785492,1.3826697596545894,-10.825727188561858,7.585173625940316,7.867532202026515,1.1506765960029326,1.168310456567304,-11.770198797689059,6.596471735724186,6.5827466426292265,1.3433236391397037,1.3826697596545894,-10.825727188561858,7.721296997365377,7.732308618601117,1.1315237139336332,1.168310456567304,-11.770198797689059,6.40122970333679,6.529991117216259,1.4148218392451852,1.3826697596545894,-10.825727188561858,7.731253883656472,7.723256163066249,1.154417640478869,1.168310456567304,-11.770198797689059,6.60458955756445,6.569195217188768,0.8685549113255864,1.3826697596545894,-10.825727188561858
2624.4447226996817,7.940241962283775,7.886608302053886,1.1927891031873437,1.142271603309994,-11.846921788347213,6.706786657841498,6.7248069396486105,1.3183731375331638,1.35188992888963,-10.981047018050818,7.8148740182622785,8.034181554612537,1.1533035688848066,1.142271603309994,-11.846921788347213,6.715855644656879,6.727507151518491,1.3679881399295288,1.35188992888963,-10.981047018050818,7.849961323639983,7.896986990716943,1.1002318470382284,1.142271603309994,-11.846921788347213,6.5353995114487535,6.673735172702421,1.3854536638838226,1.35188992888963,-10.981047018050818,7.887121361018186,7.887799095595272,1.1399297316660655,1.142271603309994,-11.846921788347213,6.7183814257122005,6.713695284743983,0.8467474701814315,1.35188992888963,-10.981047018050818
2654.350794324286,8.093236887437477,8.053527557440667,1.17103209252696,1.116809148004506,-11.908816724700397,6.872591202120788,6.872269125548752,1.2968744342633682,1.3217904227056596,-11.12942769099343,8.009830909478984,8.2031163314372,1.1070163604540837,1.116809148004506,-11.908816724700397,6.797195597862877,6.875020167187765,1.2914882381548507,1.3217904227056596,-11.12942769099343,8.067624683643386,8.064052216344704,1.0929070875580549,1.116809148004506,-11.908816724700397,6.666808211611157,6.8202322226485625,1.3425947782808052,1.3217904227056596,-11.12942769099343,8.118934333523319,8.054735130255638,1.1362709235026434,1.116809148004506,-11.908816724700397,6.901049650886472,6.860948089857092,0.8015791035001183,1.3217904227056596,-11.12942769099343
2684.5976516062456,8.251445445193344,8.22271666947425,1.100752833134748,1.091910440985264,-11.955157471638563,6.983685456235957,7.0224768210029955,1.2687545814112928,1.2923563400626619,-11.26978021885693,8.105706011576443,8.37418939816682,1.101500119507969,1.091910440985264,-11.955157471638563,6.904610806848313,7.02527847569249,1.2757669391307251,1.2923563400626619,-11.26978021885693,8.276224929292011,8.23337869393267,1.0792496233897437,1.091910440985264,-11.955157471638563,6.717680065439746,6.969478281634749,1.3209823742640197,1.2923563400626619,-11.26978021885693,8.27423399679674,8.223940039153447,1.114707356548593,1.091910440985264,-11.955157471638563,7.028365441301,7.010947262556115,0.6427159190604865,1.2923563400626619,-11.26978021885693
2715.189177866168,8.415177599649624,8.394025309758202,1.0510047744823183,1.0675631069154434,-11.985383411650627,7.137194819829286,7.175413330597755,1.2697450929240715,1.2635731024712058,-11.400984141230344,8.210386305026676,8.547224356216793,1.0756825066583438,1.0675631069154434,-11.985383411650627,7.13490060015831,7.178265189833027,1.2184263204681463,1.2635731024712058,-11.400984141230344,8.423787721308079,8.404814340686078,1.0496168249549043,1.0675631069154434,-11.985383411650627,6.872049635927647,7.121460198971436,1.2493731946771476,1.2635731024712058,-11.400984141230344,8.438959708078626,8.395263293198642,1.0801360059725913,1.0675631069154434,-11.985383411650627,7.182620478620015,7.16367689198962,0.5351882135148298,1.2635731024712058,-11.400984141230344
2746.1293006758756,8.596217687786137,8.567273479066651,1.0142847458021038,1.0437550389055763,-11.999120444541905,7.30343747128067,7.3310508169509445,1.2137967184729375,1.2354264470893033,-11.52190672995057,8.441795960424402,8.722011877169765,1.0509647508019007,1.0437550389055763,-11.999120444541905,7.318667721058197,7.33395225105655,1.2153542324757387,1.2354264470893033,-11.52190672995057,8.572096176443955,8.578177180339797,1.0303847418145167,1.0437550389055763,-11.999120444541905,6.923324146073229,7.2761542273210225,1.2062231411139912,1.2354264470893033,-11.52190672995057,8.621486391775607,8.568524666978195,1.0745660112485251,1.0437550389055763,-11.999120444541905,7.351508946231073,7.31911004566845,0.45076228051935385,1.2354264470893033,-11.52190672995057
2777.4219923626556,8.748140542191585,8.74224780652543,1.0055693358481108,1.020474392760133,-11.9961954836015,7.472881811967003,7.489348612381254,1.204152042812086,1.2079024199662052,-11.6314260380733,8.709357214452217,8.898305736891412,1.041471712398438,1.020474392760133,-11.9961954836015,7.472332425209863,7.492298737362102,1.209355510346362,1.2079024199662052,-11.6314260380733,8.768060767658762,8.753251623241866,1.0001146929916778,1.020474392760133,-11.9961954836015,7.304224490684797,7.433524404534207,1.1652614061978426,1.2079024199662052,-11.6314260380733,8.778258865550947,8.743510535743312,1.0254883895599325,1.020474392760133,-11.9961954836015,7.479042575368476,7.477207096572579,0.3616099899988019,1.2079024199662052,-11.6314260380733
2809.071270519258,8.932794270657574,8.918697550270954,0.9731281425215274,0.9977095813444142,-11.976643293972877,7.641849205603016,7.650251316880415,1.1615482340320993,1.1809873694268107,-11.72845730681233,8.834033217622592,9.075818572179713,0.9991572564962018,0.9977095813444142,-11.976643293972877,7.684152323131882,7.653248957129816,1.1730862140501328,1.1809873694268107,-11.72845730681233,8.942166410593499,8.929784448968224,0.9854373550923524,0.9977095813444142,-11.976643293972877,7.442781764824607,7.5935207289015185,1.15717057314205,1.1809873694268107,-11.72845730681233,8.959898980872802,8.919969873993068,0.9944540195818735,0.9977095813444142,-11.976643293972877,7.655054301859801,7.637913838106469,0.2764095484449467,1.1809873694268107,-11.72845730681233
2841.0811985197015,9.135509157418213,9.09633032445439,0.9716824588211738,0.9754492690741478,-11.940705114308418,7.838959190677265,7.813686661878577,1.1366193948791148,1.1546679395969963,-11.811981862384012,8.926906904109797,9.254217402763448,0.9688013430711718,0.9754492690741478,-11.940705114308418,7.856424421957899,7.816730308366986,1.1579303369171035,1.1546679395969963,-11.811981862384012,9.127187490059784,9.107480517465742,0.9793801828325156,0.9754492690741478,-11.940705114308418,7.495202328718284,7.756077107407203,1.1516576165293593,1.1546679395969963,-11.811981862384012,9.129553624241067,9.09760998064751,0.9729610610504341,0.9754492690741478,-11.940705114308418,7.817804149091566,7.801159366413258,0.046377363182427134,1.1546679395969963,-11.811981862384012
2873.4558860409716,9.30948068712469,9.274807598069136,0.9515527171260162,0.9536823665217706,-11.888819175091047,8.048752176686552,7.9795631195267624,1.106013793321103,1.128931064065834,-11.8810772496111,9.130410939122017,9.433118987430117,0.9892231198307483,0.9536823665217706,-11.888819175091047,8.048055771953972,7.982650883100689,1.1451068629613408,1.128931064065834,-11.8810772496111,9.29171836393443,9.285998255685042,0.959804668905773,0.9536823665217706,-11.888819175091047,7.664957519811031,7.921109056532868,1.091712740617588,1.128931064065834,-11.8810772496111,9.293060015041887,9.276091976462537,0.9453095612572827,0.9536823665217706,-11.888819175091047,7.993885612458227,7.966853709720681,0.16364254879711138,1.128931064065834,-11.8810772496111
2906.199489590634,9.486984779357403,9.453740037803056,0.944663363372697,0.9323980251377222,-11.821603883569487,8.146121465933074,8.147767238386656,1.097132622239342,1.1037639596826987,-11.934947013403175,9.285509534893626,9.612085115897486,0.9638056413720703,0.9323980251377222,-11.821603883569487,8.204550063927122,8.150896797845759,1.137629655069726,1.1037639596826987,-11.934947013403175,9.512855144699257,9.464944993802089,0.9470581686050122,0.9323980251377222,-11.821603883569487,7.780447888870254,8.088511135965428,1.051223032056086,1.1037639596826987,-11.934947013403175,9.488585342004052,9.455026146099453,0.9247441621793765,0.9323980251377222,-11.821603883569487,8.19147618828738,8.134885185481764,0.14668798227322566,1.1037639596826987,-11.934947013403175
2939.316213040493,9.685713024641132,9.632682800786617,0.9225716995179342,0.9115856320862491,-11.739834996633318,8.338383571516381,8.318160688916013,1.068846767829764,1.0791541204863468,-11.972948312667702,9.438035290651653,9.790617978421546,0.9391426496614818,0.9115856320862491,-11.739834996633318,8.37025394015388,8.321329233594803,1.0898598164953226,1.0791541204863468,-11.972948312667702,9.71108434164202,9.64387225925114,0.9505738591379339,0.9115856320862491,-11.739834996633318,7.875970066235789,8.25815409754075,1.0147063793086097,1.0791541204863468,-11.972948312667702,9.68769470752691,9.633967230990546,0.9241438931611657,0.9115856320862491,-11.739834996633318,8.37944413398665,8.305117468449797,0.16996006846294986,1.0791541204863468,-11.972948312667702
2972.81030816631,9.82478179647887,9.811130924378048,0.8985170762728275,0.8912348051896475,-11.644418481180898,8.493887455605336,8.49057700641116,1.0563836181995212,1.0550893117635107,-11.994615489120246,9.559849114306134,9.968155803281647,0.8894197991001013,0.8912348051896475,-11.644418481180898,8.538238318326208,8.493781173090222,1.0531468762544156,1.0550893117635107,-11.994615489120246,9.848318042759827,9.82227117855818,0.9319013204077903,0.8912348051896475,-11.644418481180898,7.898881272766316,8.429881735354288,1.0011473412857903,1.0550893117635107,-11.994615489120246,9.870668473580585,9.812409820468398,0.8998523741200376,0.8912348051896475,-11.644418481180898,8.531665191596689,8.477386356949737,0.13999067129840737,1.0550893117635107,-11.994615489120246
3006.6860751936797,9.962381277581503,9.988515009163457,0.8771543771260711,0.8713353879822004,-11.536360932250014,8.650759761093685,8.664818025692108,1.0466945687484808,1.0315575642345016,-11.999677853251868,9.59060364966602,10.144069007698814,0.8838771887269109,0.8713353879822004,-11.536360932250014,8.708528617875018,8.668053829815591,1.045531180002679,1.0315575642345016,-11.999677853251868,9.99258849821757,9.999568186468618,0.8962675499865659,0.8713353879822004,-11.536360932250014,8.07465153861204,8.603507428687521,0.9853469044304468,1.0315575642345016,-11.999677853251868,10.032591400408068,9.98978403771541,0.8960679478654686,0.8713353879822004,-11.536360932250014,8.695952825357123,8.651496231031633,0.16600774334644552,1.0315575642345016,-11.999677853251868
3040.947863350127,10.135361588822693,10.164197447515077,0.8454089686905627,0.851877444868266,-11.41673938481807,8.830423643404927,8.84065001148702,0.9926553328930748,1.0085471683626392,-11.988070298905347,9.829188501061159,10.31765716876258,0.8436580657000773,0.851877444868266,-11.41673938481807,8.809982825737453,8.843912772871915,1.0082401924354683,1.0085471683626392,-11.988070298905347,10.17128217055747,10.175121298429525,0.8591334980559585,0.851877444868266,-11.41673938481807,8.340397267969417,8.778810377924703,1.0206838394471802,1.0085471683626392,-11.988070298905347,10.195034847445738,10.165451773299592,0.8634327250354946,0.851877444868266,-11.41673938481807,8.831887970798265,8.827216205600726,0.22603079347299837,1.0085471683626392,-11.988070298905347
3075.600071423494,10.333601742566586,10.337469511542487,0.8249553488969384,0.8328512563853825,-11.286672149456349,8.9707295456211,9.017799501968685,0.9710317407001828,0.986046668785719,-11.959935887557293,10.04403183150563,10.488147184310183,0.8413720562742787,0.8328512563853825,-11.286672149456349,8.922243852382998,9.021083765484688,0.9213579859416745,0.986046668785719,-11.959935887557293,10.362401509141781,10.348217264224235,0.8368697232723091,0.8328512563853825,-11.286672149456349,8.701783490421382,8.95553154568512,0.9580439264671661,0.986046668785719,-11.959935887557293,10.380324655980862,10.338703780589974,0.8740686669924503,0.8328512563853825,-11.286672149456349,8.976580212983974,9.004275994794435,0.30404772258449353,0.986046668785719,-11.959935887557293
3110.6471483266846,10.536326709276103,10.50754967761449,0.7929475506060933,0.81424731456739,-11.147291978458046,9.114562157131068,9.195948901130311,0.9054015239496519,0.96404485886623,-11.915620189851914,10.249809249995872,10.654693054067955,0.8253874883167901,0.81424731456739,-11.147291978458046,9.175532798489503,9.199248353215147,0.8623018240463756,0.96404485886623,-11.915620189851914,10.520172310555322,10.518069983840576,0.8178066642634091,0.81424731456739,-11.147291978458046,8.973541693946325,9.133369331867259,0.9571231608574422,0.96404485886623,-11.915620189851914,10.555114118047188,10.508758010676566,0.8616979846315477,0.81424731456739,-11.147291978458046,9.222375850737633,9.182361521719137,0.3385146760039046,0.96404485886623,-11.915620189851914
3146.0935936688584,10.708323784190931,10.673583624191451,0.7822334146609394,0.7960563184067331,-10.999722487601636,9.323810416486893,9.374731879596688,0.9146694758987434,0.9425307753585386,-11.855657847863853,10.423469593789774,10.816377760870147,0.811004829341106,0.7960563184067331,-10.999722487601636,9.307780041646499,9.378039261975017,0.8236838717471562,0.9425307753585386,-11.855657847863853,10.693625119509916,10.683820625749343,0.7816563410298206,0.7960563184067331,-10.999722487601636,9.20912744701601,9.31197503310594,0.9515568597694539,0.9425307753585386,-11.855657847863853,10.683852091683617,10.674759623929646,0.7975878433620703,0.7960563184067331,-10.999722487601636,9.340075535202223,9.361110331104037,0.39911581121045114,0.9425307753585386,-11.855657847863853
3181.9439583331164,10.847018113128907,10.834646387339191,0.744214500612219,0.778269169413514,-10.845058374117668,9.545934674977708,9.553728673971957,0.8821607016158549,0.9214936931896964,-11.780752433489809,10.680088125734644,10.97221775987383,0.8052267383370276,0.778269169413514,-10.845058374117668,9.509606564039224,9.557035696574664,0.8135227804980358,0.9214936931896964,-11.780752433489809,10.856904896541591,10.844539934308537,0.7916322384514535,0.778269169413514,-10.845058374117668,9.352403325462559,9.49094816524278,0.9522371726400571,0.9214936931896964,-11.780752433489809,10.853606255487966,10.835783162845905,0.7776050999367573,0.778269169413514,-10.845058374117668,9.54416505203791,9.54010689239488,0.3506058819907676,0.9214936931896964,-11.780752433489809
3218.2028450607822,10.965604503889807,10.989747183138102,0.755794827346825,0.7608769672693204,-10.684349625590928,9.757029926308807,9.732461412689556,0.8917528702061571,0.9009231203523205,-11.691751146052379,10.809756509635344,11.121170577424808,0.7755227764132092,0.7608769672693204,-10.684349625590928,9.731411453082643,9.735758668543008,0.8349923679096127,0.9009231203523205,-11.691751146052379,10.964239246856115,10.999233236018572,0.7763958722752319,0.7608769672693204,-10.684349625590928,9.473734506825222,9.669831762618205,0.9179330510245336,0.9009231203523205,-11.691751146052379,10.988612757418318,10.990837395460424,0.7397086244894527,0.7608769672693204,-10.684349625590928,9.713172757721766,9.718877918106532,0.17532890361922182,0.9009231203523205,-11.691751146052379
3254.874909042336,11.181800453000559,11.13783739506297,0.7634961967420567,0.7438710055737175,-10.518589633410958,9.962910355123565,9.910389641956996,0.9015705061047069,0.8808087929057009,-11.589616164208245,10.94146868874889,11.26214596615257,0.751216689897967,0.7438710055737175,-10.518589633410958,9.960940430155304,9.913666527730998,0.8805866857815934,0.8808087929057009,-11.589616164208245,11.156232020937987,11.146848640473365,0.7484455731204468,0.7438710055737175,-10.518589633410958,9.55662168120625,9.848107810888047,0.8964375684251458,0.8808087929057009,-11.589616164208245,11.178439800316221,11.138873327151682,0.7501524128804998,0.7438710055737175,-10.518589633410958,9.954676662475707,9.896887867277616,0.18152603690342173,0.8808087929057009,-11.589616164208245
3291.9648585150794,11.330813622662244,11.277822162777946,0.7665937257260923,0.7272427676807369,-10.348706918720909,10.121352500987559,10.086906278552894,0.9261890693540086,0.8611406700854801,-11.475394528594109,11.028862090293751,11.394020944993336,0.7025981627289978,0.7272427676807369,-10.348706918720909,10.132021435043207,10.090150925499056,0.8869127901180418,0.8611406700854801,-11.475394528594109,11.30931376952279,11.286288866595084,0.7431255744329744,0.7272427676807369,-10.348706918720909,9.71677811198782,10.025193020668429,0.9046042906096083,0.8611406700854801,-11.475394528594109,11.29575905210712,11.278795816628456,0.7433672042106675,0.7272427676807369,-10.348706918720909,10.086789808336322,10.073534856493744,0.045764151509833484,0.8611406700854801,-11.475394528594109
3329.477455367629,11.4473572349476,11.408575882897807,0.7535012732126981,0.7109839226246849,-10.175560047276505,10.237316197494597,10.26133427569002,0.9286121678342053,0.8419089295156796,-11.350188302209027,11.067772332116101,11.515658861513074,0.6653870754085011,0.7109839226246849,-10.175560047276505,10.278419317415125,10.264533496847978,0.9225930262258322,0.8419089295156796,-11.350188302209027,11.436827924034896,11.416426994416085,0.7521825630774307,0.7109839226246849,-10.175560047276505,9.850645920580638,10.200435206779177,0.8395258169345468,0.8419089295156796,-11.350188302209027,11.411236408448127,11.409479105480557,0.7162334123168964,0.7109839226246849,-10.175560047276505,10.211066364648355,10.248147259995523,-0.020011845646314752,0.8419089295156796,-11.350188302209027
3367.417515751261,11.593493615901483,11.528961732071306,0.7412187524514339,0.6950863211320167,-9.999935242870349,10.408125646200403,10.432924351240032,0.8857007667281057,0.8231039625244616,-11.215126481003146,11.112893747445133,11.625932345709678,0.6395614514057802,0.6950863211320167,-9.999935242870349,10.425919455235299,10.436063611966468,0.8788926667958412,0.8231039625244616,-11.215126481003146,11.589740706001704,11.53612623766348,0.707980150575627,0.6950863211320167,-9.999935242870349,10.175054883185341,10.373110600090081,0.8343793962141035,0.8231039625244616,-11.215126481003146,11.577295280710596,11.529786369934493,0.7233418828038335,0.6950863211320167,-9.999935242870349,10.359929289249438,10.419981343331887,0.04761806485260789,0.8231039625244616,-11.215126481003146
3405.7899106982622,11.655532249509381,11.637855045962851,0.7091597779078919,0.6795419917180944,-9.822546193595535,10.603828271435791,10.60085418969853,0.8460765234695512,0.804716369559413,-11.071339766026728,11.150079229844378,11.723749687397362,0.6324022309218561,0.6795419917180944,-9.822546193595535,10.56769998775998,10.60391760966375,0.8514181933982554,0.804716369559413,-11.071339766026728,11.694323074112107,11.644263550986395,0.7011506609240333,0.6795419917180944,-9.822546193595535,10.274392669275796,10.542422482066279,0.8008302572858348,0.804716369559413,-11.071339766026728,11.661913732530172,11.638593126134168,0.7076851046700984,0.6795419917180944,-9.822546193595535,10.54774342501611,10.58822033738371,-0.04817999428915587,0.804716369559413,-11.071339766026728
3444.5995667473044,11.722990406651032,11.734170043851082,0.6805333482074823,0.664343136867024,-9.64403556685858,10.859239715939513,10.764229583338842,0.8778262779592464,0.7867369557005344,-10.919938919257495,11.283580607760284,11.808083786191734,0.6342958084234395,0.664343136867024,-9.64403556685858,10.831353008715052,10.767199979010588,0.8098029803075439,0.7867369557005344,-10.919938919257495,11.795547345327117,11.739756538273143,0.6858783927760056,0.664343136867024,-9.64403556685858,10.595112626523607,10.70750158995583,0.7757185055552114,0.7867369557005344,-10.919938919257495,11.733441838120127,11.734813976008645,0.6775142086025777,0.664343136867024,-9.64403556685858,10.825436557057651,10.75197541457882,0.10163765083811183,0.7867369557005344,-10.919938919257495
3483.851466575951,11.826625755571563,11.81688900239747,0.6516234740608654,0.6494821292927073,-9.464977794457026,10.979539674722407,10.922088014414037,0.8026703133158993,0.7691567262688491,-10.761997056587182,11.336827714985857,11.878002433174291,0.6162957117605478,0.6494821292927073,-9.464977794457026,10.937082841358855,10.924946991477299,0.751790516056178,0.7691567262688491,-10.761997056587182,11.854855647682852,11.821592740885137,0.6703253212070178,0.6494821292927073,-9.464977794457026,10.768146792548345,10.86740878443794,0.7687009688942048,0.7691567262688491,-10.761997056587182,11.821477905094254,11.81743179443629,0.6628467649708302,0.6494821292927073,-9.464977794457026,10.959016287778434,10.910289067266758,0.19951401820637327,0.7691567262688491,-10.761997056587182
3523.55064964037,11.864687971705305,11.885092594605586,0.5867557088358092,0.6349515082788875,-9.285882747234258,11.096820077946969,11.073405186752206,0.7686821407970496,0.7519668825288193,-10.598535917117458,11.398029152304373,11.932698339707343,0.6393283862791937,0.6349515082788875,-9.285882747234258,11.093601425831018,11.076133291661407,0.7246949247461592,0.7519668825288193,-10.598535917117458,11.920131692508336,11.888859998719601,0.6573833593942039,0.6349515082788875,-9.285882747234258,10.841530811083993,11.021140490062091,0.7884872803421175,0.7519668825288193,-10.598535917117458,11.896689079551,11.885528071066778,0.6303639479348074,0.6349515082788875,-9.285882747234258,11.171588682962993,11.062141397468345,0.16636166287742182,0.7519668825288193,-10.598535917117458
3563.702212822341,11.926762589679722,11.937989775562656,0.5542762114588834,0.6207439760968583,-9.107199981474142,11.266420584293119,11.217104977547663,0.744688519501106,0.7351588174817048,-10.430515905631616,11.613601111459035,11.971517092025572,0.624692882084266,0.6207439760968583,-9.107199981474142,11.214719463742941,11.21968191621451,0.6867230742627752,0.7351588174817048,-10.430515905631616,11.971611955440414,11.940776247913067,0.6451214862614817,0.6207439760968583,-9.107199981474142,11.263053241600927,11.167637398387193,0.7715560760333773,0.7351588174817048,-10.430515905631616,11.963000734735063,11.938312786326842,0.6227867229966154,0.6207439760968583,-9.107199981474142,11.255280232269927,11.206459793539619,0.03520459154636879,0.7351588174817048,-10.430515905631616
3604.311311083628,11.951982600581367,11.974945375850217,0.5395539419149985,0.6068523944997064,-8.929323300498503,11.385274873288832,11.352073184161881,0.7186698858094783,0.7187241117493843,-10.258829538848648,11.663631451487928,11.99398113673218,0.6131917515441051,0.6068523944997064,-8.929323300498503,11.33886260388153,11.354478113365866,0.6583101846698431,0.7187241117493843,-10.258829538848648,11.987307528023264,11.976716907376524,0.6138940727441676,0.6068523944997064,-8.929323300498503,11.400896143133268,11.305796849798517,0.7701189755782138,0.7187241117493843,-10.258829538848648,12.011054779149907,11.975151981465778,0.6193276065376278,0.6068523944997064,-8.929323300498503,11.354896258219975,11.342132378225983,-0.11434662805934326,0.7187241117493843,-10.258829538848648
3645.383158127813,11.988347843069583,11.995503511811352,0.5372472436713659,0.593269781290108,-8.75259543124278,11.510865989144971,11.477175274190854,0.6928248829668558,0.7026545295447927,-10.084297829791351,11.710504487782382,11.999808031422436,0.5695430339792485,0.593269781290108,-8.75259543124278,11.489571616730924,11.47938716751048,0.6653375183922554,0.7026545295447927,-10.084297829791351,11.989303417064901,11.996237966712119,0.5968605304407161,0.593269781290108,-8.75259543124278,11.36979584689629,11.434489169278148,0.775268510639318,0.7026545295447927,-10.084297829791351,12.031151566034792,11.995591132170984,0.5871498265179586,0.593269781290108,-8.75259543124278,11.458118276808419,11.468025451709833,-0.22139510526757067,0.7026545295447927,-10.084297829791351
3686.923027069672,12.033160351556315,11.99940507557046,0.5729910076797319,0.5799893069618545,-8.577312664959564,11.646830432220412,11.591278103693057,0.697088251858406,0.6869420147284113,-9.907669106413966,11.694659430474234,11.988921535917957,0.5697902162641503,0.5799893069618545,-8.577312664959564,11.620730259001022,11.593276188540067,0.703729702790663,0.6869420147284113,-9.907669106413966,12.005254635540497,11.999093055178234,0.6080840249372818,0.5799893069618545,-8.577312664959564,11.362516532358397,11.552578015149965,0.7304061779782884,0.6869420147284113,-9.907669106413966,12.050762176975054,11.99937259053269,0.6027028309664718,0.5799893069618545,-8.577312664959564,11.584644346188442,11.58300491576378,-0.2349667707714136,0.6869420147284113,-9.907669106413966
3728.9362511121763,11.99442831940052,11.986597932373385,0.5633696780682479,0.5670042914111377,-8.403729352932608,11.750026561633724,11.69327525213658,0.6809397501143682,0.6715786869487748,-9.729619766303285,11.719338023083415,11.961454645790718,0.5648132103325322,0.5670042914111377,-8.403729352932608,11.70619680288976,11.695039508026152,0.6678003871061184,0.6715786869487748,-9.729619766303285,11.97406061894055,11.985243148593598,0.5455271699193721,0.5670042914111377,-8.403729352932608,11.443468427039575,11.65894450784452,0.6528056053508138,0.6715786869487748,-9.729619766303285,12.012981926983988,11.986445726256152,0.5916823612746182,0.5670042914111377,-8.403729352932608,11.734061394724277,11.685961353905668,-0.13959929830473317,0.6715786869487748,-9.729619766303285
3771.42822423121,11.999718195186851,11.95723899688591,0.5618005465464607,0.554308200719117,-8.232062182238232,11.847301427448862,11.782115251023175,0.6637719862518264,0.6565568378644003,-9.550756504812242,11.813614024306181,11.91774431829492,0.5630141835199799,0.554308200719117,-8.232062182238232,11.761153691469769,11.783626952019471,0.6583005015788528,0.6565568378644003,-9.550756504812242,11.944263259608617,11.954858124478081,0.547677034666067,0.554308200719117,-8.232062182238232,11.473394444454199,11.752514550504243,0.6653461795649314,0.6565568378644003,-9.550756504812242,11.979969839406111,11.956968943172114,0.5905889555811686,0.554308200719117,-8.232062182238232,11.7902617815607,11.775838074076749,0.0646066590288552,0.6565568378644003,-9.550756504812242
3814.4044018680866,11.963845321571515,11.911688017297697,0.5436431637443627,0.5418946440015389,-8.062494183790156,11.89018209880933,11.85683159019074,0.6905475454720883,0.6418689274466824,-9.371619607265664,11.725572496408398,11.858318323988957,0.549860776151012,0.5418946440015389,-8.062494183790156,11.853449380359535,11.858073867293204,0.6383491732208162,0.6418689274466824,-9.371619607265664,11.91848436639968,11.908310037202458,0.5260626118588382,0.5418946440015389,-8.062494183790156,11.527220269859308,11.83228836290375,0.6436446629630161,0.6418689274466824,-9.371619607265664,11.963428383127363,11.911303404817454,0.5719436561484702,0.5418946440015389,-8.062494183790156,11.863863513103206,11.851661027480224,0.02463082064144939,0.6418689274466824,-9.371619607265664
3857.8703016299723,11.872705464483428,11.850493577098744,0.519545454561459,0.5297573703255632,-7.895178445957462,11.95246180795645,11.916573020595294,0.7331771881232417,0.6275075803602512,-9.192686957264897,11.5757474534074,11.783875280479943,0.5580922352262737,0.5297573703255632,-7.895178445957462,11.933315363787468,11.917531413708842,0.6386040479698201,0.6275075803602512,-9.192686957264897,11.867914417381519,11.846158664236338,0.5197568352585845,0.5297573703255632,-7.895178445957462,11.701546790673659,11.897370868843504,0.6491411059586767,0.6275075803602512,-9.192686957264897,11.93510034412738,11.849998983697684,0.5997360278360911,0.5297573703255632,-7.895178445957462,11.905743150211576,11.912569147898555,0.17053117726029154,0.6275075803602512,-9.192686957264897
3901.831503998258,11.785466658366332,11.774372434919494,0.4963100177971847,0.5178902656915833,-7.730241522912616,11.965930741490261,11.960632394032134,0.6897283933178348,0.6134655824210182,-9.014378475649096,11.54591629348153,11.695259405550843,0.5141224525276703,0.5178902656915833,-7.730241522912616,11.95226486524285,11.961295359226114,0.5920262623685693,0.6134655824210182,-9.014378475649096,11.787820331705513,11.76913047779612,0.5027283587353656,0.5178902656915833,-7.730241522912616,11.777021877007103,11.94700126137304,0.5976736580650908,0.6134655824210182,-9.014378475649096,11.83067274576066,11.773773558545969,0.5597767728239663,0.5178902656915833,-7.730241522912616,11.96779377129205,11.95784336870428,0.19638329521598874,0.6134655824210182,-9.014378475649096
3946.2936530450393,11.719628794052198,11.684183783153564,0.49171736760212365,0.5062873500795959,-7.567786538448631,12.004371623681209,11.98847214804311,0.6512957607102895,0.5997358771288543,-8.837060763693655,11.429598044902795,11.59343181170102,0.5101949935385347,0.5062873500795959,-7.567786538448631,11.994231432429128,11.98883148506214,0.6182068873477773,0.5997358771288543,-8.837060763693655,11.715465155678304,11.678092645097756,0.48080866444845805,0.5062873500795959,-7.567786538448631,11.80849526571829,11.98057988049787,0.6031173572144084,0.5997358771288543,-8.837060763693655,11.731832436745739,11.683487242919517,0.5611629422845045,0.5062873500795959,-7.567786538448631,12.0312600882574,11.986932429562087,0.16854666246025585,0.5997358771288543,-8.837060763693655
3991.2624571577376,11.587189756892919,11.580900266455584,0.4936916355970021,0.49494277455728847,-7.407895994159444,12.025611373496606,11.999744604557305,0.5872186093292865,0.5863115622738758,-8.661051776994137,11.36359174570097,11.47944023586027,0.4873658255360537,0.49494277455728847,-7.407895994159444,12.042912121504411,11.999795772653288,0.6315519519379,0.5863115622738758,-8.661051776994137,11.572323540749158,11.574023907465865,0.4435090341014186,0.49494277455728847,-7.407895994159444,11.796473769186173,11.997690526885524,0.5663647909574827,0.5863115622738758,-8.661051776994137,11.602840405948983,11.580113387319468,0.5227533440598972,0.49494277455728847,-7.407895994159444,12.039347785220132,11.99947362935408,0.12977666098599028,0.5863115622738758,-8.661051776994137
4036.7436897719913,11.472802868188719,11.465577648982661,0.4780488167225017,0.4838508184500922,-7.250634296335018,11.983317379732412,11.994305524010468,0.5891425944342455,0.5731858866149185,-8.486625401893026,11.226971570170045,11.35438897534064,0.45357573426836717,0.4838508184500922,-7.250634296335018,12.029371212949126,11.994047821181418,0.6223462120629355,0.5731858866149185,-8.486625401893026,11.447794697577349,11.457984223434657,0.4398437535999532,0.4838508184500922,-7.250634296335018,11.806062434575923,11.998116533382197,0.5747084181865745,0.5731858866149185,-8.486625401893026,11.494350737684188,11.464708243312199,0.5172275510739549,0.4838508184500922,-7.250634296335018,12.056930903370164,11.995306938896235,0.12861063935774664,0.5731858866149185,-8.486625401893026
4082.7431901128894,11.353560226783237,11.339324876688131,0.46972942301941184,0.4730058865709435,-7.096050019320273,11.985690712709758,11.972219827855618,0.5740849462547243,0.5603522466277191,-8.314015844047308,11.13738262886507,11.219410529281738,0.4531443824345279,0.4730058865709435,-7.096050019320273,11.95012634383908,11.971656418873229,0.5985024895350497,0.5603522466277191,-8.314015844047308,11.334274807881107,11.331084907891517,0.450182069870935,0.4730058865709435,-7.096050019320273,11.77927074822209,11.981849321951719,0.55336482537788,0.5603522466277191,-8.314015844047308,11.377523515104249,11.338381034353983,0.4868476433317216,0.4730058865709435,-7.096050019320273,11.992079427174057,11.974481344496331,0.06280504863907876,0.5603522466277191,-8.314015844047308
4129.2668639446565,11.201026102574826,11.203275995648642,0.46198034356859746,0.46240250650850584,-6.944177924931011,11.99339190624281,11.933759019659291,0.5837856462987671,0.5478041833228432,-8.143421769167803,10.969508767147994,11.07564008281485,0.4735757522288301,0.46240250650850584,-6.944177924931011,11.93483298456087,11.932896810568979,0.5796825685736335,0.5478041833228432,-8.143421769167803,11.18649255814051,11.194460706981017,0.39901832774766655,0.46240250650850584,-6.944177924931011,11.71183079486344,11.949088747685037,0.5304400884205371,0.5478041833228432,-8.143421769167803,11.20327114783145,11.202265891873484,0.43750864872516393,0.46240250650850584,-6.944177924931011,11.950703035476904,11.937252902124055,-0.1562326449438618,0.5478041833228432,-8.143421769167803
4176.320684328881,11.085442222475837,11.058565018911963,0.463692012470957,0.4520353259732857,-6.795040758234576,11.931339899937555,11.879390517284357,0.5660475970433997,0.5355353791304208,-7.975010159845671,10.816095394857106,10.924193578340384,0.45831354830874227,0.4520353259732857,-6.795040758234576,11.903786793649626,11.878239886685355,0.5547656648266601,0.5355353791304208,-7.975010159845671,11.052786311830884,11.049244876808974,0.4392801705213868,0.4520353259732857,-6.795040758234576,11.703855150475592,11.900235201501639,0.5016613164553547,0.5355353791304208,-7.975010159845671,11.045603897645728,11.05749674629996,0.4207687122965854,0.4520353259732857,-6.795040758234576,11.883591491570128,11.8840746625912,-0.2504456060342324,0.5355353791304208,-7.975010159845671
4223.910692391379,10.927683074925415,10.906304441425984,0.423872914226265,0.44189911019975314,-6.648650839904063,11.885870374021628,11.809759761415457,0.5970245421370092,0.5235396548510679,-7.808919870614125,10.492306966148577,10.766149744520863,0.4391563907648196,0.44189911019975314,-6.648650839904063,11.822866937848964,11.808334170027837,0.5156769382232218,0.5235396548510679,-7.808919870614125,10.92660100497559,10.896547941283401,0.44953812513013014,0.44189911019975314,-6.648650839904063,11.638052082947711,11.835874117088787,0.4294999360412426,0.5235396548510679,-7.808919870614125,10.916908218102046,10.905185869810305,0.40631094761113606,0.44189911019975314,-6.648650839904063,11.86266316069561,11.815579286452918,-0.4485777784427565,0.5235396548510679,-7.808919870614125
4272.0429980978015,10.791933108880723,10.747567733557041,0.4110694995117215,0.4319887394035215,-6.505011474711409,11.803671397167413,11.72566650048813,0.5934501925356902,0.5118109666714752,-7.645264876914429,10.360476981783508,10.60253613362324,0.45665063680958917,0.4319887394035215,-6.505011474711409,11.771546079247326,11.723982008827061,0.5226343587151687,0.5118109666714752,-7.645264876914429,10.776410497644042,10.737440438134804,0.4453834657117971,0.4319887394035215,-6.505011474711409,11.562259353831388,11.756754112683005,0.42676694164150675,0.5118109666714752,-7.645264876914429,10.756226226324129,10.746406398828531,0.4075470232970705,0.4319887394035215,-6.505011474711409,11.754290231349787,11.732555713777803,-0.3955605344909958,0.5118109666714752,-7.645264876914429
4320.72378103808,10.669713161764882,10.583375831424854,0.4279272789141431,0.422299206292635,-6.36411819471522,11.642213779245733,11.628037004519792,0.5173083784004778,0.5003434032432542,-7.48413722333636,10.284503413755543,10.434318970276147,0.428731604654048,0.422299206292635,-6.36411819471522,11.670087498815139,11.626111733051003,0.47704061970630013,0.5003434032432542,-7.48413722333636,10.589000719458243,10.572939654150478,0.4246594936385376,0.422299206292635,-6.36411819471522,11.545249467342584,11.663760419977134,0.4359939156739543,0.5003434032432542,-7.48413722333636,10.577482474034246,10.58217885251663,0.4205845933083413,0.422299206292635,-6.36411819471522,11.667452774463596,11.635921621763812,-0.28505103314198865,0.5003434032432542,-7.48413722333636
4369.959291219807,10.494942098977607,10.414687403577314,0.4398699913348197,0.41282561363129194,-6.225959854475952,11.513834034868097,11.517894101129283,0.44877359362158387,0.48913118282323786,-7.3256096831621615,10.238797734558625,10.262396444036812,0.4459273247101597,0.41282561363129194,-6.225959854475952,11.546355814533651,11.515747667883435,0.4600676627351445,0.48913118282323786,-7.3256096831621615,10.475275283280626,10.404000116783747,0.44160773551539856,0.41282561363129194,-6.225959854475952,11.471807065206411,11.557885468411575,0.446739506101693,0.48913118282323786,-7.3256096831621615,10.437726792064966,10.413461425345147,0.4200766290297796,0.41282561363129194,-6.225959854475952,11.531078145484722,11.526693560247356,-0.14783385617641076,0.48913118282323786,-7.3256096831621615
4419.755849870651,10.284180846609381,10.242392511489957,0.42875809843778906,0.40356317185584084,-6.09051959429287,11.406586689702841,11.396326863827994,0.46030452299692726,0.4781686504748292,-7.1697381455618325,10.030544560884968,10.087594978581594,0.4222679159314294,0.40356317185584084,-6.09051959429287,11.389197751391073,11.393979831569133,0.44361481719861023,0.4781686504748292,-7.1697381455618325,10.261780737212517,10.231507451913963,0.4068956818140256,0.40356317185584084,-6.09051959429287,11.299084022163674,11.440198498474498,0.4190279039750635,0.4781686504748292,-7.1697381455618325,10.292367400595667,10.24114367033004,0.4488542553163132,0.40356317185584084,-6.09051959429287,11.444848090507397,11.405956606462217,-0.1806612608115461,0.4781686504748292,-7.1697381455618325
4470.119850249951,10.10048673309592,10.067309189297802,0.4114837046805698,0.39450719674076234,-5.957775686091161,11.244564021033813,11.26446155340539,0.45188120340484417,0.4674502753287004,-7.016563749311697,9.868976885018403,9.910667969956881,0.39278394054729426,0.39450719674076234,-5.957775686091161,11.256040101330928,11.261934912986636,0.467220965683313,0.4674502753287004,-7.016563749311697,10.10174552743146,10.056275129467094,0.4061303077137287,0.39450719674076234,-5.957775686091161,11.22457521503006,11.311815900880113,0.4676715377543772,0.4674502753287004,-7.016563749311697,10.076297390894444,10.066043097907551,0.422366093020646,0.39450719674076234,-5.957775686091161,11.29777115660317,11.274835161958244,-0.19202715754905486,0.4674502753287004,-7.016563749311697
4521.057758469495,9.918554232885757,9.890182433706102,0.4091095156648657,0.3856531071145996,-5.827702275229955,11.154395052007498,11.123435073881753,0.4237577785044654,0.4569706479009797,-6.8661147831227884,9.612318872261019,9.732296490783055,0.3903232995268281,0.3856531071145996,-5.827702275229955,11.14252134398814,11.1207497835043,0.43010394155807224,0.4569706479009797,-6.8661147831227884,9.934910877681856,9.879043587269665,0.3904594653200929,0.3856531071145996,-5.827702275229955,11.074177223462831,11.173873670825625,0.4332653855195616,0.4569706479009797,-6.8661147831227884,9.926627700105469,9.88890418131859,0.4189957251115505,0.3856531071145996,-5.827702275229955,11.201840822252462,11.134466181471199,-0.33402730304992434,0.4569706479009797,-6.8661147831227884
4572.576114323711,9.74279719175481,9.711685103705454,0.40086841175989046,0.3769964226243454,-5.700270030201162,10.986138525939953,10.9743718156201,0.46846522330664697,0.44672447746886473,-6.71840837291656,9.401578720417985,9.553091492407106,0.37460539579311936,0.3769964226243454,-5.700270030201162,11.014103507224142,10.971548408415128,0.46190057019099034,0.44672447746886473,-6.71840837291656,9.748990745736156,9.700481234411985,0.39448483150999303,0.3769964226243454,-5.700270030201162,10.874609193170096,11.027502988353572,0.43973984731477245,0.44672447746886473,-6.71840837291656,9.684372397550584,9.710399268312777,0.38910071111484645,0.3769964226243454,-5.700270030201162,11.018198622847729,10.985975736393828,-0.2679079816946863,0.44672447746886473,-6.71840837291656
4624.681532129293,9.558761629803257,9.532420267516558,0.4004690582765236,0.36853276154713377,-5.575446710958469,10.86512532566984,10.818364373568375,0.44945572742703177,0.4367065895016265,-6.5734519759792,9.2650665883089,9.373597090382301,0.3666978203226824,0.36853276154713377,-5.575446710958469,10.86336889664328,10.81542263913439,0.429412461298404,0.4367065895016265,-6.5734519759792,9.536704619281371,9.521186874591379,0.3908283303894796,0.36853276154713377,-5.575446710958469,10.744138243755282,10.873809544370642,0.44803276775488854,0.4367065895016265,-6.5734519759792,9.528868026288622,9.531130936943818,0.3710892193483136,0.36853276154713377,-5.575446710958469,10.888919545689339,10.830459428944359,-0.05622617640625438,0.4367065895016265,-6.5734519759792
4677.380701574391,9.405099722710649,9.35292458899564,0.37143322624385827,0.36025783864878264,-5.4531976654767025,10.715817135296945,10.656458288268231,0.4225176884105143,0.4269119231460536,-6.431244701066191,9.127722831689853,9.194294580502898,0.36691942728955007,0.36025783864878264,-5.4531976654767025,10.739385324798043,10.65341702809855,0.4482045049320886,0.4269119231460536,-6.431244701066191,9.374655639940668,9.341693145427968,0.3569523544950227,0.36025783864878264,-5.4531976654767025,10.628491599944992,10.713856872463488,0.39517311306522274,0.4269119231460536,-6.431244701066191,9.356050449345739,9.351635388115447,0.36930918476108976,0.36025783864878264,-5.4531976654767025,10.739461370925989,10.668966828384047,-0.03709843124986878,0.4269119231460536,-6.431244701066191
4730.68038857749,9.195831522449406,9.173672408044665,0.3497954438638254,0.35216746308765956,-5.333486263088268,10.466753921044877,10.48964068497358,0.38845505008585135,0.417335528765059,-6.291778472396134,9.015362222515579,9.015606895782707,0.3581167146567855,0.35216746308765956,-5.333486263088268,10.544614881905343,10.486517537391759,0.38952899299147864,0.417335528765059,-6.291778472396134,9.20246192363886,9.162470632279568,0.35863430971353105,0.35216746308765956,-5.333486263088268,10.400667073368924,10.548653648783992,0.3870850797407215,0.417335528765059,-6.291778472396134,9.18872690543047,9.172386529882775,0.35277402825804705,0.35216746308765956,-5.333486263088268,10.49452475464082,10.502489822682843,-0.042724656512947545,0.417335528765059,-6.291778472396134
4784.5874361560645,9.030315331048829,8.995080232542424,0.35177330050494443,0.3442575363631242,-5.216274272188663,10.314804911577347,10.31883249068664,0.4265305273356813,0.4079725655291696,-6.1550390541778555,8.85624890565869,8.837903274512623,0.3708273270554029,0.3442575363631242,-5.216274272188663,10.367682688550058,10.315643818013058,0.41151542884544673,0.4079725655291696,-6.1550390541778555,9.024909760791415,8.983932377918611,0.35376247788381343,0.3442575363631242,-5.216274272188663,10.266556379868826,10.379144699640243,0.4178419762103971,0.4079725655291696,-6.1550390541778555,9.06555737765724,8.993800471463448,0.3882850505897547,0.3442575363631242,-5.216274272188663,10.326270314227118,10.331954577635534,0.01198789492442498,0.4079725655291696,-6.1550390541778555
4839.108765305142,8.808773785910162,8.817511418449406,0.34945560827115624,0.3365240503078773,-5.10152218903688,10.165601657050036,10.144883787244801,0.3733662412558293,0.39881829905833155,-6.021006950953803,8.660625086957461,8.66150396308106,0.3616263459751371,0.3365240503078773,-5.10152218903688,10.135978434011562,10.141644616305957,0.37324071987285995,0.39881829905833155,-6.021006950953803,8.818935705513441,8.806438568233848,0.31392229352343415,0.3365240503078773,-5.10152218903688,10.132965537900473,10.206205309732606,0.3575140370992145,0.39881829905833155,-6.021006950953803,8.831931496410546,8.816240204019412,0.3740668166833284,0.3365240503078773,-5.10152218903688,10.157185271808233,10.158216668428166,-0.08879543819322566,0.39881829905833155,-6.021006950953803
4894.251375885867,8.657573855239214,8.641280867471908,0.35220626324003784,0.32896308512283035,-4.98918952359786,10.01784907232178,9.968571800423971,0.37089611977831793,0.38986809911417986,-5.889658197675947,8.444685213820593,8.486684823294759,0.3840426500959401,0.32896308512283035,-4.98918952359786,10.009366929541198,9.965295806953334,0.40720250120608886,0.38986809911417986,-5.889658197675947,8.666997196691616,8.630301226393309,0.32997570486292227,0.32896308512283035,-4.98918952359786,9.89177501605029,10.03063834500449,0.35453208506299205,0.38986809911417986,-5.889658197675947,8.70092209186439,8.640020297942883,0.3710414329945916,0.32896308512283035,-4.98918952359786,10.032203915730962,9.982058886120587,-0.1674693977857078,0.38986809911417986,-5.889658197675947
4950.022347524202,8.438073240547364,8.466659616825448,0.30962263458540856,0.3215708074539489,-4.879235047678357,9.821143655270863,9.790601016466807,0.39789207399761295,0.3811174373414058,-5.760965052097769,8.352906767238972,8.313681752221061,0.30787513524051613,0.3215708074539489,-4.879235047678357,9.82194950821862,9.787300544161775,0.36336416532310073,0.3811174373414058,-5.760965052097769,8.497376012740824,8.455788792578051,0.3468088650549651,0.3215708074539489,-4.879235047678357,9.671728067456444,9.853173679790268,0.3384544404842167,0.3811174373414058,-5.760965052097769,8.516568583953875,8.465411491486277,0.3845176621483869,0.3215708074539489,-4.879235047678357,9.874123406257157,9.804191209688712,-0.022729709073213256,0.3811174373414058,-5.760965052097769
5006.42884051986,8.262987542935324,8.293879233041682,0.29938587223613605,0.3143434685102336,-4.771617009984764,9.595779725724654,9.611604944017662,0.3954498697682379,0.3725618850568966,-5.634896600802306,8.139894964506171,8.142694853463999,0.3340148615844759,0.3143434685102336,-4.771617009984764,9.630527619917249,9.608291049752571,0.37397086566410115,0.3725618850568966,-5.634896600802306,8.303887927623029,8.283130503320153,0.31094019196641776,0.3143434685102336,-4.771617009984764,9.519620627328527,9.674469433782932,0.36188447420553516,0.3725618850568966,-5.634896600802306,8.29495793002789,8.292645082919904,0.3221673907797399,0.3143434685102336,-4.771617009984764,9.595327906562035,9.625252458661128,-0.2348394084779375,0.3725618850568966,-5.634896600802306
5063.478096765595,8.138564337531218,8.123135951847203,0.286162927846813,0.30727740222154365,-4.6662933221795795,9.452606365819541,9.432149088078276,0.366152978033102,0.36419711108589764,-5.511419289001704,7.96032461423099,7.973892323033564,0.3117096370906841,0.30727740222154365,-4.6662933221795795,9.409752388540173,9.428831605808067,0.3647256457908083,0.36419711108589764,-5.511419289001704,8.13450540482661,8.112520514130484,0.317616204644826,0.30727740222154365,-4.6662933221795795,9.260129379367955,9.495114566592882,0.3462072226408601,0.36419711108589764,-5.511419289001704,8.164277691825879,8.121917068436941,0.29855221603206095,0.30727740222154365,-4.6662933221795795,9.404967788112808,9.445813188742957,-0.4483276739448694,0.36419711108589764,-5.511419289001704
5121.177440676988,7.951815715765772,7.9545945296802145,0.2697664473923312,0.30036902343609645,-4.563221719524756,9.307453394048206,9.252734762598045,0.3972623258909448,0.35601887964437134,-5.390497383143313,7.70701342805412,7.807414031486122,0.2972095096534323,0.30036902343609645,-4.563221719524756,9.22907491326966,9.249422379648452,0.32443928919770476,0.35601887964437134,-5.390497383143313,7.961813317794361,7.9441217322574555,0.3228650833460923,0.30036902343609645,-4.563221719524756,9.145054886537055,9.315632434727547,0.3441021853433277,0.35601887964437134,-5.390497383143313,7.983108123456447,7.953391991520372,0.2878876628860464,0.30036902343609645,-4.563221719524756,9.290075596960095,9.266379452269527,-0.16242638741791526,0.35601887964437134,-5.390497383143313
5179.534280132783,7.809474182299791,7.7883917903308,0.27308270741028845,0.29361482615611806,-4.46235989926438,9.104483073023705,9.073803431674463,0.3712482643108811,0.3480230482662272,-5.272093374365328,7.42920547900548,7.643374797749127,0.28429010585535275,0.29361482615611806,-4.46235989926438,9.098976956975296,9.070503772277544,0.30273858545462223,0.3480230482662272,-5.272093374365328,7.781810930718388,7.778069344020471,0.2896105992639567,0.29361482615611806,-4.46235989926438,9.048158887478872,9.136484978752332,0.3549411338496462,0.3480230482662272,-5.272093374365328,7.808766831194515,7.787206487367609,0.3020135594149028,0.29361482615611806,-4.46235989926438,9.119004832171038,9.087397108663332,-0.22755290097766223,0.3480230482662272,-5.272093374365328
5238.5561074259895,7.6030553410229516,7.624639863435679,0.26958859350350234,0.2870113818115842,-4.363665639519907,8.913459492810823,8.895741330588848,0.3359723645645819,0.3402055657745997,-5.156168329927579,7.349447886382803,7.481867359899209,0.28341660067019114,0.2870113818115842,-4.363665639519907,8.961770594618976,8.892461042613851,0.33281138681793626,0.3402055657745997,-5.156168329927579,7.604520169017979,7.614474034142652,0.314575540123632,0.2870113818115842,-4.363665639519907,8.89963149715537,8.95807727086584,0.36393700409709595,0.3402055657745997,-5.156168329927579,7.61357529631437,7.6234725191849515,0.28945756339387463,0.2870113818115842,-4.363665639519907,8.98527243943519,8.909256431619063,-0.23321235098180426,0.3402055657745997,-5.156168329927579
5298.250500225788,7.46522303580749,7.463429121019189,0.2575735525154131,0.2805553375705489,-4.267096901129537,8.692689645179275,8.71888417368186,0.3002065023826458,0.3325624702966573,-5.042682198929266,7.220888182871056,7.322965054935066,0.2604822594561055,0.2805553375705489,-4.267096901129537,8.739548834084136,8.715629015472835,0.2612848534986147,0.3325624702966573,-5.042682198929266,7.453941633354594,7.453424903759097,0.3113765775307419,0.2805553375705489,-4.267096901129537,8.692978685489601,8.780762211087547,0.3285394034165634,0.3325624702966573,-5.042682198929266,7.498935563165351,7.462280312598172,0.307597412649827,0.2805553375705489,-4.267096901129537,8.813783642238233,8.732296816012227,-0.157925159970836,0.3325624702966573,-5.042682198929266
5358.625122550413,7.289423501529164,7.3048308247371985,0.2566013082060821,0.27424341468569546,-4.172611914570905,8.517954054180475,8.54352180463805,0.3351332492295346,0.3250898873203871,-4.93159407788649,7.119680772957876,7.166724223976751,0.2441261092638468,0.27424341468569546,-4.172611914570905,8.566592443182639,8.540296729699184,0.34107547762858464,0.3250898873203871,-4.93159407788649,7.258739929976349,7.2949921000799645,0.2286186575495618,0.27424341468569546,-4.172611914570905,8.478970176415531,8.604845211469893,0.28998354348355093,0.3250898873203871,-4.93159407788649,7.336442620999734,7.303701000875494,0.3132174964097064,0.27424341468569546,-4.172611914570905,8.53551093506041,8.556811436678874,-0.176311864950917,0.3250898873203871,-4.93159407788649
5419.68772575112,7.165142099320853,7.148899500634331,0.25457012408135365,0.2680724068764867,-4.080169253841008,8.348208222750962,8.369902685554177,0.325158961089289,0.3177840277929226,-4.822862441089005,7.023316020527593,7.013186361897445,0.24603472633814627,0.2680724068764867,-4.080169253841008,8.433769405889073,8.366711923501937,0.33732038555532545,0.3177840277929226,-4.822862441089005,7.1604842532699085,7.139229174713511,0.24100473877845496,0.2680724068764867,-4.080169253841008,8.345059022286756,8.430588751279274,0.30635918061910417,0.3177840277929226,-4.822862441089005,7.17823567198634,7.147788997794802,0.29301030699642217,0.2680724068764867,-4.080169253841008,8.437279614015312,8.383051752605931,-0.2263226850509159,0.3177840277929226,-4.822862441089005
5481.446149507355,7.05861031990322,6.995675060624956,0.2591813634552225,0.26203917874561156,-3.989727898939816,8.186212261690496,8.19823815439905,0.31139767928332673,0.3106411862595247,-4.716445340068038,6.895060675480961,6.862380031632865,0.24198441848759467,0.26203917874561156,-3.989727898939816,8.258529743908507,8.19508528714832,0.24100515598694636,0.3106411862595247,-4.716445340068038,7.002991593068467,6.986175189964094,0.20962948225243971,0.26203917874561156,-3.989727898939816,8.173964329274368,8.258216721925685,0.26795519693258996,0.3106411862595247,-4.716445340068038,7.001418334278083,6.99458411737705,0.2882422907675707,0.26203917874561156,-3.989727898939816,8.236748206688654,8.211231783862132,-0.27945245333992363,0.3106411862595247,-4.716445340068038
5543.908322833281,6.867859036678244,6.845184691014494,0.2520940574548896,0.25614066422972326,-3.901247288400269,8.022222687863476,8.028706406788977,0.327647956610014,0.3036577390420569,-4.612300575990088,6.674158693326296,6.7143225636788415,0.22942450108125578,0.25614066422972326,-3.901247288400269,8.028154687159958,8.025594439366532,0.25071695175954195,0.3036577390420569,-4.612300575990088,6.807690992664648,6.835856593455974,0.1805280865086315,0.25614066422972326,-3.901247288400269,7.985838267757801,8.08791850906882,0.2784032446064586,0.3036577390420569,-4.612300575990088,6.8646674726124255,6.844113460809481,0.30932692587157395,0.25614066422972326,-3.901247288400269,8.006381254987554,8.041532115417855,-0.2759990030200352,0.3036577390420569,-4.612300575990088
5607.082265095759,6.724729788440982,6.697444528557549,0.3040759193497345,0.2503738650832738,-3.814687363131818,7.888665806111543,7.861456178288857,0.31061434555936784,0.29683014245652384,-4.510385848331403,6.538640039978292,6.569021560882571,0.2184409449244361,0.2503738650832738,-3.814687363131818,7.8858734568475475,7.858387603991385,0.2866312651001292,0.29683014245652384,-4.510385848331403,6.682570462936164,6.6882888815662955,0.1778163247347576,0.2503738650832738,-3.814687363131818,7.78424720860013,7.919852781623772,0.2580352904585119,0.29683014245652384,-4.510385848331403,6.672645417970135,6.696393091049709,0.277392706088197,0.2503738650832738,-3.814687363131818,7.848473551699966,7.874103602706524,-0.3358728427613282,0.29683014245652384,-4.510385848331403
5670.976087043936,6.572055833020812,6.552461144075808,0.2710139065193176,0.24473584939470128,-3.730008602687336,7.693595049749202,7.696610118638896,0.30516065062787134,0.2901549310686998,-4.410658882781094,6.398139013793747,6.426476227769378,0.21909060932469993,0.24473584939470128,-3.730008602687336,7.686019251783359,7.693586978493151,0.2221162294384262,0.2901549310686998,-4.410658882781094,6.537660178839163,6.543478071644918,0.22361401583715101,0.24473584939470128,-3.730008602687336,7.589299394014697,7.754150974258107,0.24529008720077172,0.2901549310686998,-4.410658882781094,6.599330265080629,6.551429515131991,0.25074929461316875,0.24473584939470128,-3.730008602687336,7.652937627337375,7.709070769333659,-0.32207043346373854,0.2901549310686998,-4.410658882781094
5735.597991850564,6.437065764650356,6.410232852759057,0.29748308518738337,0.2392237501347896,-3.647172054927026,7.532793368488722,7.534267860337565,0.29504410794992253,0.28362871598698225,-4.313077540964465,6.187117683564415,6.286678542505032,0.1919026142708885,0.2392237501347896,-3.647172054927026,7.490968343527274,7.531291796987194,0.2271920041135109,0.28362871598698225,-4.313077540964465,6.362029093418739,6.401422002077551,0.2323908213015654,0.2392237501347896,-3.647172054927026,7.293969567099891,7.590920462362037,0.19503770375782992,0.28362871598698225,-4.313077540964465,6.410650624491212,6.409220993289475,0.25209417152907354,0.2392237501347896,-3.647172054927026,7.460381893857894,7.5465348986470175,-0.42237390088558757,0.28362871598698225,-4.313077540964465
5800.956276165188,6.309760751547888,6.270750869104638,0.275701789772348,0.2338347637360037,-3.566139359934257,7.353961720915603,7.374508791706157,0.2780995569272474,0.2772481831917124,-4.217599914258894,6.069408796634539,6.149614288286152,0.2207210280481119,0.2338347637360037,-3.566139359934257,7.348241211126644,7.371581097968565,0.3124844760096534,0.2772481831917124,-4.217599914258894,6.257559990138587,6.262111478068071,0.2408140627257621,0.2338347637360037,-3.566139359934257,7.15652464960761,7.430247437249301,0.22318025170685374,0.2772481831917124,-4.217599914258894,6.257805262464555,6.26975869283916,0.2310061564498657,0.2338347637360037,-3.566139359934257,7.384160789678264,7.386576828811319,-0.4166450426220567,0.2772481831917124,-4.217599914258894
5867.059331179325,6.193359963849009,6.1340003231318185,0.26236367928259635,0.22856614870247383,-3.486872768930401,7.218679386005036,7.217394549658403,0.28591356072431295,0.27101009190029784,-4.124184403701253,5.914058047472979,6.01526395957916,0.19031464321305103,0.22856614870247383,-3.486872768930401,7.223367857229099,7.214516212067256,0.28474353031813754,0.27101009190029784,-4.124184403701253,6.112604333625237,6.125531279692248,0.19976633782086617,0.22856614870247383,-3.486872768930401,7.041315183403432,7.272199495278558,0.2122669168087299,0.27101009190029784,-4.124184403701253,6.139080974019376,6.133027703456856,0.22056061009132613,0.22856614870247383,-3.486872768930401,7.195062574691844,7.229259466297226,-0.40972221760785277,0.27101009190029784,-4.124184403701253
5933.915643703814,6.042994710728717,5.9999611531320705,0.26956868251350424,0.2234152242498247,-3.4093351588461065,7.026165687113764,7.06297125051091,0.25389438813175047,0.2649112729675275,-4.032789787736491,5.791710656449938,5.883603557246201,0.1984690056116113,0.2234152242498247,-3.4093351588461065,7.0321188547811415,7.060142988202318,0.2620485968237664,0.2649112729675275,-4.032789787736491,5.970759932562041,5.9916610473951675,0.2086080664388822,0.2234152242498247,-3.4093351588461065,6.878802710272057,7.116827958332813,0.17215883322270997,0.2649112729675275,-4.032789787736491,6.000045463240569,5.999007929091837,0.24046608491051594,0.2234152242498247,-3.4093351588461065,7.08255730316432,7.074630035942136,-0.2674425146644761,0.2649112729675275,-4.032789787736491
6001.533797258377,5.93087337994799,5.868608888835687,0.26776124148611596,0.2183793689742412,-3.3334900431235406,6.900868303191231,6.911271478797159,0.2724221143108235,0.2589486273198156,-3.9433752793457133,5.630644723036832,5.754605285253254,0.2274633012441155,0.2183793689742412,-3.3334900431235406,6.911920284810207,6.908493778116082,0.21618288942709804,0.2589486273198156,-3.9433752793457133,5.8273275958796145,5.860476058730574,0.21906372938273344,0.2183793689742412,-3.3334900431235406,6.829462849357787,6.9641699451891,0.2413844011093076,0.2589486273198156,-3.9433752793457133,5.867484822677921,5.867674870393574,0.25320371957005994,0.2183793689742412,-3.3334900431235406,6.92286925687357,6.922722087465148,-0.34472016877733114,0.2589486273198156,-3.9433752793457133
6069.922473173664,5.803458187795371,5.739915337540209,0.26442522334604784,0.21345601955034046,-3.2593015792545947,6.770571640854346,6.7623160545962975,0.2582539322827654,0.2531191244232562,-3.8559005739018337,5.582374946478426,5.628238160377653,0.23817948521335575,0.21345601955034046,-3.2593015792545947,6.795726078387832,6.759589199802809,0.21040351379549002,0.2531191244232562,-3.8559005739018337,5.724912970227491,5.731947908802307,0.2303892930108814,0.21345601955034046,-3.2593015792545947,6.584814459638919,6.814250214200666,0.251747269004472,0.2531191244232562,-3.8559005739018337,5.756851492324263,5.7390003101849665,0.24493143020904676,0.21345601955034046,-3.2593015792545947,6.787352118156575,6.773557278934037,-0.3174184213680238,0.2531191244232562,-3.8559005739018337
6139.0904517058225,5.662282636360107,5.613849184473748,0.23244739422091182,0.20864266945697824,-3.1867345734956336,6.62889805324718,6.616115599673586,0.2615495590511995,0.24741980078443837,-3.7703258889349307,5.458283289441587,5.504468545134412,0.22210945576406027,0.20864266945697824,-3.1867345734956336,6.622429370956108,6.613439700117669,0.14297822786356115,0.24741980078443837,-3.7703258889349307,5.567725782704139,5.6060451056074,0.17086655142475615,0.20864266945697824,-3.1867345734956336,6.481713806576122,6.66708279773181,0.25709419524535093,0.24741980078443837,-3.7703258889349307,5.622007964278436,5.612952913247469,0.24983902927310134,0.20864266945697824,-3.1867345734956336,6.629469316723325,6.627146957520292,-0.13775194081838893,0.24741980078443837,-3.7703258889349307
6209.046613163771,5.52399406173544,5.490376517482708,0.21265065514339138,0.2039368677305602,-3.1157544831470223,6.432386504286068,6.47267192199489,0.2273684044907921,0.2418477584835642,-3.686611996844895,5.269420673118022,5.383260613037397,0.24057260930484625,0.2039368677305602,-3.1157544831470223,6.461542761051322,6.470046936112636,0.1522546069978565,0.2418477584835642,-3.686611996844895,5.485519388752264,5.482733590296634,0.16956494738419658,0.2039368677305602,-3.1157544831470223,6.318031300871594,6.522672448213672,0.29758158372302645,0.2418477584835642,-3.686611996844895,5.516598232043955,5.489498750499049,0.25992215186769163,0.2039368677305602,-3.1157544831470223,6.501571330701784,6.483493557172887,-0.13684968073341142,0.2418477584835642,-3.686611996844895
6279.799939049322,5.36948971126138,5.369461285036996,0.23994709913936002,0.19933621774540372,-3.0463274167359544,6.292182744569459,6.331979237109867,0.20728217409255734,0.236400163739007,-3.6047202514698258,5.015311101291166,5.264576754298995,0.24112029591635087,0.19933621774540372,-3.0463274167359544,6.32157252845523,6.3294049935711545,0.2180796422475124,0.236400163739007,-3.6047202514698258,5.360020633199019,5.361977191282118,0.16111690975438486,0.19933621774540372,-3.0463274167359544,6.17622562284077,6.3810159147178265,0.26788505545121666,0.236400163739007,-3.6047202514698258,5.416613601897613,5.368601756550221,0.25190793633037634,0.19933621774540372,-3.0463274167359544,6.377341911104255,6.342591831796227,-0.21479295545203914,0.236400163739007,-3.6047202514698258
6351.359513210294,5.251905602281731,5.251065695546786,0.21115839098616657,0.194838376020046,-2.978420132399378,6.18256094163489,6.19402524363489,0.2017990936690549,0.23107424550258254,-3.524612609308746,4.74136034541799,5.1483779291552345,0.18038585028410148,0.194838376020046,-2.978420132399378,6.138677508609745,6.191501459948356,0.1882217162109958,0.23107424550258254,-3.524612609308746,5.241378859856281,5.243738020124926,0.16436973744024053,0.194838376020046,-2.978420132399378,6.054629024016746,6.242103067736595,0.32906402002058854,0.23107424550258254,-3.524612609308746,5.304261182453641,5.2502241286258435,0.2507831418226377,0.194838376020046,-2.978420132399378,6.1823641792432635,6.204429941262747,-0.26514049364760583,0.23107424550258254,-3.524612609308746
6423.734523006762,5.138709493164168,5.135150565077906,0.20105224358249468,0.1904410510498435,-2.9120000347272375,6.029112124454123,6.058792068706874,0.21205412279568747,0.22586729408523284,-3.4462516460960213,4.613597403447821,5.0346239751764,0.1791553958589679,0.1904410510498435,-2.9120000347272375,5.963916708470854,6.056318367562637,0.1315993413854377,0.22586729408523284,-3.4462516460960213,5.078779105483532,5.127976816237414,0.15922934831079283,0.1904410510498435,-2.9120000347272375,5.965290955128312,6.10591788852592,0.20002532499062653,0.22586729408523284,-3.4462516460960213,5.130819372850433,5.134326673933538,0.2337611935530223,0.1904410510498435,-2.9120000347272375,6.111287897839512,6.06899040623754,-0.2831365357993423,0.22586729408523284,-3.4462516460960213
6496.9342604906105,5.041982035927941,5.02167561973577,0.1777596746511521,0.18614200216438392,-2.847035170293495,5.92712434136082,5.926257097894863,0.23078863989854426,0.22077665981222222,-3.3696005693415936,4.579673997179446,4.923273874180135,0.1787650594367468,0.18614200216438392,-2.847035170293495,5.847923685088779,5.923833021499274,0.12190272769985362,0.22077665981222222,-3.3696005693415936,4.99838481219698,5.014653246620927,0.1550482345719585,0.18614200216438392,-2.847035170293495,5.81168253731339,5.972439337980605,0.14367410743576414,0.22077665981222222,-3.3696005693415936,5.025845089678811,5.020869111742757,0.20085179196033956,0.18614200216438392,-2.847035170293495,6.009588238601227,5.936250946406111,-0.2686297088610903,0.22077665981222222,-3.3696005693415936
6570.968123598503,4.9035991017675435,4.910599758255495,0.17213969776626864,0.18193903840992848,-2.783494222073451,5.822904049551685,5.796393702696669,0.23271022813671294,0.21579975170729584,-3.2946232273734988,4.45847899746901,4.814285983703616,0.15704135770026662,0.18193903840992848,-2.783494222073451,5.776427323597605,5.794018725329916,0.12024030846588026,0.21579975170729584,-3.2946232273734988,4.869315964868692,4.903726166134084,0.09424463875183642,0.18193903840992848,-2.783494222073451,5.647396623688342,5.841642118642466,0.11772089071284952,0.21579975170729584,-3.2946232273734988,4.950197944267257,4.909810335707351,0.19568697566337115,0.18193903840992848,-2.783494222073451,5.922213139629674,5.806185215334737,-0.2695437313225095,0.21579975170729584,-3.2946232273734988
6645.845617358473,4.798151956286738,4.8018812796818535,0.1484079471331719,0.17783001745568944,-2.721346502921853,5.693224945329138,5.66917187744656,0.20144169141199952,0.21093403620503753,-3.221284115352879,4.367090543180579,4.707618237398518,0.15713016346865538,0.17783001745568944,-2.721346502921853,5.661935674834978,5.666845416449324,0.11534040478420855,0.21093403620503753,-3.221284115352879,4.751466233376297,4.795153843136419,0.10152161116270386,0.17783001745568944,-2.721346502921853,5.4776433254151815,5.713497342114704,0.1825688213894452,0.21093403620503753,-3.221284115352879,4.791806562446603,4.801108641310992,0.1678320038944964,0.17783001745568944,-2.721346502921853,5.763000567819697,5.678763443885913,-0.42261893864690836,0.21093403620503753,-3.221284115352879
6721.576355110243,4.702960569223997,4.695478080441146,0.14455942363211288,0.17381284452429868,-2.66056194826327,5.592192271746683,5.544558796233662,0.2083442625374755,0.20617703589129888,-3.149548378674845,4.229823676885131,4.603228318192712,0.17215791905070554,0.17381284452429868,-2.66056194826327,5.52880071381072,5.542280221608272,0.14950290001922803,0.20617703589129888,-3.149548378674845,4.686968022844743,4.688894154775264,0.13552126186936542,0.17381284452429868,-2.66056194826327,5.377351665605056,5.587973112903527,0.1547126229453326,0.20617703589129888,-3.149548378674845,4.674089902002664,4.694721922733488,0.16631947019861607,0.17381284452429868,-2.66056194826327,5.56638288643334,5.55395300287862,-0.5262089710709243,0.20617703589129888,-3.149548378674845
6798.1700597394565,4.597194047187369,4.591347824590556,0.16416016846700582,0.16988547134482587,-2.601111108127641,5.392992728865064,5.422519299298201,0.12555462227156056,0.20152632827041914,-3.079381814115601,4.105130932289773,4.501073807595621,0.1819365008407251,0.16988547134482587,-2.601111108127641,5.4182079976504545,5.420287942088326,0.15594363697051158,0.20152632827041914,-3.079381814115601,4.581806087696156,4.584904755671351,0.11689055356216593,0.16988547134482587,-2.601111108127641,5.176058406466447,5.465035038539777,0.19971455665483262,0.20152632827041914,-3.079381814115601,4.612972895163719,4.590607842919713,0.19578557377022712,0.16988547134482587,-2.601111108127641,5.433534150581879,5.431718894543753,-0.5177572236639232,0.20152632827041914,-3.079381814115601
6875.636564926,4.523537446587376,4.48944809057359,0.18320235330597906,0.16604589512902185,-2.542965138646726,5.332088443995968,5.303016317327093,0.19307593334076045,0.19697954455941769,-3.010750869042772,3.951623067972919,4.401112314117446,0.17634636542536464,0.16604589512902185,-2.542965138646726,5.296440287597377,5.3008314769234985,0.18139684300495326,0.19697954455941769,-3.010750869042772,4.426369013642153,4.483143223305121,0.095164791079687,0.16604589512902185,-2.542965138646726,5.085899947152596,5.344646674759494,0.1871510477940177,0.19697954455941769,-3.010750869042772,4.500100230229493,4.4887239801777365,0.18011839045162895,0.16604589512902185,-2.542965138646726,5.245667191777828,5.312024181272344,-0.5938214187729318,0.19697954455941769,-3.010750869042772
6953.985816406484,4.395703594571977,4.389736497407355,0.14312750472462393,0.16229215756954413,-2.4860957931122227,5.232327181331758,5.1860112411266,0.18043529448692197,0.19253436850796735,-2.9436226389657887,3.82505574787274,4.303301583409587,0.16651706113247522,0.16229215756954413,-2.4860957931122227,5.17702355232663,5.183872191627757,0.17086002854509894,0.19253436850796735,-2.9436226389657887,4.371883043474311,4.383567183005293,0.14670868379578417,0.16229215756954413,-2.4860957931122227,4.96179112731553,5.22676991354003,0.18081408381097575,0.19253436850796735,-2.9436226389657887,4.415160214826963,4.389027954227701,0.1688280174326561,0.16229215756954413,-2.4860957931122227,5.186584061888409,5.194830359203143,-0.6207351552708953,0.19253436850796735,-2.9436226389657887
7033.227873251183,4.305177038228376,4.292170812869982,0.17850271846520666,0.15862234385985546,-2.430475412683166,5.1165380063910675,5.071464243290887,0.18661864408289375,0.18818853524400755,-2.8779648636685486,3.761641417385087,4.207599592416152,0.1403793559097769,0.15862234385985546,-2.430475412683166,5.140246631530089,5.069370239034141,0.21709880315148575,0.18818853524400755,-2.8779648636685486,4.284352553167912,4.286134415087879,0.16158605943509607,0.15862234385985546,-2.430475412683166,4.8493865340364355,5.111365320902625,0.16523345588677785,0.18818853524400755,-2.8779648636685486,4.318566771049693,4.2914775342685205,0.16049642651833942,0.15862234385985546,-2.430475412683166,5.0434898425506365,5.080097683329727,-0.6290070989656289,0.18818853524400755,-2.8779648636685486
7113.372909155482,4.170391023394412,4.196709045944386,0.17137391333739,0.15503458173559656,-2.3760769168193128,4.9798103426451235,4.959334557717748,0.2037394602157282,0.1839398301442226,-2.8137459221370253,3.7160775361546334,4.113964629545231,0.11702038652205482,0.15503458173559656,-2.3760769168193128,4.894004167363955,4.957284838081692,0.12634353115925287,0.1839398301442226,-2.8137459221370253,4.157418785924795,4.1908029463828465,0.1537586406394501,0.15503458173559656,-2.3760769168193128,4.6965951828266785,4.998392430592354,0.10931464666195012,0.1839398301442226,-2.8137459221370253,4.18816333834651,4.196030731316016,0.1684838871818716,0.15503458173559656,-2.3760769168193128,5.021429993753072,4.967785450035585,-0.5213926997582863,0.1839398301442226,-2.8137459221370253
7194.431213746061,4.086105446900316,4.103309525496784,0.1251694276203275,0.15152704053662194,-2.3228737935067185,4.840304176842601,4.849580722134395,0.2063748310177428,0.17978608772902763,-2.75093482646688,3.7263440839218673,4.022355362623826,0.11543411313920637,0.15152704053662194,-2.3228737935067185,4.789906054221087,4.847574515702603,0.14927017752829294,0.17978608772902763,-2.75093482646688,4.096933197786493,4.097531128111314,0.16926518859750794,0.15152704053662194,-2.3228737935067185,4.588349767134551,4.887809999030309,0.13291702955189777,0.17978608772902763,-2.75093482646688,4.085611132530812,4.102645876789131,0.13549819725180648,0.15152704053662194,-2.3228737935067185,4.956639521204059,4.857852242267543,-0.5070399807421129,0.17978608772902763,-2.75093482646688
7276.413193901945,4.020339325913763,4.011930966927418,0.14899915198835895,0.14809793028952364,-2.2708400893323892,4.726414491531234,4.742160788183528,0.1850876782895864,0.1757251905814847,-2.6895012149133417,3.6518975940534815,3.9327308961820275,0.12194025278835363,0.14809793028952364,-2.2708400893323892,4.743300876818206,4.740197316347806,0.15235392218658014,0.1757251905814847,-2.6895012149133417,3.994581663463537,4.0062777018361,0.12217222228998403,0.14809793028952364,-2.2708400893323892,4.456676092784425,4.779576226295541,0.18812850215108057,0.1757251905814847,-2.6895012149133417,3.9961168025377183,4.0112816890799445,0.15715226691521558,0.14809793028952364,-2.2708400893323892,4.887275278978249,4.750256141944375,-0.4296254440713969,0.1757251905814847,-2.6895012149133417
7359.329375090629,3.9146607048013533,3.9225325283162222,0.13110004354506027,0.14474550081011148,-2.2199503994585563,4.577690021177943,4.637032503075821,0.2042610607999248,0.17175506828958764,-2.6294153442249253,3.399425450123663,3.8450508194233364,0.11199318370729949,0.14474550081011148,-2.2199503994585563,4.653011062758789,4.635110983148684,0.1090670397215225,0.17175506828958764,-2.6294153442249253,3.933547352492225,3.917001854995974,0.124049602472874,0.14474550081011148,-2.2199503994585563,4.283555055582395,4.673648947326266,0.21325923385051482,0.17175506828958764,-2.6294153442249253,3.9136796099753446,3.9218973296289334,0.18444175290598644,0.14474550081011148,-2.2199503994585563,4.731306627010406,4.644954913643401,-0.4531638089348522,0.17175506828958764,-2.6294153442249253
7443.190402719406,3.85775978490576,3.8350738573994074,0.12745752855624498,0.14146804082532366,-2.170179857538809,4.511188358336025,4.53415346633202,0.1957067786797414,0.16787369641148564,-2.570648081384639,3.3645099304631017,3.75927524607037,0.11329813342289918,0.14146804082532366,-2.170179857538809,4.536913018067408,4.532273114229093,0.057154384380210886,0.16787369641148564,-2.570648081384639,3.8626863794818918,3.8296632673492272,0.15292697775686415,0.14146804082532366,-2.170179857538809,4.092712133021971,4.569985797026056,0.12900047731741893,0.16787369641148564,-2.570648081384639,3.8687365498554676,3.8344524498400863,0.21267869558826683,0.14146804082532366,-2.170179857538809,4.552828147607167,4.541906163125082,-0.39813562364737964,0.16787369641148564,-2.570648081384639
7528.007043502115,3.7465937725820244,3.749515130548943,0.14577650916338963,0.13826387711442628,-2.121504125613254,4.426964341079877,4.433481264711967,0.23034398389940136,0.1640790954631505,-2.5131708948660902,3.2035502883962237,3.6753648471286122,0.08534136780893442,0.13826387711442628,-2.121504125613254,4.40098910577344,4.431641297258146,0.1832205669993021,0.1640790954631505,-2.5131708948660902,3.7542736598834012,3.744222149487772,0.11913626425685331,0.13826387711442628,-2.121504125613254,4.0093734077162235,4.468544352515999,0.13795622274265185,0.1640790954631505,-2.5131708948660902,3.7518125857282185,3.748907230006896,0.17549930664398197,0.13826387711442628,-2.121504125613254,4.396598462039011,4.441067473822002,-0.5086786241527779,0.1640790954631505,-2.5131708948660902
7613.790186841448,3.6892653171470973,3.6658170847815397,0.1724411806832678,0.13513137366875042,-2.073899384014561,4.340040817314858,4.33497358805141,0.2052598574820682,0.1603693299280547,-2.4569558454988596,3.131125189141281,3.5932808774826985,0.0991595098506165,0.13513137366875042,-2.073899384014561,4.336979181165446,4.333173224957411,0.11019984480677798,0.1603693299280547,-2.4569558454988596,3.6359744831155596,3.6606392744411975,0.08329218022037688,0.13513137366875042,-2.073899384014561,3.8906645661684838,4.369282255380095,0.08608828426802972,0.1603693299280547,-2.4569558454988596,3.6815605387878043,3.6652224112744385,0.1511095423246868,0.13513137366875042,-2.073899384014561,4.303334424235503,4.342396524041202,-0.5951575614324571,0.1603693299280547,-2.4569558454988596
7700.550846227014,3.574796257003254,3.583941043697898,0.1261977792311762,0.13206893086986396,-2.027342321311509,4.266791523921015,4.238588328395252,0.2173810512534392,0.15674250728827552,-2.4019755770241056,3.0032837352722246,3.512985197126724,0.06556435743418498,0.13206893086986396,-2.027342321311509,4.236717143251446,4.236826793946122,0.07671037446021862,0.15674250728827552,-2.4019755770241056,3.5850191216190326,3.5788760032634808,0.11404359232904804,0.13206893086986396,-2.027342321311509,3.800315049449141,4.272157316404345,0.15146195530750362,0.15674250728827552,-2.4019755770241056,3.6087414396196755,3.583359321538258,0.1680671764572569,0.13206893086986396,-2.027342321311509,4.242024601509327,4.245851187291497,-0.6886127817761494,0.15674250728827552,-2.4019755770241056
7788.300160649334,3.51409635572092,3.503848938141862,0.11558821907091439,0.1290749846856484,-1.9818101243139057,4.135728935433779,4.14428366452413,0.20365517400515187,0.15319677707662824,-2.348203306412014,2.993363951385772,3.434440287731123,0.06784295850868582,0.1290749846856484,-1.9818101243139057,4.155611886818458,4.142560189015908,0.05080320826306824,0.15319677707662824,-2.348203306412014,3.501209757150653,3.4988943053855044,0.09082576726923486,0.1290749846856484,-1.9818101243139057,3.631100225277569,4.177127605005053,0.14042257463945518,0.15319677707662824,-2.348203306412014,3.5000233499994393,3.5032798960680673,0.1340295129374777,0.1290749846856484,-1.9818101243139057,4.109241426344438,4.1513896178541625,-0.48628482068076795,0.15319677707662824,-2.348203306412014
7877.049396029946,3.3971605016050614,3.4255033222710307,0.08247833000246925,0.12614800588384648,-1.9372804681577829,3.9914815991467947,4.052018133714369,0.18308056886886248,0.14973032994957258,-2.295612814002091,2.9535002991578607,3.3576092651616483,0.07302348812267334,0.12614800588384648,-1.9372804681577829,4.112885659040155,4.050331954670745,0.08172977008720302,0.14973032994957258,-2.295612814002091,3.3860688168613735,3.4206567744194913,0.08124914229143465,0.12614800588384648,-1.9372804681577829,3.6051345206533103,4.084151525271982,0.1150643175967403,0.14973032994957258,-2.295612814002091,3.421214418596635,3.4249466935477075,0.1568950171915592,0.12614800588384648,-1.9372804681577829,4.046607390029047,4.058970323455414,-0.5211499966452589,0.14973032994957258,-2.295612814002091
7966.809946667833,3.3364757304741564,3.348867385645696,0.09347950393382416,0.12328649926286411,-1.8937315064878284,3.846239888503792,3.9617506923453383,0.152225774994032,0.1463413967800798,-2.2441784335197466,2.858498271314891,3.2824558884906416,0.07033043662468097,0.12328649926286411,-1.8937315064878284,3.915641350864699,3.9601010555417746,0.01474008030516579,0.1463413967800798,-2.2441784335197466,3.3257772183213015,3.3441266400171625,0.12153960556044063,0.12328649926286411,-1.8937315064878284,3.5413476863353903,3.9931878803165146,0.13028032503545717,0.1463413967800798,-2.2441784335197466,3.3368648493584216,3.348322908137513,0.11516394535960509,0.12328649926286411,-1.8937315064878284,3.96731039054452,3.9685522266701927,-0.45971098904183694,0.1463413967800798,-2.2441784335197466
8057.593336702269,3.2409790992753362,3.273904961867331,0.07582925149492266,0.12048900289935463,-1.851141861750828,3.7919075486127802,3.8734407667692743,0.19005830663326762,0.1430282477703058,-2.1938750420152537,2.7662799877319464,3.208944565972603,0.07554638747998632,0.12048900289935463,-1.851141861750828,3.7276360743073225,3.8718269270898276,-0.03404022230982754,0.1430282477703058,-2.1938750420152537,3.273684505131533,3.2692677763083373,0.11251780434537062,0.12048900289935463,-1.851141861750828,3.4779856256135258,3.9041959264075348,0.15151550967345528,0.1430282477703058,-2.1938750420152537,3.281124658136894,3.2733723780896486,0.11116229205828923,0.12048900289935463,-1.851141861750828,3.876610987541637,3.880094716487812,-0.37902218747036787,0.1430282477703058,-2.1938750420152537
8149.4112215924015,3.194257152054704,3.2005805342323486,0.07454486286966085,0.11775408741217014,-1.809490615611509,3.7866026090631273,3.787048295686171,0.2293477109571097,0.13978919158363992,-2.1446780497647966,2.632688101276473,3.1370403583989512,0.10229085325807696,0.11775408741217014,-1.809490615611509,3.708540468669457,3.7854695178335804,-0.020254275924821243,0.13978919158363992,-2.1446780497647966,3.1770920307904924,3.1960447073819265,0.12585878877354995,0.11775408741217014,-1.809490615611509,3.4157452404157684,3.8171354181944315,0.0813095198444529,0.13978919158363992,-2.1446780497647966,3.2252166138572256,3.200059591382143,0.13623413658369934,0.11775408741217014,-1.809490615611509,3.7507968430655274,3.793557691293107,-0.3378891987331716,0.13978919158363992,-2.1446780497647966
8242.275389613664,3.122209859709806,3.1288592388090426,0.07003198750126967,0.11508035524256909,-1.768757299500388,3.6481284882973846,3.7025337651110872,0.14893664663733375,0.13662257449559395,-2.096563390167532,2.5676407397030956,3.0667089801946728,0.10231295493971737,0.11508035524256909,-1.768757299500388,3.5616489722313203,3.700989324189588,-0.05868574374186245,0.13662257449559395,-2.096563390167532,3.139723306574718,3.124422610214181,0.1557576974302085,0.11508035524256909,-1.768757299500388,3.3097658550345326,3.7319666461575802,0.10721814212130809,0.13662257449559395,-2.096563390167532,3.1937826132179707,3.128349688778571,0.16227197379585015,0.11508035524256909,-1.768757299500388,3.6893799925824395,3.708901594362578,-0.46665129103822767,0.13662257449559395,-2.096563390167532
8336.197763371241,3.0381968951271827,3.0587068652953326,0.07350452982775064,0.11246643994993319,-1.7289218853013757,3.5888189501910155,3.6198582368890433,0.11054641523693476,0.1335267795632148,-2.0495075096681385,2.5333061449417342,2.9979167985740633,0.07807987814374096,0.11246643994993319,-1.7289218853013757,3.5136737283602946,3.618347418876077,-0.0752719361697212,0.1335267795632148,-2.0495075096681385,3.057822245124774,3.054367315398151,0.12686138312879203,0.11246643994993319,-1.7289218853013757,3.2296712228799525,3.648650467285476,0.12348363817159935,0.1335267795632148,-2.0495075096681385,3.10872052377198,3.0582084646710426,0.10741593001058228,0.11246643994993319,-1.7289218853013757,3.595167690097069,3.6260874428396255,-0.6688370708645255,0.1335267795632148,-2.0495075096681385
8431.190401330787,2.988783438631572,2.9900898559695372,0.08440409655125987,0.10991100552315024,-1.6899647761850143,3.527090179301542,3.538983371594046,0.08515814537596611,0.13050022581259013,-2.003487357729684,2.491430985391497,2.9306308310342977,0.10285185788779339,0.10991100552315024,-1.6899647761850143,3.509544652107471,3.5375054737153317,0.061535908169704855,0.13050022581259013,-2.003487357729684,2.955936381629533,2.9858453059846597,0.09461543347300372,0.10991100552315024,-1.6899647761850143,3.1301658540789052,3.567148329855034,0.06308068098823227,0.13050022581259013,-2.003487357729684,3.0463259566263026,2.98960236601825,0.10634032678182628,0.10991100552315024,-1.6899647761850143,3.5501497778496804,3.545076851033922,-0.665744359797215,0.13050022581259013,-2.003487357729684
8527.265499366575,2.9169440572815906,2.92297530300867,0.08768981389107762,0.107412745706842,-1.651866797592605,3.449765156795607,3.4598714465453306,0.0685143357724155,0.1275413674441261,-1.9584803768781456,2.48821306437083,2.864818741429855,0.1043682369989346,0.107412745706842,-1.651866797592605,3.4840137022960063,3.4584257775661484,0.043614564643205754,0.1275413674441261,-1.9584803768781456,2.899234784921932,2.9188237147067553,0.10597181373449993,0.107412745706842,-1.651866797592605,3.0738281523524282,3.4874222930829895,0.07674109035021104,0.1275413674441261,-1.9584803768781456,2.926835027676398,2.9224984896531425,0.1575226226243668,0.107412745706842,-1.651866797592605,3.4780152072487964,3.4658320487857326,-0.737731519925666,0.1275413674441261,-1.9584803768781456
8624.435392327303,2.835522601675305,2.857330944413671,0.04482014587555423,0.10497038334258851,-1.6146091883744376,3.382556026829967,3.3824853695841943,0.10462459081732589,0.12464869305511517,-1.9144644928363463,2.4301660227508584,2.8004488348406396,0.1292014970035792,0.10497038334258851,-1.6146091883744376,3.3085674770891442,3.3810712500276963,0.07166341804047867,0.12464869305511517,-1.9144644928363463,2.830262296645165,2.8532703198249414,0.10564893999776837,0.10497038334258851,-1.6146091883744376,3.0280414971845477,3.409435042321678,0.09430004495558819,0.12464869305511517,-1.9144644928363463,2.862170302356835,2.8568645781986692,0.11061350365509917,0.10497038334258851,-1.6146091883744376,3.364657731057276,3.3883158955446535,-0.8075955899298595,0.12464869305511517,-1.9144644928363463
8722.712555619735,2.7700773166366983,2.793125158750893,0.05615863385186455,0.10258266972431783,-1.578173592084894,3.316802471902907,3.3067886891741907,0.05695204145735289,0.12182072487933347,-1.8714181047626872,2.3309893834507647,2.7374900514201,0.14118823797631685,0.10258266972431783,-1.578173592084894,3.22407832126457,3.3054054514767284,0.08923038909356058,0.12182072487933347,-1.8714181047626872,2.7534125848641104,2.7891535398010356,0.0760435878547886,0.10258266972431783,-1.578173592084894,2.8770638903632797,3.3331499003893157,0.10892662361142769,0.12182072487933347,-1.8714181047626872,2.789933797102813,2.7926690148016675,0.11014376255785799,0.10258266972431783,-1.578173592084894,3.3175001845602465,3.3124918907314944,-0.7081697714955613,0.12182072487933347,-1.8714181047626872
8822.109606810382,2.730701462315985,2.73032695889372,0.10483286667044152,0.10024838396806102,-1.542542048436398,3.1888764715274043,3.2327456013189595,0.12712596214620475,0.11905601804314879,-1.8293200756070969,2.3814892427648338,2.6759119593857967,0.13581873736619465,0.10024838396806102,-1.542542048436398,3.1943223616018868,3.231392589930781,0.1034290372041466,0.11905601804314879,-1.8293200756070969,2.728482505759571,2.7264424269825915,0.08534180543402792,0.10024838396806102,-1.542542048436398,2.878876489104025,3.258530835551797,0.14742432905512004,0.11905601804314879,-1.8293200756070969,2.6667011716350983,2.7298808168678006,0.06357772861795788,0.10024838396806102,-1.542542048436398,3.228773812303524,3.238324180882392,-0.517843549613114,0.11905601804314879,-1.8293200756070969
8922.639307245445,2.6754994098107763,2.6689059849236934,0.1350667006754372,0.09796633239540968,-1.5076969849129707,3.170065363721438,3.160320953729579,0.1558356709362262,0.11635315983810604,-1.7881497225945862,2.3271712308940926,2.6156847472943623,0.13357003333476436,0.09796633239540968,-1.5076969849129707,3.1448268006722904,3.1589975251684095,0.14323723862620505,0.11635315983810604,-1.7881497225945862,2.679763936999072,2.6651066604563525,0.09193369490239556,0.09796633239540968,-1.5076969849129707,2.908456141586745,3.185542466609113,0.1082634636767601,0.11635315983810604,-1.7881497225945862,2.599372602073719,2.6684696289571836,0.06113182240000051,0.09796633239540968,-1.5076969849129707,3.1332956332497317,3.1657775640115466,-0.4036687180712295,0.11635315983810604,-1.7881497225945862
9024.314563689217,2.588773743354516,2.6088324963313987,0.09191108278712375,0.09573534793054969,-1.4736212085438605,3.105006261238387,3.0894802476207084,0.1542648986522569,0.11371076900910743,-1.7478868078450542,2.239332513661702,2.5567792157249074,0.1302464793378325,0.09573534793054969,-1.4736212085438605,3.033112029154853,3.0881857704848956,0.11486466814777337,0.11371076900910743,-1.7478868078450542,2.588170873928546,2.6051165382096233,0.08412478335511986,0.09573534793054969,-1.4736212085438605,2.850642648212224,3.1141500654830843,0.1098197848553113,0.11371076900910743,-1.7478868078450542,2.5292639687690666,2.6084057149807593,0.03478238860353891,0.09573534793054969,-1.4736212085438605,3.0508204765226643,3.094817491575742,-0.26315762717342284,0.11371076900910743,-1.7478868078450542
9127.148429981135,2.5373781460242424,2.550077363638958,0.1323524601846196,0.0935542895104697,-1.440297897837052,3.0857858171267445,3.0201896374672526,0.14662885718402918,0.11112749505848228,-1.7085115291361317,2.1666084584334597,2.4991667684787653,0.11561063159354512,0.0935542895104697,-1.440297897837052,2.995677343430674,3.01892349241386,0.041942662085687275,0.11112749505848228,-1.7085115291361317,2.5752712101073123,2.546442968720037,0.10887306894446647,0.0935542895104697,-1.440297897837052,2.740855482870236,3.044319557654462,0.07617491585165936,0.11112749505848228,-1.7085115291361317,2.4719331728424208,2.549659949818972,0.054158966671533554,0.0935542895104697,-1.440297897837052,2.960220556724218,3.025410068375361,-0.39206611219011367,0.11112749505848228,-1.7085115291361317
9231.154108711771,2.4900066982793807,2.492612059550246,0.12997958884244493,0.09142204150818233,-1.4077105948720445,3.0039695550149332,2.9524159290116754,0.13571318517684972,0.10860201756503673,-1.6700045108145913,2.048007435028205,2.4428194033893704,0.12556595779836266,0.09142204150818233,-1.4077105948720445,2.952112485828411,2.9511775087049275,0.05463380972339046,0.10860201756503673,-1.6700045108145913,2.533540869997664,2.489057462079616,0.12455031859915289,0.09142204150818233,-1.4077105948720445,2.7025066980778885,2.9760175207529715,0.11514239442478669,0.10860201756503673,-1.6700045108145913,2.414955663252998,2.4922038104689324,0.04166695978939963,0.09142204150818233,-1.4077105948720445,2.9599549472576974,2.957522050685662,-0.33664143679296177,0.10860201756503673,-1.6700045108145913
9336.344952917823,2.4321485720458225,2.4364086497215176,0.1386664913963565,0.08933751316862264,-1.3758431975509584,2.9131099260656974,2.8861265757766184,0.10478124067004913,0.10613304551816471,-1.6323467948602068,1.9301868633551655,2.387709702824599,0.09427264860277285,0.08933751316862264,-1.3758431975509584,2.9041480497354355,2.8849152848107797,0.06964839811608577,0.10613304551816471,-1.6323467948602068,2.449485185723445,2.4329321207443018,0.12590923837440948,0.08933751316862264,-1.3758431975509584,2.777334160496858,2.909211181567417,0.1129443845781708,0.10613304551816471,-1.6323467948602068,2.429433248234497,2.4360093668126908,0.03591976079695805,0.08933751316862264,-1.3758431975509584,2.8411941547599127,2.8911208428748356,-0.4823055455730827,0.10613304551816471,-1.6323467948602068
9442.73446779652,2.3659871894888913,2.3814397832328353,0.1153108418773557,0.08729963805687072,-1.3446799520062287,2.861780666416575,2.8212896743047673,0.1145730369166661,0.10371931666654294,-1.5955198321056727,1.8427619566246647,2.333810823951998,0.13281680331234946,0.08729963805687072,-1.3446799520062287,2.805802740776911,2.8201049291055265,0.08292597257891195,0.10371931666654294,-1.5955198321056727,2.4023604620185943,2.3780396299892024,0.11011173849977263,0.08729963805687072,-1.3446799520062287,2.6154617797691255,2.8438684117085,0.19479006688802158,0.10371931666654294,-1.5955198321056727,2.3780258353281503,2.381049272086772,0.058048397448562744,0.08729963805687072,-1.3446799520062287,2.801323340833578,2.8261744927337027,-0.4432814802299976,0.10371931666654294,-1.5955198321056727
9550.33631243951,2.327448491948108,2.3276786828303018,0.12871999630065228,0.08530737351858735,-1.3142054451637044,2.7931007141296043,2.757873958320818,0.16481519659646693,0.10135959688102195,-1.5595054736142397,1.85547204512361,2.2810964888288465,0.1386258729154205,0.08530737351858735,-1.3142054451637044,2.747141387339613,2.7567151870283357,0.06416175176994705,0.10135959688102195,-1.5595054736142397,2.3180658474271767,2.3243532481384457,0.12997426141354163,0.08530737351858735,-1.3142054451637044,2.479165363653701,2.7799577221283527,0.20714306531214177,0.10135959688102195,-1.5595054736142397,2.3125348937778347,2.3272967531228335,0.07333564246470595,0.08530737351858735,-1.3142054451637044,2.76733239522281,2.762651685713387,-0.276164504012242,0.10135959688102195,-1.5595054736142397
9659.164301586516,2.2795952253177245,2.275099134999406,0.13848314646847665,0.08335970015227749,-1.2844045974589742,2.680816112615201,2.6958487919851675,0.11657652043302036,0.09905267953146767,-1.5242859622167155,1.745352817009779,2.2295409743703267,0.1366760810717137,0.08335970015227749,-1.2844045974589742,2.6736355468497903,2.6947154343218354,0.05226326373641662,0.09905267953146767,-1.5242859622167155,2.2815496426025654,2.2718467966299145,0.07532879334924425,0.08335970015227749,-1.2844045974589742,2.380843846081481,2.717448256674775,0.16364312687472093,0.09905267953146767,-1.5242859622167155,2.302362806232123,2.2747256004202985,0.11314725978702392,0.08335970015227749,-1.2844045974589742,2.704251900299654,2.7005217382426854,-0.3614333395920528,0.09905267953146767,-1.5242859622167155
9769.23240739898,2.2090069292487304,2.22367547992231,0.11112741335384453,0.08145562129315301,-1.255262655704847,2.669816707513018,2.6351841623878824,0.19490758605303327,0.09679738487750353,-1.4898439242084502,1.6679780486998452,2.1791191022417897,0.08331324601837886,0.08145562129315301,-1.255262655704847,2.639533534066092,2.6340756695133023,0.060462226939665485,0.09679738487750353,-1.4898439242084502,2.2106816130166345,2.220494649966745,0.08766700795419646,0.08145562129315301,-1.255262655704847,2.350349643852107,2.656309784836099,0.1450009150616438,0.09679738487750353,-1.4898439242084502,2.2608999859401187,2.223310158102658,0.1088770710774977,0.08145562129315301,-1.255262655704847,2.641189112770087,2.639754590275094,-0.42281277690066577,0.09679738487750353,-1.4898439242084502
9880.554761253912,2.1712396086301493,2.1733826013639375,0.10585409123698437,0.07959416250838845,-1.2267651861078113,2.6211184721818768,2.5758506714124936,0.11204479096538733,0.09459255947228128,-1.4561623612064065,1.6978123005218477,2.1298062287147994,0.07494163841636003,0.07959416250838845,-1.2267651861078113,2.5900683557698754,2.574766505767902,0.06949052837062104,0.09459255947228128,-1.4561623612064065,2.17713578640681,2.170271725600323,0.10927774798427003,0.07959416250838845,-1.2267651861078113,2.2525826855700775,2.5965126938123175,0.15554170584767135,0.09459255947228128,-1.4561623612064065,2.207482139259715,2.1730253138034357,0.1332111217664579,0.07959416250838845,-1.2267651861078113,2.635313630845141,2.5803207971963698,-0.39256707673275204,0.09459255947228128,-1.4561623612064065
9993.145655558184,2.1453465781920404,2.124195916526272,0.04678653240185977,0.0777743711034966,-1.198898067431223,2.4811670664108725,2.5178195270825032,0.07067547256108753,0.09243707557959772,-1.4232246421657047,1.6770129149038673,2.081578234521166,0.05870987053417076,0.0777743711034966,-1.198898067431223,2.498367343146689,2.5167591622266365,0.10165833541982301,0.09243707557959772,-1.4232246421657047,2.1402345975365784,2.1211534737838273,0.1254530514309321,0.0777743711034966,-1.198898067431223,2.273728870554349,2.5380279800311465,0.15608320163820366,0.09243707557959772,-1.4232246421657047,2.1507430902287914,2.123846488520236,0.1239853768493692,0.0777743711034966,-1.198898067431223,2.5323508874483998,2.5221915212068104,-0.3901339545192417,0.09243707557959772,-1.4232246421657047
10107.019545583493,2.0526174158151744,2.076091365903987,0.029915844461846433,0.07599531563949441,-1.1716474843025024,2.4772085390489984,2.4610625344888937,0.08561580939354385,0.09032983060376248,-1.391014495555058,1.5462006712401872,2.034411514734118,0.0637958777011901,0.07599531563949441,-1.1716474843025024,2.3716533556036223,2.460025454927008,0.002212728441615538,0.09032983060376248,-1.391014495555058,2.091852469655484,2.073115867428922,0.10879340445928187,0.07599531563949441,-1.1716474843025024,2.2598710753275224,2.48082724021214,0.140901458401828,0.09032983060376248,-1.391014495555058,2.087119436410665,2.0757496264706083,0.1117612857940177,0.07599531563949441,-1.1716474843025024,2.5098692089334995,2.4653385222775346,-0.48491051984939193,0.09032983060376248,-1.391014495555058
10222.191051322267,1.9947314066096384,2.0290454031705165,0.0024550182857504127,0.07425608546085594,-1.1449999206619919,2.434420933368134,2.4055520863845077,0.06727352053252289,0.08826974653190031,-1.3595160016897057,1.5399899333357054,1.988282968701531,0.05492981232064886,0.07425608546085594,-1.1449999206619919,2.3551092659498485,2.404537787391802,0.035814000099665365,0.08826974653190031,-1.3595160016897057,2.024494016320484,2.0261353919945018,0.06397406573071274,0.07425608546085594,-1.1449999206619919,2.2965241734104023,2.4248826620689097,0.09905298710091515,0.08826974653190031,-1.3595160016897057,2.039606157012963,2.0287111849783153,0.11617434704672328,0.07425608546085594,-1.1449999206619919,2.4975256038482576,2.4097341487673734,-0.5093864674737911,0.08826974653190031,-1.3595160016897057
10338.674959364638,1.9440521221025195,1.9830349851186564,0.02216475493955923,0.072555790233723,-1.1189421533508863,2.3502037328518917,2.351261153519392,0.07584065640262849,0.0862557693885995,-1.328713585220377,1.5080063480961505,1.943169990052496,0.0751583352114954,0.072555790233723,-1.1189421533508863,2.3101038107009115,2.350269140960461,0.03177657084091031,0.0862557693885995,-1.328713585220377,1.9826011610071659,1.9801890354315574,0.12645164480728377,0.072555790233723,-1.1189421533508863,2.1640480950761383,2.3701670147274454,0.0911022105605177,0.0862557693885995,-1.328713585220377,1.9724238500596143,1.9827081244144802,0.11031731506523137,0.072555790233723,-1.1189421533508863,2.387579342339398,2.3553513277756233,-0.5319867968730978,0.0862557693885995,-1.328713585220377
10456.486224796898,1.932070485255988,1.9380375616767553,0.04641275538597907,0.07089355949440032,-1.0934612458355621,2.2704532156299777,2.2981632747818015,0.049769460514169306,0.0842868687025379,-1.2985920077763227,1.4659879668780333,1.899050456794984,0.05386604870274547,0.07089355949440032,-1.0934612458355621,2.287681766599426,2.2971930649269434,0.04522445262175886,0.0842868687025379,-1.2985920077763227,1.9058302174213309,1.9352542782046676,0.11349184913600519,0.07089355949440032,-1.0934612458355621,2.1391595356975994,2.316653638928568,0.05829397075828879,0.0842868687025379,-1.2985920077763227,1.9000003464468178,1.937717898214418,0.0872738947850035,0.07089355949440032,-1.0934612458355621,2.3522048497942634,2.302163555295735,-0.5356349201421533,0.0842868687025379,-1.2985920077763227
10575.63997312153,1.9022018919549206,1.8940310660180313,0.08055048284538853,0.06926854220772305,-1.06854454206561,2.2516563582233005,2.2462325472006794,0.037260558721860515,0.08236203698484017,-1.2691363607608492,1.3991356557294927,1.8559027215198816,0.08073929406856217,0.06926854220772305,-1.06854454206561,2.2423618503701688,2.2452836665401423,0.09605230350875522,0.08236203698484017,-1.2691363607608492,1.879166431446228,1.8913090834075925,0.09690432593080922,0.06926854220772305,-1.06854454206561,2.1536037845284977,2.2643164370730946,0.10627982289682336,0.08236203698484017,-1.2691363607608492,1.8891643008580998,1.893718442987566,0.06537832505733157,0.06926854220772305,-1.06854454206561,2.2022619470700433,2.2501448862265887,-0.5864993596772077,0.08236203698484017,-1.2691363607608492
10696.15150219914,1.8711016368861133,1.8509939047775572,0.03402138466240186,0.06767990633529523,-1.0441796604630489,2.2814494715639277,2.1954436158580384,0.03740798057085726,0.0804802892188832,-1.2403320582966326,1.3902549217013997,1.8137056017236972,0.05048540115511224,0.06767990633529523,-1.0441796604630489,2.2899774541944735,2.194515600915082,0.1779490564907524,0.0804802892188832,-1.2403320582966326,1.8393806830692674,1.8483318869875394,0.09476584534883281,0.06767990633529523,-1.0441796604630489,2.0030465794989762,2.2131298631608107,0.051289272111429085,0.0804802892188832,-1.2403320582966326,1.8657343670399817,1.850688168735366,0.054754453539765185,0.06767990633529523,-1.0441796604630489,2.1472448439678593,2.1992699242901685,-0.40039456001484086,0.0804802892188832,-1.2403320582966326
10818.03628421251,1.795561107913873,1.8089049483893986,0.03890350995759147,0.06612683841311233,-1.020354488039926,2.174777773938782,2.1457716637528805,0.07521888002240373,0.0786406623613971,-1.2121648303190034,1.369770063942647,1.7724383702604798,0.05303580615261916,0.06612683841311233,-1.020354488039926,2.121319724461258,2.144864060896176,0.07107523802360212,0.0786406623613971,-1.2121648303190034,1.7669537513875062,1.8063015880901183,0.08131755614652414,0.06612683841311233,-1.020354488039926,1.9167889553213744,2.1630689126669007,0.09816677574129784,0.0786406623613971,-1.2121648303190034,1.8051747554597752,1.8086059491893025,0.10410871743324215,0.06612683841311233,-1.020354488039926,2.0890216456427075,2.149513811897786,-0.3662058475859655,0.0786406623613971,-1.2121648303190034
10941.309967653033,1.7989251704815674,1.7677435215540058,0.060201614729574374,0.0646085431385893,-0.9970571746418364,2.161920199505307,2.0971924016523973,0.0473665311478112,0.07684221485446922,-1.184620715814433,1.285657457764175,1.7320807459313345,0.047832899507068816,0.0646085431385893,-0.9970571746418364,2.0670327839925333,2.096304766908535,0.020754346547028533,0.07684221485446922,-1.184620715814433,1.7420222785383024,1.7651975395351895,0.05265712255408184,0.0646085431385893,-0.9970571746418364,1.9243702660628994,2.1141091123939733,0.09028226557549601,0.07684221485446922,-1.184620715814433,1.808810477099763,1.7674511122792809,0.13734180394661913,0.0646085431385893,-0.9970571746418364,2.0686003153698898,2.1008522200012063,-0.4134854881776622,0.07684221485446922,-1.184620715814433
11065.988379329787,1.741551193166018,1.7274893938440714,0.004409557966620639,0.0631242429667527,-0.9742761273145274,2.000560137770112,2.049682057961327,0.0877630753842763,0.07508402614841826,-1.157686056201908,1.2525416560139866,1.692612884218387,0.05815482883314382,0.0631242429667527,-0.9742761273145274,1.9397266947083542,2.0488139568280217,-0.031840855338495046,0.07508402614841826,-1.157686056201908,1.74335736992491,1.7249995384315973,0.09469785741829762,0.0631242429667527,-0.9742761273145274,1.9321919617066339,2.066226510331836,0.1350286164874106,0.07508402614841826,-1.157686056201908,1.776720891937225,1.7272034307404116,0.15300963749991717,0.0631242429667527,-0.9742761273145274,2.0422869924462765,2.0532613379595825,-0.4477324325984309,0.07508402614841826,-1.157686056201908
11192.087526401496,1.6598548417733243,1.6881227704553918,0.013918197361934517,0.061673177715240696,-0.9520000047911612,1.934716519032687,2.0032173686357666,-0.011041576370364514,0.07336519623501908,-1.1313474888546429,1.272959790962625,1.6540153681684486,0.03884411207287053,0.061673177715240696,-0.9520000047911612,1.8881334185527328,2.0023683758959585,-0.0049274839189879325,0.07336519623501908,-1.1313474888546429,1.6637529309460233,1.68568781693737,0.07826508799755183,0.061673177715240696,-0.9520000047911612,1.9143411798098295,2.01939766555289,0.08513949769531592,0.07336519623501908,-1.1313474888546429,1.7167361657259668,1.68784311286504,0.12332074443777721,0.061673177715240696,-0.9520000047911612,2.029565664982632,2.0067178634490817,-0.2936249389508976,0.07336519623501908,-1.1313474888546429
11319.623598431659,1.6370360580899261,1.6496242831082202,0.02639873491253593,0.060254604178102404,-0.9302177120976338,1.8618809087241104,1.9577755671636234,-0.009297090335331437,0.0716848451912299,-1.1055919407592953,1.1411880738201545,1.6162691994307425,0.029020418866669728,0.060254604178102404,-0.9302177120976338,1.84830230615509,1.956945266701108,-0.011732238369071482,0.0716848451912299,-1.1055919407592953,1.613257309399563,1.6472430331705654,0.029324322347251353,0.060254604178102404,-0.9302177120976338,1.9097979352196308,1.9735996381669962,0.11659123421932094,0.0716848451912299,-1.1055919407592953,1.6953921631799864,1.6493507934051712,0.10241804326788576,0.060254604178102404,-0.9302177120976338,1.9996833667339524,1.9611989924375328,-0.4027991497586665,0.0716848451912299,-1.1055919407592953
11448.61296946708,1.588071547113682,1.6119749811028083,0.04332729660529762,0.05886779574818031,-0.9089183952733368,1.8586572646594313,1.9133343746308626,0.01366135403069435,0.0700421127327165,-1.0804066223104214,1.0762988642990527,1.579355789451454,0.031080777180421904,0.05886779574818031,-0.9089183952733368,1.8437777395256303,1.9125223592475928,0.007364690346647293,0.0700421127327165,-1.0804066223104214,1.570200825540786,1.6096462622746,0.03592805349426109,0.05886779574818031,-0.9089183952733368,1.7899601992785303,1.9288099793555933,0.13975471115988114,0.0700421127327165,-1.0804066223104214,1.6347385118042772,1.6117075246290777,0.09342034773256849,0.05886779574818031,-0.9089183952733368,1.9645731242739204,1.9166824092435684,-0.5096320560059755,0.0700421127327165,-1.0804066223104214
11579.072200140097,1.5417532053714533,1.575156322532272,0.03481928938191044,0.05751204204771364,-0.8880914362049697,1.7831086904907103,1.8698719898892984,-0.017651685300085096,0.06843615777754045,-1.055779021237109,1.059798843718029,1.54325695082741,0.010365678995900907,0.05751204204771364,-0.8880914362049697,1.8125543803119042,1.8690778611247263,-0.022233095787989966,0.06843615777754045,-1.055779021237109,1.5542650163872962,1.572878987641021,0.059811353145926005,0.05751204204771364,-0.8880914362049697,1.7072848329794272,1.8850067215022368,0.13661600350529923,0.06843615777754045,-1.055779021237109,1.6168830906154645,1.5748947675353566,0.10780266819294618,0.05751204204771364,-0.8880914362049697,1.9480218678637387,1.8731462766961406,-0.459617752847264,0.06843615777754045,-1.055779021237109
11711.01803979476,1.4789192572541412,1.5391501656546889,0.053501587377218954,0.05618664856723247,-0.8677264475709114,1.7403786587217276,1.8273670798393504,-0.021637643839430898,0.06686615801919224,-1.0316968966595554,1.1346455062932121,1.5079548888201677,0.02603292163020876,0.05618664856723247,-0.8677264475709114,1.825086435073909,1.8265904477920052,0.01568504957521718,0.06686615801919224,-1.0316968966595554,1.4992398728309644,1.5369230922916322,0.06727865693240298,0.05618664856723247,-0.8677264475709114,1.5245268869990394,1.842168368433696,0.07461878209807082,0.06686615801919224,-1.0316968966595554,1.5469072002621664,1.5388943832261524,0.11348143287514781,0.05618664856723247,-0.8677264475709114,1.845613731238403,1.8305692264082132,-0.617288345102813,0.06686615801919224,-1.0316968966595554
11844.467428637237,1.4484583354244125,1.5039387604256231,0.05747502750387608,0.05489093631241439,-0.8478132678937579,1.6872488654100195,1.7857987698387945,0.034516015674049494,0.06533130950920399,-1.008148273272464,0.9979491529160369,1.4734321930310275,0.0401978905490038,0.05489093631241439,-0.8478132678937579,1.711544758484382,1.7850392529903165,0.07263467205182912,0.06533130950920399,-1.008148273272464,1.4801956155269507,1.5017608504211255,0.03204613756596808,0.05489093631241439,-0.8478132678937579,1.417913215538901,1.8002738857833724,0.07162647381182197,0.06533130950920399,-1.008148273272464,1.5096461839167907,1.503688624440873,0.0963279455537748,0.05489093631241439,-0.8478132678937579,1.7663132743381043,1.7889303491754813,-0.6190921030275074,0.06533130950920399,-1.008148273272464
11979.437499910731,1.4311158002623012,1.4695047401918402,0.04784544046292834,0.05362424145869371,-0.8283419566986252,1.72395382622242,1.7451466342466417,0.07115885747710393,0.06383082624897253,-0.98512143565316,0.9516817176153345,1.4396718292371447,0.03973338386271885,0.05362424145869371,-0.8283419566986252,1.6661657246699226,1.7444038592882714,0.05600975445099984,0.06383082624897253,-0.98512143565316,1.447355200679697,1.4673749191007748,0.0613607539246791,0.05362424145869371,-0.8283419566986252,1.3635095114465248,1.7593026914868357,0.09065509711627229,0.06383082624897253,-0.98512143565316,1.4432871488406582,1.4692601272510142,0.07541225418450673,0.05362424145869371,-0.8283419566986252,1.7877072245851247,1.748209185509693,-0.5271604935105063,0.06383082624897253,-0.98512143565316
12115.945582095172,1.4252755334326432,1.435831113545801,0.05665905500860842,0.0523859150135958,-0.8093027897749714,1.7096918603753828,1.7053906871091893,0.07872034237051906,0.06236393979051396,-0.9626049226913218,0.9258785274512475,1.406657131388127,0.020511644407368634,0.0523859150135958,-0.8093027897749714,1.5185526362718873,1.704664288771105,0.04412660808490806,0.06236393979051396,-0.9626049226913218,1.4559186616229296,1.433748330143116,0.10925312533728382,0.0523859150135958,-0.8093027897749714,1.2649347709747776,1.7192346464173025,0.07069163456997529,0.06236393979051396,-0.9626049226913218,1.390763148744751,1.4355919029158213,0.037575683650729635,0.0523859150135958,-0.8093027897749714,1.7073438377882988,1.7083857163137428,-0.3824783601996191,0.06236393979051396,-0.9626049226913218
12254.009201131972,1.3695038801457822,1.4029012563408185,0.026824987069317643,0.05117532248652575,-0.7906862545396101,1.5718343365139162,1.666511372994484,0.00949839460213553,0.060929898846175765,-0.9405875221380972,0.8962729109928644,1.3743717937623177,0.049192209036275414,0.05117532248652575,-0.7906862545396101,1.4559628626914352,1.6658009938777854,-0.06178060846735981,0.060929898846175765,-0.9405875221380972,1.4400551291800616,1.400864482127036,0.15718418014447388,0.05117532248652575,-0.7906862545396101,1.3173128723283032,1.6800500451674654,0.0781836840854595,0.060929898846175765,-0.9405875221380972,1.3468476474429827,1.4026673298986203,0.05074610071551469,0.05117532248652575,-0.7906862545396101,1.6222001144856806,1.669440353704574,-0.39330018705148606,0.060929898846175765,-0.9405875221380972
12393.646082674153,1.371047734640172,1.370698903865586,0.007046808098383053,0.04999184356584103,-0.7724830454987525,1.5050520223065114,1.6284895579793153,-0.07928315179852163,0.05952796890682831,-0.9190582652719277,0.8295276372588254,1.3427998632814517,0.011150982227655759,0.04999184356584103,-0.7724830454987525,1.4359372019979473,1.6277948483909455,-0.07502835609728913,0.05952796890682831,-0.9190582652719277,1.4221580705012065,1.3687071325822686,0.11493632758109962,0.04999184356584103,-0.7724830454987525,1.2273298382095437,1.6417296069825094,0.049382395081703834,0.05952796890682831,-0.9190582652719277,1.3666738990006357,1.3704701460424593,0.01629957415258368,0.04999184356584103,-0.7724830454987525,1.645588386834939,1.6313539319884844,-0.42760997703280057,0.05952796890682831,-0.9190582652719277
12534.874154362087,1.3279395800297993,1.3392081431769878,0.019711721066200852,0.04883487180311667,-0.7546840598068322,1.572735144433647,1.5913065207923967,-0.00389296638943748,0.058157431868618006,-0.8980064216785202,0.8269667626260726,1.3119257319820656,0.027603304903047188,0.04883487180311667,-0.7546840598068322,1.4587810691727325,1.5906271385829285,-0.11114602702389668,0.058157431868618006,-0.8980064216785202,1.396110161662888,1.3372603903320823,0.10321558231834993,0.04883487180311667,-0.7546840598068322,1.179862852051519,1.6042544668482468,0.08512446690027176,0.058157431868618006,-0.8980064216785202,1.3387711463529057,1.3389844409040896,0.041738064194952434,0.04883487180311667,-0.7546840598068322,1.5818833372542487,1.5941076987922655,-0.5439640848945391,0.058157431868618006,-0.8980064216785202
12677.711548125193,1.3328856211160771,1.3084134055895016,0.05250723042713841,0.04770381430440531,-0.7372803929200877,1.5819351968049027,1.554943944115907,0.003853780176636401,0.056817585667892315,-0.8774214941425471,0.8094539062604347,1.2817341296419558,0.06819747272561594,0.04770381430440531,-0.7372803929200877,1.4608928027094903,1.5542795545203232,-0.14660231135170768,0.056817585667892315,-0.8774214941425471,1.364319032096793,1.3065087079923854,0.08924728244120794,0.04770381430440531,-0.7372803929200877,1.155443527725554,1.5676061667368368,0.01758869089020365,0.056817585667892315,-0.8774214941425471,1.36348033306187,1.3081946482444113,0.08024234559005841,0.04770381430440531,-0.7372803929200877,1.5004223971422108,1.5576833063526845,-0.6560253315802018,0.056817585667892315,-0.8774214941425471
12822.17660250984,1.2990680765374096,1.27829945931933,0.057423632965586904,0.046598091428302554,-0.7202633343427335,1.564837485220103,1.5193839060472,0.029832374051752875,0.05550774392425013,-0.8572932136487199,0.7559483923676189,1.2522101165595625,0.07387338281897138,0.046598091428302554,-0.7202633343427335,1.4702899845555626,1.518734181528577,-0.1681490194933746,0.05550774392425013,-0.8572932136487199,1.2957743358136027,1.2764368746255101,0.049221116210909854,0.046598091428302554,-0.7202633343427335,1.0992709309697286,1.5317666470122235,-0.033804663127508405,0.05550774392425013,-0.8572932136487199,1.3157778221980059,1.2780855386738088,0.07507392705936447,0.046598091428302554,-0.7202633343427335,1.4518686602649618,1.5220628029659462,-0.6058251138186026,0.05550774392425013,-0.8572932136487199
12968.287865033799,1.298593995651711,1.2488514022813033,0.08901622451790499,0.045517136490771506,-0.70362436346377,1.515229137206969,1.4846088717212322,0.05750529831433482,0.05422723559149957,-0.8376115344897439,0.7321726260471713,1.2233390764840673,0.05194930920730323,0.045517136490771506,-0.70362436346377,1.5456048916413136,1.4839734918174807,-0.03285596850764797,0.05422723559149957,-0.8376115344897439,1.1943155013348046,1.247030008546576,-0.024654962698358873,0.045517136490771506,-0.70362436346377,1.0508766718089877,1.4967182379961086,-0.06907297151444425,0.05422723559149957,-0.8376115344897439,1.2334112926906946,1.2486422124500483,0.056049654119679465,0.045517136490771506,-0.70362436346377,1.4362424769218316,1.4872286245978614,-0.5757091471354439,0.05422723559149957,-0.8376115344897439
13116.064094567504,1.2597794154131672,1.22005465503617,0.0434475879276371,0.04446039547644913,-0.6873551454824166,1.4429551747110203,1.4506016850942383,0.068229662116006,0.052975404616294595,-0.8183666294788148,0.7457873942123867,1.1951067096939565,0.07402481982280784,0.04446039547644913,-0.6873551454824166,1.5569897168839288,1.4499803362677477,-0.001983204148261067,0.052975404616294595,-0.8183666294788148,1.1731827205797336,1.2182735502801463,-0.013874611124757963,0.04446039547644913,-0.6873551454824166,1.0839629204894994,1.4624436516951271,-0.08097540395290537,0.052975404616294595,-0.8183666294788148,1.2184684290942243,1.2198500924267208,0.033584681111062414,0.04446039547644913,-0.6873551454824166,1.410804544286323,1.4531635866552615,-0.4326988891408081,0.052975404616294595,-0.8183666294788148
13265.52426374247,1.2370762976438707,1.1918949538860937,0.03182694884161859,0.04342732675641365,-0.6714475274202031,1.410161462821705,1.4173455608879917,0.0273695021840642,0.05175160960435554,-0.7995488852644974,0.7531039193470597,1.1674990262214764,0.01690218177864844,0.04342732675641365,-0.6714475274202031,1.4162861842614758,1.4167379363782386,0.05721405732830128,0.05175160960435554,-0.7995488852644974,1.1770874276645975,1.1901532556649028,0.06664486714253692,0.04342732675641365,-0.6714475274202031,1.146055280032881,1.428925973688768,-0.1397059347005687,0.05175160960435554,-0.7995488852644974,1.171995330507778,1.1916949171497482,0.0012963425592648348,0.04342732675641365,-0.6714475274202031,1.447932198238197,1.4198508759180406,-0.2682058952585986,0.05175160960435554,-0.7995488852644974
13416.687561387133,1.2138178536687827,1.1643583441158216,0.03750433939666149,0.04241740081216708,-0.6558935342179385,1.3309566232794587,1.3848240766941389,0.03725857367817553,0.05055522349409342,-0.7811488977455837,0.7156530480286576,1.1405023392205973,0.026979857311883904,0.04241740081216708,-0.6558935342179385,1.4452322429858482,1.3842298763733385,0.038999760270036675,0.05055522349409342,-0.7811488977455837,1.1825877878835611,1.1626551891038264,0.08788653883505881,0.04241740081216708,-0.6558935342179385,1.1460052286675424,1.3961486551777562,-0.09996652339995649,0.05055522349409342,-0.7811488977455837,1.0839569980814452,1.1641627340995782,-0.02516015960915005,0.04241740081216708,-0.6558935342179385,1.4384064887546033,1.3872740426313932,-0.08183692013146415,0.05055522349409342,-0.7811488977455837
13569.573394990457,1.1928503918678077,1.1374311733769058,0.01586073406665929,0.041430099965784346,-0.6406853649155713,1.2922193305812009,1.3530211652373594,0.008024649789699079,0.04938563323745413,-0.7631574675838644,0.6836151870363394,1.114103258475733,0.08319289240470107,0.041430099965784346,-0.6406853649155713,1.421043055785641,1.3524400954689106,0.02438370255149188,0.04938563323745413,-0.7631574675838644,1.1635723085050762,1.1357657169573583,0.10518054047629855,0.041430099965784346,-0.6406853649155713,1.0893528740056144,1.3640955051916082,0.013539360996006167,0.04938563323745413,-0.7631574675838644,1.102032810888255,1.1372398930764673,0.033291662122782034,0.041430099965784346,-0.6406853649155713,1.307502224248667,1.3554169927568545,-0.2651317189566942,0.04938563323745413,-0.7631574675838644
13724.201393193622,1.1769969857820402,1.111100085212547,0.043355047713741726,0.04046491811603055,-0.6258153889132523,1.2729468654543261,1.3219211067958256,0.02931631060871609,0.048242239487841794,-0.7455655958125722,0.5965948822569813,1.0882886840487125,0.07602096198228148,0.04046491811603055,-0.6258153889132523,1.2888668260477116,1.3213528802957442,0.00190806114327465,0.048242239487841794,-0.7455655958125722,1.1234101020123701,1.1094715010768645,0.10744621422793565,0.04046491811603055,-0.6258153889132523,1.109452868747967,1.332750682954116,0.04477029755297224,0.048242239487841794,-0.7455655958125722,1.120143251119559,1.1109130397263058,0.04704408900931903,0.04046491811603055,-0.6258153889132523,1.2869926713608721,1.3242639803809326,-0.34509206380088986,0.048242239487841794,-0.7455655958125722
13880.591408310094,1.1438007008196325,1.0853520127203082,0.08050749816452492,0.039521360480354734,-0.6112761423117895,1.248590180287163,1.291508521777317,0.020792927904554115,0.0471244562949314,-0.7283644795385142,0.5526489466438682,1.0630458000612693,0.040080649182312356,0.039521360480354734,-0.6112761423117895,1.325450113086041,1.290952857478473,0.0022303976659285487,0.0471244562949314,-0.7283644795385142,1.0565159979554635,1.0837594924759666,0.09166461032975926,0.039521360480354734,-0.6112761423117895,0.9409424439780469,1.3020986904050695,0.05343751900347016,0.0471244562949314,-0.7283644795385142,1.0694522352205786,1.0851691092042897,0.04701526210111276,0.039521360480354734,-0.6112761423117895,1.2344185893740744,1.293799600279368,-0.3377142008753953,0.0471244562949314,-0.7283644795385142
14038.763518874382,1.156180754970425,1.0601741723500497,0.11840181549941005,0.03859894334257509,-0.5970603243308301,1.1680612767257443,1.2617683634489318,-0.001524729912749767,0.046031710806316115,-0.7115455077356981,0.5599407299810095,1.03836206861045,0.04360515098384832,0.03859894334257509,-0.5970603243308301,1.234969375774969,1.2612249863681315,-0.09086684553242556,0.046031710806316115,-0.7115455077356981,1.042443491552808,1.058616925136806,0.05671610106759084,0.03859894334257509,-0.5970603243308301,0.9128892839037714,1.2721243648763647,0.01896183026393672,0.046031710806316115,-0.7115455077356981,1.019958537261521,1.0599953199738572,0.012809250347278228,0.03859894334257509,-0.5970603243308301,1.248505338261454,1.2640087806352593,-0.3654488931710087,0.046031710806316115,-0.7115455077356981
14198.738032219995,1.0767485863007453,1.0355540578344031,0.07640618187946598,0.037697193806242604,-0.5831607938029898,1.0030373678038984,1.232685910818283,-0.09984473474261535,0.04496344297566918,-0.695100257128548,0.4366787537095163,1.0142252238141016,0.044426707352440586,0.037697193806242604,-0.5831607938029898,1.214800483349289,1.232154551926093,-0.006314651674018493,0.04496344297566918,-0.695100257128548,0.9426632370338041,1.0340313099487528,-0.0028348114691910675,0.037697193806242604,-0.5831607938029898,0.863429809443657,1.242812871920255,0.0068793363990629075,0.04496344297566918,-0.695100257128548,1.0527612752318851,1.035379167738071,0.029464459452590935,0.037697193806242604,-0.5831607938029898,1.2029261593289549,1.2348767759088044,-0.4035249985454914,0.04496344297566918,-0.695100257128548
14360.535487086474,1.0623101911355486,1.0114794342492075,0.09529444113546799,0.036815649553415264,-0.5695705657424526,1.1103364760391372,1.2042467616638746,-0.000497609461207138,0.04391910527747943,-0.6790204881628059,0.4334813833664,0.990623265984027,0.007252701124362715,0.036815649553415264,-0.5695705657424526,1.2092428029432645,1.2037271577572617,0.012044884282125209,0.04391910527747943,-0.6790204881628059,0.9438473944502469,1.0099904287768573,0.023098065323947536,0.036815649553415264,-0.5695705657424526,0.8520163277328283,1.2141496982877336,0.025510754579272543,0.04391910527747943,-0.6790204881628059,1.0099075729687583,1.0113084195010011,0.062343498450318086,0.036815649553415264,-0.5695705657424526,1.1669170472159978,1.206389159856434,-0.33710332659783293,0.04391910527747943,-0.6790204881628059
14524.176656256426,1.0216843839872107,0.9879383322010521,0.10476767064764954,0.03595385860881311,-0.5562828079862948,1.1049244048620892,1.1764368257122937,-0.004600805507498085,0.04289816242806771,-0.6632981410620133,0.5023422331030374,0.9675444559238772,0.004128217175787596,0.03595385860881311,-0.5562828079862948,1.1596674593842193,1.17592871928987,-0.0320552153232763,0.04289816242806771,-0.6632981410620133,0.9172943765435541,0.9864823286572975,0.0077828488217240865,0.03595385860881311,-0.5562828079862948,0.858888577236046,1.1861206450544732,-0.004750898292289918,0.04289816242806771,-0.6632981410620133,0.9719933746287358,0.9877711077561655,0.03638952986331781,0.03595385860881311,-0.5562828079862948,1.142675586703591,1.1785318186968463,-0.34811595765621095,0.04289816242806771,-0.6632981410620133
14689.682549222463,0.974711616576798,0.9649190421394825,0.042896888626795374,0.03511137910927661,-0.5432908379070732,1.0990527461025792,1.149242317959587,0.028568177616110968,0.0419000911127812,-0.647925331967951,0.4817380004487411,0.9449773093493953,-0.006418877926636868,0.03511137910927661,-0.5432908379070732,1.154764726024836,1.1487454570995252,0.03180319414540996,0.0419000911127812,-0.647925331967951,0.8454150221459166,0.9634953161172894,-0.018374867608200618,0.03511137910927661,-0.5432908379070732,0.9599654509586113,1.1587118208919323,0.05996680433884549,0.0419000911127812,-0.647925331967951,0.9519200002177873,0.9647555247996167,-0.03660327188788379,0.03511137910927661,-0.5432908379070732,1.1509535497613166,1.1512909444215726,-0.31569046646802223,0.0419000911127812,-0.647925331967951
14857.074414884562,0.8876471348190729,0.942410108791112,0.0026023637474879707,0.03428777907823407,-0.5305881191951156,1.1975700126121112,1.1226497521343834,0.0972869334209524,0.0409243797192927,-0.6328943491630195,0.5063459012238751,0.9229105914282477,0.00046960478336666167,0.03428777907823407,-0.5305881191951156,1.1859755103220548,1.1221638903749358,0.12724040569431147,0.0409243797192927,-0.6328943491630195,0.8072592860172619,0.9410179516166961,-0.015361857610456497,0.03428777907823407,-0.5305881191951156,0.8847724460022501,1.1319096354810536,0.03335822705239622,0.0409243797192927,-0.6328943491630195,0.9322770232782472,0.9422502171649273,-0.01443466755772213,0.03428777907823407,-0.5305881191951156,1.1341697530796304,1.124653028247349,-0.43398996547289204,0.0409243797192927,-0.6328943491630195
15026.37374427816,0.8380263217656465,0.9204003257130883,-0.040247180977712446,0.03348263620531652,-0.518168258709034,1.2212108618924624,1.0966459343000612,0.07913450455326909,0.03997052807677265,-0.6181976493729106,0.515149793759194,0.9013333114369626,0.010207534701863863,0.03348263620531652,-0.518168258709034,1.1123927428723617,1.096170830522622,0.021195468367991098,0.03997052807677265,-0.6181976493729106,0.8061397431151697,0.91903904410895,0.014727442157853488,0.03348263620531652,-0.518168258709034,0.8349438906790123,1.1057007930659626,0.04470661110213925,0.03997052807677265,-0.6181976493729106,0.9023347455459371,0.9202439801774813,-0.05970552366544232,0.03348263620531652,-0.518168258709034,1.0546959439569876,1.0986048542078337,-0.34929465804154947,0.03997052807677265,-0.6181976493729106
15197.602273333327,0.8235131574402887,0.8988787299633376,-0.107689646836772,0.032695537630770814,-0.5060250033930115,1.220693463144098,1.071217956593328,0.09376328917017929,0.03903804720088758,-0.6038278541477548,0.5335066073352279,0.8802347175324337,0.023186699786369558,0.032695537630770814,-0.5060250033930115,1.0930406191725224,1.0707533749079703,0.004227270637570299,0.03903804720088758,-0.6038278541477548,0.8394779070371555,0.8975476457184834,-0.02550589536626069,0.032695537630770814,-0.5060250033930115,0.7511078265096582,1.0800722861449903,-0.00992944600813317,0.03903804720088758,-0.6038278541477548,0.925315572599151,0.8987258526255849,-0.04856841260670172,0.032695537630770814,-0.5060250033930115,1.066432883468346,1.0731334928818521,-0.3470049313347434,0.03903804720088758,-0.6038278541477548
15370.7819856654,0.770979139792104,0.8778345968851233,0.015998592256628655,0.031926079734737434,-0.49415223725945173,1.142344449295507,1.0463531910965345,0.06148620455174736,0.03812645904444614,-0.589777746320109,0.47249743441519026,0.8596042916355142,-0.011016932197832063,0.031926079734737434,-0.49415223725945173,1.0520644664516245,1.0458989007300266,0.03502152472929417,0.03812645904444614,-0.589777746320109,0.7923162768642221,0.8765330465323615,-0.05784232331687511,0.031926079734737434,-0.49415223725945173,0.7420916231294488,1.0550113892963997,0.03724046765324118,0.03812645904444614,-0.589777746320109,0.9041872765051172,0.877685111545829,-0.015004263748664565,0.031926079734737434,-0.49415223725945173,1.0927535247483122,1.0482262952556596,-0.20915601273196205,0.03812645904444614,-0.589777746320109
15545.935115397406,0.8437794386751103,0.8572574350033763,0.0708750600419273,0.031173867931177244,-0.4825439784356244,1.0400863620701415,1.0220392838410477,0.08582051812947611,0.03723529625360804,-0.5760402665380936,0.4841063066746734,0.8394317444242066,-0.05208610166224281,0.031173867931177244,-0.4825439784356244,1.0283657336910563,1.0215950590272507,-0.023685245922714628,0.03723529625360804,-0.5760402665380936,0.8224242475691227,0.8559847695035345,0.027858631429134362,0.031173867931177244,-0.4825439784356244,0.9444537402844393,1.0305056531360957,0.04999775608617085,0.03723529625360804,-0.5760402665380936,0.936846914032356,0.8571112671201753,-0.012187432302262019,0.031173867931177244,-0.4825439784356244,1.1552354120795074,1.023870886716461,-0.06305178700692227,0.03723529625360804,-0.5760402665380936
15723.084150014634,0.8583500846560812,0.8371369810303788,0.13153559082916583,0.030438516466417095,-0.47119437627288235,1.1100744213939358,0.9982641489390758,0.045717739605300234,0.03636410192946557,-0.5626085098720748,0.4943223231714576,0.8197070104341673,-0.05074029270090341,0.030438516466417095,-0.47119437627288235,0.9847050776860504,0.9978297688116649,-0.028921024170693456,0.03636410192946557,-0.5626085098720748,0.7968660296709146,0.8358925654632945,0.011662386520517543,0.030438516466417095,-0.47119437627288235,0.9695810319264897,1.0065428984046776,0.020202106674542364,0.03636410192946557,-0.5626085098720748,0.9265440014028504,0.836994057682484,0.05678957439906576,0.030438516466417095,-0.47119437627288235,1.0918220759113682,1.000055161174454,-0.022030298536391824,0.03636410192946557,-0.5626085098720748
15902.251833251768,0.791813013221436,0.8174631949784643,0.12297777973231601,0.02971964822216511,-0.46009770851722864,1.0309056460019157,0.9750159628411061,-0.024596879714342212,0.035512429394978895,-0.5494757224933378,0.4276082153877759,0.8004202432640423,-0.025042462854541925,0.02971964822216511,-0.46009770851722864,0.9944589215876212,0.9745912113286355,-0.017001267206095107,0.035512429394978895,-0.5494757224933378,0.8004579355310518,0.8162464082405538,0.06024744945503835,0.02971964822216511,-0.46009770851722864,0.9817796034680573,0.9831112101811189,0.011496883754343656,0.035512429394978895,-0.5494757224933378,0.8390937952216694,0.8173234448318871,0.053711801265709985,0.02971964822216511,-0.46009770851722864,1.0505582750813127,0.9767672753108922,-0.10432148502817173,0.035512429394978895,-0.5494757224933378
16083.461168012884,0.8496069029155751,0.798226255377289,0.14560031813867919,0.029016894522918918,-0.4492483785398791,1.0908119821913687,0.9522831587165768,0.09232215924118037,0.03467984196707313,-0.5366352984231703,0.3673571276612733,0.7815618108834911,-0.01654769058289196,0.029016894522918918,-0.4492483785398791,0.9582974901776913,0.9518678244397639,-0.00449893660525639,0.03467984196707313,-0.5366352984231703,0.8085207151710868,0.7970364898856452,0.0808398803585012,0.029016894522918918,-0.4492483785398791,0.919482886972327,0.9601989322205494,0.031190363030301427,0.03467984196707313,-0.5366352984231703,0.803060287793007,0.7980896086509026,0.037938692557610315,0.029016894522918918,-0.4492483785398791,0.9759690927456661,0.9539956429494387,-0.145227426230085,0.03467984196707313,-0.5366352984231703
16266.735419324708,0.768288380823549,0.7794165545935077,0.041043734036747395,0.028329894947657752,-0.43864091262657107,1.1172611007137938,0.930054420954948,0.09118124939957084,0.03386591273377907,-0.5240807763509029,0.3426128893335068,0.7631222910414575,-0.04957666613266787,0.028329894947657752,-0.43864091262657107,0.9468767553415729,0.9296482971261787,0.06255811191204948,0.03386591273377907,-0.5240807763509029,0.815422931623987,0.778253215996292,0.07908608615328683,0.028329894947657752,-0.43864091262657107,0.8594317838659062,0.9377946614133599,-0.004657478946697324,0.03386591273377907,-0.5240807763509029,0.7884230284805701,0.7792829430257465,0.06590694732101135,0.028329894947657752,-0.43864091262657107,0.9548018480796843,0.9317289295481547,-0.06087997223200747,0.03386591273377907,-0.5240807763509029
16452.098117323694,0.6907218714199568,0.7610246942504985,0.007555661064770305,0.02765829714573364,-0.4282699573243979,0.9472614687770432,0.9083186797847396,-0.016672649881056434,0.03307022433638404,-0.5118058365193848,0.3753279223353068,0.7450924667726911,-0.030242509988794297,0.02765829714573364,-0.4282699573243979,0.8137794231059763,0.9079215641096958,-0.07359625148346631,0.03307022433638404,-0.5118058365193848,0.8190425537336935,0.7598872011435263,0.022866425327700113,0.02765829714573364,-0.4282699573243979,0.8574372685230376,0.9158872423631264,0.0019953744033998078,0.03307022433638404,-0.5118058365193848,0.7314381387654952,0.760894051066835,0.06628799610599537,0.02765829714573364,-0.4282699573243979,0.9932571448509593,0.9099560468096485,-0.0702286045211149,0.03307022433638404,-0.5118058365193848
16639.5730602768,0.7471299616133502,0.7430414807460344,0.055491001975006185,0.02700175665688325,-0.418130276844954,0.770086371642183,0.8870651060079304,-0.16208326518882032,0.032292368756383416,-0.499804297676526,0.35545133660876754,0.7274633220002115,0.003831766596865349,0.02700175665688325,-0.418130276844954,0.8114229631128493,0.8866768005893689,-0.06813272808772645,0.032292368756383416,-0.499804297676526,0.7768523495397929,0.7419292643954379,0.014757512177433596,0.02700175665688325,-0.418130276844954,0.8641937309634411,0.894465762080892,0.03739861769198427,0.032292368756383416,-0.499804297676526,0.7190194455565878,0.7429137406271119,0.07913593552497425,0.02700175665688325,-0.418130276844954,0.9531256766720213,0.8886661474067963,-0.04933596132770535,0.032292368756383416,-0.499804297676526
16829.184317637024,0.7753433556397591,0.7254579208656676,0.04376869359612752,0.02635993673522361,-0.4082167505226172,0.7598865466816208,0.8662831058472464,-0.09663242063284472,0.03153194710718671,-0.48807011409145495,0.28651421413352335,0.7102260372317191,-0.07424863750537247,0.02635993673522361,-0.4082167505226172,0.8539060420234312,0.8659034170908251,0.015552284045415163,0.03153194710718671,-0.48807011409145495,0.7378493747002451,0.7243704249364575,-0.03155172287281138,0.02635993673522361,-0.4082167505226172,0.9704010476756846,0.8735195447931082,0.08639090862859788,0.03153194710718671,-0.48807011409145495,0.7279465909577935,0.7253330199161429,0.045346386170383474,0.02635993673522361,-0.4082167505226172,0.8338472163047024,0.867848619821519,0.01752630721270987,0.03153194710718671,-0.48807011409145495
17020.956233133573,0.723462903909539,0.7082652174898205,0.02046252371279718,0.02573250817720335,-0.39852437032681715,0.7166038484252121,0.8459623159039027,-0.10957372653199926,0.030788569430491117,-0.47659737263394286,0.2870259919546903,0.693371985347788,-0.050186630070334304,0.02573250817720335,-0.39852437032681715,0.9176048178852048,0.8455910544260061,0.06365917068839173,0.030788569430491117,-0.47659737263394286,0.757267117350937,0.7072018977802514,-0.003717376459902,0.02573250817720335,-0.39852437032681715,0.8270900229547085,0.853038146860903,0.09877436501992776,0.030788569430491117,-0.47659737263394286,0.6768930682650142,0.7081430932078292,-0.009726389046370437,0.02573250817720335,-0.39852437032681715,0.8118345787401553,0.8474930832941846,0.09037384202660204,0.030788569430491117,-0.47659737263394286
17214.913427897318,0.7394144651211294,0.6914547653924451,0.06137663042471371,0.025119149153361074,-0.38904823842715297,0.8576036259769745,0.82609259822332,0.03334648763842096,0.030061854497125912,-0.4653802899157547,0.3296261445681146,0.6768927274799609,-0.030225399299761535,0.025119149153361074,-0.38904823842715297,0.8282467591577136,0.8257295787608877,0.027814158387918085,0.030061854497125912,-0.4653802899157547,0.749188096719385,0.6904150895740544,0.03247299476414989,0.025119149153361074,-0.38904823842715297,0.8082554698054079,0.8330113518081896,0.07212488899452651,0.030061854497125912,-0.4653802899157547,0.767967679938747,0.6913353566397683,0.050774198875970816,0.025119149153361074,-0.38904823842715297,0.7088135415301566,0.8275893828812189,-0.0010382673026849698,0.030061854497125912,-0.4653802899157547
17411.08080362184,0.6566161913486541,0.6750181471293236,0.06290200710374745,0.02451954504384944,-0.3797835648102845,0.8365415683862737,0.806664035466551,0.04972103239920045,0.02935142961241057,-0.4544132094926387,0.30022410985236686,0.66078000897669,0.027636758697967223,0.02451954504384944,-0.3797835648102845,0.9708861469365422,0.8063090767888066,0.07845286871857034,0.02935142961241057,-0.4544132094926387,0.7425119108313275,0.6740015944925051,0.03298783553677731,0.02451954504384944,-0.3797835648102845,0.796719920060843,0.8134291654563417,0.09745132858715166,0.02935142961241057,-0.4544132094926387,0.7077428993825853,0.6749013941021619,-0.02265980185572722,0.02451954504384944,-0.3797835648102845,0.7109773825629888,0.8081275846185476,-0.061046499360780215,0.02935142961241057,-0.4544132094926387
17609.48354576048,0.6715800281134927,0.6589471290140182,0.08079200705128227,0.023933388277655544,-0.3707256649474833,0.9415130086963935,0.7876669261850372,0.11465318046873108,0.028656930425783673,-0.4436905991256731,0.24257847681204364,0.6450257554552536,0.033516989292875166,0.023933388277655544,-0.3707256649474833,0.9274904794467167,0.7873198510071306,-0.001896163207438165,0.028656930425783673,-0.4436905991256731,0.6919639298718238,0.6579531902190221,0.056344000659266924,0.023933388277655544,-0.3707256649474833,0.7757020414272109,0.7942818111628603,0.16990765741550007,0.028656930425783673,-0.4436905991256731,0.6680322812502707,0.6588329732143876,-0.007932695173039045,0.023933388277655544,-0.3707256649474833,0.6413757802145008,0.7890979707885594,-0.03657862465705608,0.028656930425783673,-0.4436905991256731
17810.147126759846,0.6308316317181204,0.6432336571795593,0.04637218708294395,0.023360378175370723,-0.36186995751182327,0.7986169626180698,0.7690917801964237,0.04452976747831172,0.027978000744706612,-0.43320704810067995,0.2283588059719875,0.6296220689377661,0.014538727524962325,0.023360378175370723,-0.36186995751182327,0.896229858756171,0.7687524150949132,-0.0014377334227307168,0.027978000744706612,-0.43320704810067995,0.692276851234871,0.642261834012794,0.06306472500585991,0.023360378175370723,-0.36186995751182327,0.6201760659486606,0.775559725162101,0.07684062821054738,0.027978000744706612,-0.43320704810067995,0.6216282219979922,0.6431220413873087,-0.014539574992710053,0.023360378175370723,-0.36186995751182327,0.7342920085577924,0.7704910352883487,-0.11888365609601936,0.027978000744706612,-0.43320704810067995
18013.097309330173,0.5270401157880757,0.6278698537240452,-0.08907886958923387,0.022800220795483207,-0.3532119621439689,0.8877373250612451,0.7509293140592871,0.022921524765424972,0.027314292352706545,-0.4229572646045834,0.2695761423400547,0.6145612240694827,0.053260865552386405,0.022800220795483207,-0.3532119621439689,0.7405613815968364,0.7505974893894262,-0.05043686444398169,0.027314292352706545,-0.4229572646045834,0.6317079701080303,0.62691965885957,0.04753535450572011,0.022800220795483207,-0.3532119621439689,0.6119331290542771,0.7572535520055029,0.025631845673142806,0.027314292352706545,-0.4229572646045834,0.574903639493383,0.6277607219694645,-0.03609131626222925,0.022800220795483207,-0.3532119621439689,0.6905680632249032,0.7522974790969401,-0.12322491390766532,0.027314292352706545,-0.4229572646045834
18218.36014975291,0.5858030254102682,0.6128480129382897,-0.01340887310831522,0.022252628784120196,-0.3447472972655402,0.8368898597236766,0.7331704466445254,0.037526218388388766,0.026665464831476124,-0.412936073157414,0.2294521247809072,0.5998356644175944,0.05300786659337342,0.022252628784120196,-0.3447472972655402,0.7175364234194737,0.7328459964593153,-0.028482525228008128,0.026665464831476124,-0.412936073157414,0.5642084868059015,0.6119189697043872,-0.0018373758527078232,0.022252628784120196,-0.3447472972655402,0.5719097480069326,0.7393541400993177,0.05072737678706929,0.026665464831476124,-0.412936073157414,0.5605977580904001,0.6127413104752968,-0.011636439797878845,0.022252628784120196,-0.3447472972655402,0.6585624736160278,0.7345082058394324,-0.21759428726226093,0.026665464831476124,-0.412936073157414
18425.962001226046,0.6345006944057909,0.5981605976137785,0.06746075706691042,0.021717321228134513,-0.33647167793908617,0.8561003179832803,0.7158062948013472,0.11078833100774232,0.026031185386946196,-0.40313841209887114,0.15553897788841337,0.5854379988487736,0.02671895474575814,0.021717321228134513,-0.33647167793908617,0.7286834498330483,0.7154890567723187,-0.031142538588555126,0.026031185386946196,-0.40313841209887114,0.5279327344036971,0.5972522397645069,-0.030128169988144493,0.021717321228134513,-0.33647167793908617,0.5787639070066657,0.7218525373376606,0.052473057530768585,0.026031185386946196,-0.40313841209887114,0.587428815556199,0.5980562708936852,0.002918261311585374,0.021717321228134513,-0.33647167793908617,0.5927688824259094,0.717114317445846,-0.24541423503169457,0.026031185386946196,-0.40313841209887114
18635.929517247514,0.4955759650333323,0.5838002354291978,-0.07798505502314217,0.02119402351146492,-0.32838091377369766,0.7505190235432054,0.6988281691157583,0.00041260502491169415,0.025411128679222197,-0.39355933112827235,0.1668776164290669,0.571360997983813,0.02387232305021081,0.02119402351146492,-0.32838091377369766,0.6399657212586289,0.6985179844554432,-0.035865340819612825,0.025411128679222197,-0.39355933112827235,0.5177276239047209,0.582912106920763,-0.028078191034338063,0.02119402351146492,-0.32838091377369766,0.584550559363274,0.7047399868288002,0.04102356037304844,0.025411128679222197,-0.39355933112827235,0.5999424348195864,0.5836982320750244,0.014069092883364581,0.02119402351146492,-0.32838091377369766,0.6115014990840224,0.7001071099026296,-0.29255990805744747,0.025411128679222197,-0.39355933112827235
18848.28965503719,0.5922617069778229,0.5697597154138245,-0.023071045499460638,0.020682467174717858,-0.3204709068753021,0.7635028094543835,0.6822275697595347,-0.03289698270106556,0.024804976656325643,-0.38419398889679707,0.10884031569208258,0.55759759072767,0.0330218997731192,0.020682467174717858,-0.3204709068753021,0.685883460878137,0.6819242831455995,0.018686818270135817,0.024804976656325643,-0.38419398889679707,0.5160942323530321,0.5688913701857591,0.0058580297622240485,0.020682467174717858,-0.3204709068753021,0.6260831137002167,0.6880079227126035,0.055691431302577143,0.024804976656325643,-0.38419398889679707,0.5584053962427097,0.5696599841951697,0.014803221155354512,0.020682467174717858,-0.3204709068753021,0.5985377361263937,0.6834780690948501,-0.2647218139861802,0.024804976656325643,-0.38419398889679707
19063.06967899784,0.5724054159041752,0.5560319844861542,-0.06614000784264167,0.020182389777900416,-0.3127376498407257,0.7193245711858279,0.6659961824277439,-0.051049954644551865,0.02421241839166423,-0.37503765065088895,0.06413513311601587,0.5441408608733247,0.05803589617775751,0.020182389777900416,-0.3127376498407257,0.686638789337418,0.6656996419287226,0.01579952456464092,0.02421241839166423,-0.37503765065088895,0.50739482271427,0.555182986247134,0.009590772465619124,0.020182389777900416,-0.3127376498407257,0.5682072649678691,0.6716479660672214,-0.04612535010206642,0.02421241839166423,-0.37503765065088895,0.568310946890841,0.5559344752946059,0.07015972274149399,0.020182389777900416,-0.3127376498407257,0.6257329141609149,0.6672188667370017,-0.29871504331086984,0.02421241839166423,-0.37503765065088895
19280.29716421555,0.5879827921524703,0.5426101440661656,-0.12197884072266578,0.019693534766195318,-0.30517722379462164,0.6084507103961806,0.6501258743627967,-0.08581395494481925,0.023633149925076213,-0.36608568592583934,0.010376004472669786,0.5309840437778341,0.030912467070078775,0.019693534766195318,-0.30517722379462164,0.7052643651494881,0.6498359313654217,0.07348692657015028,0.023633149925076213,-0.36608568592583934,0.5053670608610069,0.5417800660843504,0.06172510084820482,0.019693534766195318,-0.30517722379462164,0.5433215901579533,0.6556519209030074,0.016905380476057275,0.023633149925076213,-0.36608568592583934,0.5382035576785901,0.5425148078911997,0.0977469016323628,0.019693534766195318,-0.30517722379462164,0.5799265067709187,0.6513213563905584,-0.410806695959965,0.023633149925076213,-0.36608568592583934
19500.0,0.5977313969849354,0.5294874467596127,-0.1616036144407757,0.019215651338754792,-0.29778579646839043,0.5015761469030925,0.6346086904632392,-0.17541295803463008,0.02306687410748249,-0.3573335662884003,-0.0037572074382538623,0.5181205231091284,0.0165042240440213,0.019215651338754792,-0.29778579646839043,0.531695634044687,0.6343251996013272,-0.07594721338585324,0.02306687410748249,-0.3573335662884003,0.576855037245965,0.5286758716574982,0.0935354829594649,0.019215651338754792,-0.29778579646839043,0.5007162422155691,0.6400117702418182,0.06323361087575918,0.02306687410748249,-0.3573335662884003,0.514441323085561,0.5293942356650502,0.07597811861918338,0.019215651338754792,-0.29778579646839043,0.61241860312281,0.6357775695664001,-0.3674195483729814,0.02306687410748249,-0.3573335662884003
